date,product_id,product_name,units_sold
2010-12-01,16237,SLEEPING CAT ERASERS,70
2010-12-02,16237,SLEEPING CAT ERASERS,360
2010-12-03,16237,SLEEPING CAT ERASERS,3
2010-12-04,16237,SLEEPING CAT ERASERS,0
2010-12-05,16237,SLEEPING CAT ERASERS,30
2010-12-06,16237,SLEEPING CAT ERASERS,7
2010-12-07,16237,SLEEPING CAT ERASERS,10
2010-12-08,16237,SLEEPING CAT ERASERS,60
2010-12-09,16237,SLEEPING CAT ERASERS,10
2010-12-10,16237,SLEEPING CAT ERASERS,18
2010-12-11,16237,SLEEPING CAT ERASERS,0
2010-12-12,16237,SLEEPING CAT ERASERS,0
2010-12-13,16237,SLEEPING CAT ERASERS,3
2010-12-14,16237,SLEEPING CAT ERASERS,2
2010-12-15,16237,SLEEPING CAT ERASERS,30
2010-12-16,16237,SLEEPING CAT ERASERS,0
2010-12-17,16237,SLEEPING CAT ERASERS,8
2010-12-18,16237,SLEEPING CAT ERASERS,0
2010-12-19,16237,SLEEPING CAT ERASERS,0
2010-12-20,16237,SLEEPING CAT ERASERS,4
2010-12-21,16237,SLEEPING CAT ERASERS,0
2010-12-22,16237,SLEEPING CAT ERASERS,0
2010-12-23,16237,SLEEPING CAT ERASERS,0
2010-12-24,16237,SLEEPING CAT ERASERS,0
2010-12-25,16237,SLEEPING CAT ERASERS,0
2010-12-26,16237,SLEEPING CAT ERASERS,0
2010-12-27,16237,SLEEPING CAT ERASERS,0
2010-12-28,16237,SLEEPING CAT ERASERS,0
2010-12-29,16237,SLEEPING CAT ERASERS,0
2010-12-30,16237,SLEEPING CAT ERASERS,0
2010-12-31,16237,SLEEPING CAT ERASERS,0
2011-01-01,16237,SLEEPING CAT ERASERS,0
2011-01-02,16237,SLEEPING CAT ERASERS,0
2011-01-03,16237,SLEEPING CAT ERASERS,0
2011-01-04,16237,SLEEPING CAT ERASERS,1
2011-01-05,16237,SLEEPING CAT ERASERS,0
2011-01-06,16237,SLEEPING CAT ERASERS,94
2011-01-07,16237,SLEEPING CAT ERASERS,3
2011-01-08,16237,SLEEPING CAT ERASERS,0
2011-01-09,16237,SLEEPING CAT ERASERS,0
2011-01-10,16237,SLEEPING CAT ERASERS,120
2011-01-11,16237,SLEEPING CAT ERASERS,0
2011-01-12,16237,SLEEPING CAT ERASERS,1
2011-01-13,16237,SLEEPING CAT ERASERS,0
2011-01-14,16237,SLEEPING CAT ERASERS,0
2011-01-15,16237,SLEEPING CAT ERASERS,0
2011-01-16,16237,SLEEPING CAT ERASERS,0
2011-01-17,16237,SLEEPING CAT ERASERS,2
2011-01-18,16237,SLEEPING CAT ERASERS,90
2011-01-19,16237,SLEEPING CAT ERASERS,0
2011-01-20,16237,SLEEPING CAT ERASERS,6
2011-01-21,16237,SLEEPING CAT ERASERS,14
2011-01-22,16237,SLEEPING CAT ERASERS,0
2011-01-23,16237,SLEEPING CAT ERASERS,0
2011-01-24,16237,SLEEPING CAT ERASERS,8
2011-01-25,16237,SLEEPING CAT ERASERS,30
2011-01-26,16237,SLEEPING CAT ERASERS,0
2011-01-27,16237,SLEEPING CAT ERASERS,84
2011-01-28,16237,SLEEPING CAT ERASERS,0
2011-01-29,16237,SLEEPING CAT ERASERS,0
2011-01-30,16237,SLEEPING CAT ERASERS,0
2011-01-31,16237,SLEEPING CAT ERASERS,0
2011-02-01,16237,SLEEPING CAT ERASERS,0
2011-02-02,16237,SLEEPING CAT ERASERS,6
2011-02-03,16237,SLEEPING CAT ERASERS,0
2011-02-04,16237,SLEEPING CAT ERASERS,30
2011-02-05,16237,SLEEPING CAT ERASERS,0
2011-02-06,16237,SLEEPING CAT ERASERS,0
2011-02-07,16237,SLEEPING CAT ERASERS,0
2011-02-08,16237,SLEEPING CAT ERASERS,30
2011-02-09,16237,SLEEPING CAT ERASERS,0
2011-02-10,16237,SLEEPING CAT ERASERS,0
2011-02-11,16237,SLEEPING CAT ERASERS,1
2011-02-12,16237,SLEEPING CAT ERASERS,0
2011-02-13,16237,SLEEPING CAT ERASERS,0
2011-02-14,16237,SLEEPING CAT ERASERS,30
2011-02-15,16237,SLEEPING CAT ERASERS,45
2011-02-16,16237,SLEEPING CAT ERASERS,0
2011-02-17,16237,SLEEPING CAT ERASERS,0
2011-02-18,16237,SLEEPING CAT ERASERS,2
2011-02-19,16237,SLEEPING CAT ERASERS,0
2011-02-20,16237,SLEEPING CAT ERASERS,30
2011-02-21,16237,SLEEPING CAT ERASERS,5
2011-02-22,16237,SLEEPING CAT ERASERS,10
2011-02-23,16237,SLEEPING CAT ERASERS,10
2011-02-24,16237,SLEEPING CAT ERASERS,1
2011-02-25,16237,SLEEPING CAT ERASERS,0
2011-02-26,16237,SLEEPING CAT ERASERS,0
2011-02-27,16237,SLEEPING CAT ERASERS,0
2011-02-28,16237,SLEEPING CAT ERASERS,0
2011-03-01,16237,SLEEPING CAT ERASERS,0
2011-03-02,16237,SLEEPING CAT ERASERS,0
2011-03-03,16237,SLEEPING CAT ERASERS,30
2011-03-04,16237,SLEEPING CAT ERASERS,8
2011-03-05,16237,SLEEPING CAT ERASERS,0
2011-03-06,16237,SLEEPING CAT ERASERS,0
2011-03-07,16237,SLEEPING CAT ERASERS,37
2011-03-08,16237,SLEEPING CAT ERASERS,0
2011-03-09,16237,SLEEPING CAT ERASERS,30
2011-03-10,16237,SLEEPING CAT ERASERS,0
2011-03-11,16237,SLEEPING CAT ERASERS,30
2011-03-12,16237,SLEEPING CAT ERASERS,0
2011-03-13,16237,SLEEPING CAT ERASERS,30
2011-03-14,16237,SLEEPING CAT ERASERS,0
2011-03-15,16237,SLEEPING CAT ERASERS,0
2011-03-16,16237,SLEEPING CAT ERASERS,0
2011-03-17,16237,SLEEPING CAT ERASERS,91
2011-03-18,16237,SLEEPING CAT ERASERS,0
2011-03-19,16237,SLEEPING CAT ERASERS,0
2011-03-20,16237,SLEEPING CAT ERASERS,31
2011-03-21,16237,SLEEPING CAT ERASERS,0
2011-03-22,16237,SLEEPING CAT ERASERS,31
2011-03-23,16237,SLEEPING CAT ERASERS,180
2011-03-24,16237,SLEEPING CAT ERASERS,0
2011-03-25,16237,SLEEPING CAT ERASERS,0
2011-03-26,16237,SLEEPING CAT ERASERS,0
2011-03-27,16237,SLEEPING CAT ERASERS,0
2011-03-28,16237,SLEEPING CAT ERASERS,1
2011-03-29,16237,SLEEPING CAT ERASERS,60
2011-03-30,16237,SLEEPING CAT ERASERS,1
2011-03-31,16237,SLEEPING CAT ERASERS,0
2011-04-01,16237,SLEEPING CAT ERASERS,0
2011-04-02,16237,SLEEPING CAT ERASERS,0
2011-04-03,16237,SLEEPING CAT ERASERS,0
2011-04-04,16237,SLEEPING CAT ERASERS,64
2011-04-05,16237,SLEEPING CAT ERASERS,7
2011-04-06,16237,SLEEPING CAT ERASERS,0
2011-04-07,16237,SLEEPING CAT ERASERS,0
2011-04-08,16237,SLEEPING CAT ERASERS,30
2011-04-09,16237,SLEEPING CAT ERASERS,0
2011-04-10,16237,SLEEPING CAT ERASERS,0
2011-04-11,16237,SLEEPING CAT ERASERS,30
2011-04-12,16237,SLEEPING CAT ERASERS,0
2011-04-13,16237,SLEEPING CAT ERASERS,0
2011-04-14,16237,SLEEPING CAT ERASERS,0
2011-04-15,16237,SLEEPING CAT ERASERS,30
2011-04-16,16237,SLEEPING CAT ERASERS,0
2011-04-17,16237,SLEEPING CAT ERASERS,30
2011-04-18,16237,SLEEPING CAT ERASERS,3
2011-04-19,16237,SLEEPING CAT ERASERS,1
2011-04-20,16237,SLEEPING CAT ERASERS,0
2011-04-21,16237,SLEEPING CAT ERASERS,0
2011-04-22,16237,SLEEPING CAT ERASERS,0
2011-04-23,16237,SLEEPING CAT ERASERS,0
2011-04-24,16237,SLEEPING CAT ERASERS,0
2011-04-25,16237,SLEEPING CAT ERASERS,0
2011-04-26,16237,SLEEPING CAT ERASERS,0
2011-04-27,16237,SLEEPING CAT ERASERS,0
2011-04-28,16237,SLEEPING CAT ERASERS,1
2011-04-29,16237,SLEEPING CAT ERASERS,0
2011-04-30,16237,SLEEPING CAT ERASERS,0
2011-05-01,16237,SLEEPING CAT ERASERS,0
2011-05-02,16237,SLEEPING CAT ERASERS,0
2011-05-03,16237,SLEEPING CAT ERASERS,30
2011-05-04,16237,SLEEPING CAT ERASERS,0
2011-05-05,16237,SLEEPING CAT ERASERS,43
2011-05-06,16237,SLEEPING CAT ERASERS,5
2011-05-07,16237,SLEEPING CAT ERASERS,0
2011-05-08,16237,SLEEPING CAT ERASERS,30
2011-05-09,16237,SLEEPING CAT ERASERS,0
2011-05-10,16237,SLEEPING CAT ERASERS,0
2011-05-11,16237,SLEEPING CAT ERASERS,30
2011-05-12,16237,SLEEPING CAT ERASERS,30
2011-05-13,16237,SLEEPING CAT ERASERS,30
2011-05-14,16237,SLEEPING CAT ERASERS,0
2011-05-15,16237,SLEEPING CAT ERASERS,0
2011-05-16,16237,SLEEPING CAT ERASERS,0
2011-05-17,16237,SLEEPING CAT ERASERS,4
2011-05-18,16237,SLEEPING CAT ERASERS,0
2011-05-19,16237,SLEEPING CAT ERASERS,0
2011-05-20,16237,SLEEPING CAT ERASERS,2
2011-05-21,16237,SLEEPING CAT ERASERS,0
2011-05-22,16237,SLEEPING CAT ERASERS,30
2011-05-23,16237,SLEEPING CAT ERASERS,0
2011-05-24,16237,SLEEPING CAT ERASERS,2
2011-05-25,16237,SLEEPING CAT ERASERS,30
2011-05-26,16237,SLEEPING CAT ERASERS,0
2011-05-27,16237,SLEEPING CAT ERASERS,6
2011-05-28,16237,SLEEPING CAT ERASERS,0
2011-05-29,16237,SLEEPING CAT ERASERS,0
2011-05-30,16237,SLEEPING CAT ERASERS,0
2011-05-31,16237,SLEEPING CAT ERASERS,15
2011-06-01,16237,SLEEPING CAT ERASERS,2
2011-06-02,16237,SLEEPING CAT ERASERS,0
2011-06-03,16237,SLEEPING CAT ERASERS,0
2011-06-04,16237,SLEEPING CAT ERASERS,0
2011-06-05,16237,SLEEPING CAT ERASERS,0
2011-06-06,16237,SLEEPING CAT ERASERS,0
2011-06-07,16237,SLEEPING CAT ERASERS,36
2011-06-08,16237,SLEEPING CAT ERASERS,91
2011-06-09,16237,SLEEPING CAT ERASERS,50
2011-06-10,16237,SLEEPING CAT ERASERS,0
2011-06-11,16237,SLEEPING CAT ERASERS,0
2011-06-12,16237,SLEEPING CAT ERASERS,0
2011-06-13,16237,SLEEPING CAT ERASERS,1
2011-06-14,16237,SLEEPING CAT ERASERS,1
2011-06-15,16237,SLEEPING CAT ERASERS,4
2011-06-16,16237,SLEEPING CAT ERASERS,30
2011-06-17,16237,SLEEPING CAT ERASERS,0
2011-06-18,16237,SLEEPING CAT ERASERS,0
2011-06-19,16237,SLEEPING CAT ERASERS,0
2011-06-20,16237,SLEEPING CAT ERASERS,1
2011-06-21,16237,SLEEPING CAT ERASERS,0
2011-06-22,16237,SLEEPING CAT ERASERS,30
2011-06-23,16237,SLEEPING CAT ERASERS,1
2011-06-24,16237,SLEEPING CAT ERASERS,15
2011-06-25,16237,SLEEPING CAT ERASERS,0
2011-06-26,16237,SLEEPING CAT ERASERS,0
2011-06-27,16237,SLEEPING CAT ERASERS,6
2011-06-28,16237,SLEEPING CAT ERASERS,0
2011-06-29,16237,SLEEPING CAT ERASERS,2
2011-06-30,16237,SLEEPING CAT ERASERS,0
2011-07-01,16237,SLEEPING CAT ERASERS,30
2011-07-02,16237,SLEEPING CAT ERASERS,0
2011-07-03,16237,SLEEPING CAT ERASERS,0
2011-07-04,16237,SLEEPING CAT ERASERS,7
2011-07-05,16237,SLEEPING CAT ERASERS,0
2011-07-06,16237,SLEEPING CAT ERASERS,91
2011-07-07,16237,SLEEPING CAT ERASERS,6
2011-07-08,16237,SLEEPING CAT ERASERS,0
2011-07-09,16237,SLEEPING CAT ERASERS,0
2011-07-10,16237,SLEEPING CAT ERASERS,0
2011-07-11,16237,SLEEPING CAT ERASERS,1
2011-07-12,16237,SLEEPING CAT ERASERS,30
2011-07-13,16237,SLEEPING CAT ERASERS,0
2011-07-14,16237,SLEEPING CAT ERASERS,1
2011-07-15,16237,SLEEPING CAT ERASERS,11
2011-07-16,16237,SLEEPING CAT ERASERS,0
2011-07-17,16237,SLEEPING CAT ERASERS,30
2011-07-18,16237,SLEEPING CAT ERASERS,35
2011-07-19,16237,SLEEPING CAT ERASERS,0
2011-07-20,16237,SLEEPING CAT ERASERS,6
2011-07-21,16237,SLEEPING CAT ERASERS,60
2011-07-22,16237,SLEEPING CAT ERASERS,0
2011-07-23,16237,SLEEPING CAT ERASERS,0
2011-07-24,16237,SLEEPING CAT ERASERS,0
2011-07-25,16237,SLEEPING CAT ERASERS,1
2011-07-26,16237,SLEEPING CAT ERASERS,31
2011-07-27,16237,SLEEPING CAT ERASERS,0
2011-07-28,16237,SLEEPING CAT ERASERS,0
2011-07-29,16237,SLEEPING CAT ERASERS,0
2011-07-30,16237,SLEEPING CAT ERASERS,0
2011-07-31,16237,SLEEPING CAT ERASERS,30
2011-08-01,16237,SLEEPING CAT ERASERS,0
2011-08-02,16237,SLEEPING CAT ERASERS,1
2011-08-03,16237,SLEEPING CAT ERASERS,0
2011-08-04,16237,SLEEPING CAT ERASERS,0
2011-08-05,16237,SLEEPING CAT ERASERS,1
2011-08-06,16237,SLEEPING CAT ERASERS,0
2011-08-07,16237,SLEEPING CAT ERASERS,0
2011-08-08,16237,SLEEPING CAT ERASERS,0
2011-08-09,16237,SLEEPING CAT ERASERS,0
2011-08-10,16237,SLEEPING CAT ERASERS,0
2011-08-11,16237,SLEEPING CAT ERASERS,0
2011-08-12,16237,SLEEPING CAT ERASERS,0
2011-08-13,16237,SLEEPING CAT ERASERS,0
2011-08-14,16237,SLEEPING CAT ERASERS,0
2011-08-15,16237,SLEEPING CAT ERASERS,0
2011-08-16,16237,SLEEPING CAT ERASERS,30
2011-08-17,16237,SLEEPING CAT ERASERS,0
2011-08-18,16237,SLEEPING CAT ERASERS,60
2011-08-19,16237,SLEEPING CAT ERASERS,30
2011-08-20,16237,SLEEPING CAT ERASERS,0
2011-08-21,16237,SLEEPING CAT ERASERS,0
2011-08-22,16237,SLEEPING CAT ERASERS,30
2011-08-23,16237,SLEEPING CAT ERASERS,0
2011-08-24,16237,SLEEPING CAT ERASERS,30
2011-08-25,16237,SLEEPING CAT ERASERS,60
2011-08-26,16237,SLEEPING CAT ERASERS,0
2011-08-27,16237,SLEEPING CAT ERASERS,0
2011-08-28,16237,SLEEPING CAT ERASERS,0
2011-08-29,16237,SLEEPING CAT ERASERS,0
2011-08-30,16237,SLEEPING CAT ERASERS,22
2011-08-31,16237,SLEEPING CAT ERASERS,2
2011-09-01,16237,SLEEPING CAT ERASERS,30
2011-09-02,16237,SLEEPING CAT ERASERS,4
2011-09-03,16237,SLEEPING CAT ERASERS,0
2011-09-04,16237,SLEEPING CAT ERASERS,5
2011-09-05,16237,SLEEPING CAT ERASERS,0
2011-09-06,16237,SLEEPING CAT ERASERS,0
2011-09-07,16237,SLEEPING CAT ERASERS,2
2011-09-08,16237,SLEEPING CAT ERASERS,0
2011-09-09,16237,SLEEPING CAT ERASERS,0
2011-09-10,16237,SLEEPING CAT ERASERS,0
2011-09-11,16237,SLEEPING CAT ERASERS,30
2011-09-12,16237,SLEEPING CAT ERASERS,0
2011-09-13,16237,SLEEPING CAT ERASERS,3
2011-09-14,16237,SLEEPING CAT ERASERS,30
2011-09-15,16237,SLEEPING CAT ERASERS,1
2011-09-16,16237,SLEEPING CAT ERASERS,0
2011-09-17,16237,SLEEPING CAT ERASERS,0
2011-09-18,16237,SLEEPING CAT ERASERS,3
2011-09-19,16237,SLEEPING CAT ERASERS,0
2011-09-20,16237,SLEEPING CAT ERASERS,60
2011-09-21,16237,SLEEPING CAT ERASERS,3
2011-09-22,16237,SLEEPING CAT ERASERS,35
2011-09-23,16237,SLEEPING CAT ERASERS,6
2011-09-24,16237,SLEEPING CAT ERASERS,0
2011-09-25,16237,SLEEPING CAT ERASERS,0
2011-09-26,16237,SLEEPING CAT ERASERS,0
2011-09-27,16237,SLEEPING CAT ERASERS,90
2011-09-28,16237,SLEEPING CAT ERASERS,31
2011-09-29,16237,SLEEPING CAT ERASERS,0
2011-09-30,16237,SLEEPING CAT ERASERS,0
2011-10-01,16237,SLEEPING CAT ERASERS,0
2011-10-02,16237,SLEEPING CAT ERASERS,0
2011-10-03,16237,SLEEPING CAT ERASERS,5
2011-10-04,16237,SLEEPING CAT ERASERS,40
2011-10-05,16237,SLEEPING CAT ERASERS,0
2011-10-06,16237,SLEEPING CAT ERASERS,92
2011-10-07,16237,SLEEPING CAT ERASERS,30
2011-10-08,16237,SLEEPING CAT ERASERS,0
2011-10-09,16237,SLEEPING CAT ERASERS,7
2011-10-10,16237,SLEEPING CAT ERASERS,35
2011-10-11,16237,SLEEPING CAT ERASERS,0
2011-10-12,16237,SLEEPING CAT ERASERS,0
2011-10-13,16237,SLEEPING CAT ERASERS,31
2011-10-14,16237,SLEEPING CAT ERASERS,0
2011-10-15,16237,SLEEPING CAT ERASERS,0
2011-10-16,16237,SLEEPING CAT ERASERS,0
2011-10-17,16237,SLEEPING CAT ERASERS,4
2011-10-18,16237,SLEEPING CAT ERASERS,4
2011-10-19,16237,SLEEPING CAT ERASERS,1
2011-10-20,16237,SLEEPING CAT ERASERS,1
2011-10-21,16237,SLEEPING CAT ERASERS,0
2011-10-22,16237,SLEEPING CAT ERASERS,0
2011-10-23,16237,SLEEPING CAT ERASERS,0
2011-10-24,16237,SLEEPING CAT ERASERS,0
2011-10-25,16237,SLEEPING CAT ERASERS,31
2011-10-26,16237,SLEEPING CAT ERASERS,0
2011-10-27,16237,SLEEPING CAT ERASERS,0
2011-10-28,16237,SLEEPING CAT ERASERS,0
2011-10-29,16237,SLEEPING CAT ERASERS,0
2011-10-30,16237,SLEEPING CAT ERASERS,2
2011-10-31,16237,SLEEPING CAT ERASERS,10
2011-11-01,16237,SLEEPING CAT ERASERS,30
2011-11-02,16237,SLEEPING CAT ERASERS,6
2011-11-03,16237,SLEEPING CAT ERASERS,5
2011-11-04,16237,SLEEPING CAT ERASERS,265
2011-11-05,16237,SLEEPING CAT ERASERS,0
2011-11-06,16237,SLEEPING CAT ERASERS,0
2011-11-07,16237,SLEEPING CAT ERASERS,0
2011-11-08,16237,SLEEPING CAT ERASERS,9
2011-11-09,16237,SLEEPING CAT ERASERS,32
2011-11-10,16237,SLEEPING CAT ERASERS,0
2010-12-01,17012F,ORIGAMI SANDLEWOOD INCENSE/CAND SET,2
2010-12-02,17012F,ORIGAMI SANDLEWOOD INCENSE/CAND SET,0
2010-12-03,17012F,ORIGAMI SANDLEWOOD INCENSE/CAND SET,0
2010-12-04,17012F,ORIGAMI SANDLEWOOD INCENSE/CAND SET,0
2010-12-05,17012F,ORIGAMI SANDLEWOOD INCENSE/CAND SET,0
2010-12-06,17012F,ORIGAMI SANDLEWOOD INCENSE/CAND SET,2
2010-12-07,17012F,ORIGAMI SANDLEWOOD INCENSE/CAND SET,1
2010-12-08,17012F,ORIGAMI SANDLEWOOD INCENSE/CAND SET,0
2010-12-09,17012F,ORIGAMI SANDLEWOOD INCENSE/CAND SET,0
2010-12-10,17012F,ORIGAMI SANDLEWOOD INCENSE/CAND SET,12
2010-12-11,17012F,ORIGAMI SANDLEWOOD INCENSE/CAND SET,0
2010-12-12,17012F,ORIGAMI SANDLEWOOD INCENSE/CAND SET,0
2010-12-13,17012F,ORIGAMI SANDLEWOOD INCENSE/CAND SET,0
2010-12-14,17012F,ORIGAMI SANDLEWOOD INCENSE/CAND SET,0
2010-12-15,17012F,ORIGAMI SANDLEWOOD INCENSE/CAND SET,24
2010-12-16,17012F,ORIGAMI SANDLEWOOD INCENSE/CAND SET,1
2010-12-17,17012F,ORIGAMI SANDLEWOOD INCENSE/CAND SET,0
2010-12-18,17012F,ORIGAMI SANDLEWOOD INCENSE/CAND SET,0
2010-12-19,17012F,ORIGAMI SANDLEWOOD INCENSE/CAND SET,0
2010-12-20,17012F,ORIGAMI SANDLEWOOD INCENSE/CAND SET,0
2010-12-21,17012F,ORIGAMI SANDLEWOOD INCENSE/CAND SET,0
2010-12-22,17012F,ORIGAMI SANDLEWOOD INCENSE/CAND SET,0
2010-12-23,17012F,ORIGAMI SANDLEWOOD INCENSE/CAND SET,0
2010-12-24,17012F,ORIGAMI SANDLEWOOD INCENSE/CAND SET,0
2010-12-25,17012F,ORIGAMI SANDLEWOOD INCENSE/CAND SET,0
2010-12-26,17012F,ORIGAMI SANDLEWOOD INCENSE/CAND SET,0
2010-12-27,17012F,ORIGAMI SANDLEWOOD INCENSE/CAND SET,0
2010-12-28,17012F,ORIGAMI SANDLEWOOD INCENSE/CAND SET,0
2010-12-29,17012F,ORIGAMI SANDLEWOOD INCENSE/CAND SET,0
2010-12-30,17012F,ORIGAMI SANDLEWOOD INCENSE/CAND SET,0
2010-12-31,17012F,ORIGAMI SANDLEWOOD INCENSE/CAND SET,0
2011-01-01,17012F,ORIGAMI SANDLEWOOD INCENSE/CAND SET,0
2011-01-02,17012F,ORIGAMI SANDLEWOOD INCENSE/CAND SET,0
2011-01-03,17012F,ORIGAMI SANDLEWOOD INCENSE/CAND SET,0
2011-01-04,17012F,ORIGAMI SANDLEWOOD INCENSE/CAND SET,1
2011-01-05,17012F,ORIGAMI SANDLEWOOD INCENSE/CAND SET,0
2011-01-06,17012F,ORIGAMI SANDLEWOOD INCENSE/CAND SET,2
2011-01-07,17012F,ORIGAMI SANDLEWOOD INCENSE/CAND SET,0
2011-01-08,17012F,ORIGAMI SANDLEWOOD INCENSE/CAND SET,0
2011-01-09,17012F,ORIGAMI SANDLEWOOD INCENSE/CAND SET,0
2011-01-10,17012F,ORIGAMI SANDLEWOOD INCENSE/CAND SET,0
2011-01-11,17012F,ORIGAMI SANDLEWOOD INCENSE/CAND SET,2
2011-01-12,17012F,ORIGAMI SANDLEWOOD INCENSE/CAND SET,0
2011-01-13,17012F,ORIGAMI SANDLEWOOD INCENSE/CAND SET,1
2011-01-14,17012F,ORIGAMI SANDLEWOOD INCENSE/CAND SET,0
2011-01-15,17012F,ORIGAMI SANDLEWOOD INCENSE/CAND SET,0
2011-01-16,17012F,ORIGAMI SANDLEWOOD INCENSE/CAND SET,0
2011-01-17,17012F,ORIGAMI SANDLEWOOD INCENSE/CAND SET,2
2011-01-18,17012F,ORIGAMI SANDLEWOOD INCENSE/CAND SET,0
2011-01-19,17012F,ORIGAMI SANDLEWOOD INCENSE/CAND SET,0
2011-01-20,17012F,ORIGAMI SANDLEWOOD INCENSE/CAND SET,1
2011-01-21,17012F,ORIGAMI SANDLEWOOD INCENSE/CAND SET,0
2011-01-22,17012F,ORIGAMI SANDLEWOOD INCENSE/CAND SET,0
2011-01-23,17012F,ORIGAMI SANDLEWOOD INCENSE/CAND SET,0
2011-01-24,17012F,ORIGAMI SANDLEWOOD INCENSE/CAND SET,0
2011-01-25,17012F,ORIGAMI SANDLEWOOD INCENSE/CAND SET,0
2011-01-26,17012F,ORIGAMI SANDLEWOOD INCENSE/CAND SET,0
2011-01-27,17012F,ORIGAMI SANDLEWOOD INCENSE/CAND SET,0
2011-01-28,17012F,ORIGAMI SANDLEWOOD INCENSE/CAND SET,1
2011-01-29,17012F,ORIGAMI SANDLEWOOD INCENSE/CAND SET,0
2011-01-30,17012F,ORIGAMI SANDLEWOOD INCENSE/CAND SET,0
2011-01-31,17012F,ORIGAMI SANDLEWOOD INCENSE/CAND SET,2
2011-02-01,17012F,ORIGAMI SANDLEWOOD INCENSE/CAND SET,0
2011-02-02,17012F,ORIGAMI SANDLEWOOD INCENSE/CAND SET,0
2011-02-03,17012F,ORIGAMI SANDLEWOOD INCENSE/CAND SET,0
2011-02-04,17012F,ORIGAMI SANDLEWOOD INCENSE/CAND SET,0
2011-02-05,17012F,ORIGAMI SANDLEWOOD INCENSE/CAND SET,0
2011-02-06,17012F,ORIGAMI SANDLEWOOD INCENSE/CAND SET,0
2011-02-07,17012F,ORIGAMI SANDLEWOOD INCENSE/CAND SET,0
2011-02-08,17012F,ORIGAMI SANDLEWOOD INCENSE/CAND SET,0
2011-02-09,17012F,ORIGAMI SANDLEWOOD INCENSE/CAND SET,0
2011-02-10,17012F,ORIGAMI SANDLEWOOD INCENSE/CAND SET,0
2011-02-11,17012F,ORIGAMI SANDLEWOOD INCENSE/CAND SET,0
2011-02-12,17012F,ORIGAMI SANDLEWOOD INCENSE/CAND SET,0
2011-02-13,17012F,ORIGAMI SANDLEWOOD INCENSE/CAND SET,0
2011-02-14,17012F,ORIGAMI SANDLEWOOD INCENSE/CAND SET,0
2011-02-15,17012F,ORIGAMI SANDLEWOOD INCENSE/CAND SET,0
2011-02-16,17012F,ORIGAMI SANDLEWOOD INCENSE/CAND SET,0
2011-02-17,17012F,ORIGAMI SANDLEWOOD INCENSE/CAND SET,0
2011-02-18,17012F,ORIGAMI SANDLEWOOD INCENSE/CAND SET,0
2011-02-19,17012F,ORIGAMI SANDLEWOOD INCENSE/CAND SET,0
2011-02-20,17012F,ORIGAMI SANDLEWOOD INCENSE/CAND SET,0
2011-02-21,17012F,ORIGAMI SANDLEWOOD INCENSE/CAND SET,0
2011-02-22,17012F,ORIGAMI SANDLEWOOD INCENSE/CAND SET,0
2011-02-23,17012F,ORIGAMI SANDLEWOOD INCENSE/CAND SET,1
2011-02-24,17012F,ORIGAMI SANDLEWOOD INCENSE/CAND SET,0
2011-02-25,17012F,ORIGAMI SANDLEWOOD INCENSE/CAND SET,0
2011-02-26,17012F,ORIGAMI SANDLEWOOD INCENSE/CAND SET,0
2011-02-27,17012F,ORIGAMI SANDLEWOOD INCENSE/CAND SET,0
2011-02-28,17012F,ORIGAMI SANDLEWOOD INCENSE/CAND SET,1
2011-03-01,17012F,ORIGAMI SANDLEWOOD INCENSE/CAND SET,0
2011-03-02,17012F,ORIGAMI SANDLEWOOD INCENSE/CAND SET,0
2011-03-03,17012F,ORIGAMI SANDLEWOOD INCENSE/CAND SET,0
2011-03-04,17012F,ORIGAMI SANDLEWOOD INCENSE/CAND SET,0
2011-03-05,17012F,ORIGAMI SANDLEWOOD INCENSE/CAND SET,0
2011-03-06,17012F,ORIGAMI SANDLEWOOD INCENSE/CAND SET,0
2011-03-07,17012F,ORIGAMI SANDLEWOOD INCENSE/CAND SET,1
2011-03-08,17012F,ORIGAMI SANDLEWOOD INCENSE/CAND SET,0
2011-03-09,17012F,ORIGAMI SANDLEWOOD INCENSE/CAND SET,1
2011-03-10,17012F,ORIGAMI SANDLEWOOD INCENSE/CAND SET,0
2011-03-11,17012F,ORIGAMI SANDLEWOOD INCENSE/CAND SET,0
2011-03-12,17012F,ORIGAMI SANDLEWOOD INCENSE/CAND SET,0
2011-03-13,17012F,ORIGAMI SANDLEWOOD INCENSE/CAND SET,0
2011-03-14,17012F,ORIGAMI SANDLEWOOD INCENSE/CAND SET,0
2011-03-15,17012F,ORIGAMI SANDLEWOOD INCENSE/CAND SET,0
2011-03-16,17012F,ORIGAMI SANDLEWOOD INCENSE/CAND SET,0
2011-03-17,17012F,ORIGAMI SANDLEWOOD INCENSE/CAND SET,1
2011-03-18,17012F,ORIGAMI SANDLEWOOD INCENSE/CAND SET,0
2011-03-19,17012F,ORIGAMI SANDLEWOOD INCENSE/CAND SET,0
2011-03-20,17012F,ORIGAMI SANDLEWOOD INCENSE/CAND SET,2
2011-03-21,17012F,ORIGAMI SANDLEWOOD INCENSE/CAND SET,0
2011-03-22,17012F,ORIGAMI SANDLEWOOD INCENSE/CAND SET,0
2011-03-23,17012F,ORIGAMI SANDLEWOOD INCENSE/CAND SET,0
2011-03-24,17012F,ORIGAMI SANDLEWOOD INCENSE/CAND SET,0
2011-03-25,17012F,ORIGAMI SANDLEWOOD INCENSE/CAND SET,0
2011-03-26,17012F,ORIGAMI SANDLEWOOD INCENSE/CAND SET,0
2011-03-27,17012F,ORIGAMI SANDLEWOOD INCENSE/CAND SET,2
2011-03-28,17012F,ORIGAMI SANDLEWOOD INCENSE/CAND SET,0
2011-03-29,17012F,ORIGAMI SANDLEWOOD INCENSE/CAND SET,0
2011-03-30,17012F,ORIGAMI SANDLEWOOD INCENSE/CAND SET,0
2011-03-31,17012F,ORIGAMI SANDLEWOOD INCENSE/CAND SET,0
2011-04-01,17012F,ORIGAMI SANDLEWOOD INCENSE/CAND SET,0
2011-04-02,17012F,ORIGAMI SANDLEWOOD INCENSE/CAND SET,0
2011-04-03,17012F,ORIGAMI SANDLEWOOD INCENSE/CAND SET,0
2011-04-04,17012F,ORIGAMI SANDLEWOOD INCENSE/CAND SET,0
2011-04-05,17012F,ORIGAMI SANDLEWOOD INCENSE/CAND SET,0
2011-04-06,17012F,ORIGAMI SANDLEWOOD INCENSE/CAND SET,0
2011-04-07,17012F,ORIGAMI SANDLEWOOD INCENSE/CAND SET,0
2011-04-08,17012F,ORIGAMI SANDLEWOOD INCENSE/CAND SET,0
2011-04-09,17012F,ORIGAMI SANDLEWOOD INCENSE/CAND SET,0
2011-04-10,17012F,ORIGAMI SANDLEWOOD INCENSE/CAND SET,0
2011-04-11,17012F,ORIGAMI SANDLEWOOD INCENSE/CAND SET,0
2011-04-12,17012F,ORIGAMI SANDLEWOOD INCENSE/CAND SET,0
2011-04-13,17012F,ORIGAMI SANDLEWOOD INCENSE/CAND SET,0
2011-04-14,17012F,ORIGAMI SANDLEWOOD INCENSE/CAND SET,0
2011-04-15,17012F,ORIGAMI SANDLEWOOD INCENSE/CAND SET,0
2011-04-16,17012F,ORIGAMI SANDLEWOOD INCENSE/CAND SET,0
2011-04-17,17012F,ORIGAMI SANDLEWOOD INCENSE/CAND SET,0
2011-04-18,17012F,ORIGAMI SANDLEWOOD INCENSE/CAND SET,0
2011-04-19,17012F,ORIGAMI SANDLEWOOD INCENSE/CAND SET,1
2011-04-20,17012F,ORIGAMI SANDLEWOOD INCENSE/CAND SET,0
2011-04-21,17012F,ORIGAMI SANDLEWOOD INCENSE/CAND SET,0
2011-04-22,17012F,ORIGAMI SANDLEWOOD INCENSE/CAND SET,0
2011-04-23,17012F,ORIGAMI SANDLEWOOD INCENSE/CAND SET,0
2011-04-24,17012F,ORIGAMI SANDLEWOOD INCENSE/CAND SET,0
2011-04-25,17012F,ORIGAMI SANDLEWOOD INCENSE/CAND SET,0
2011-04-26,17012F,ORIGAMI SANDLEWOOD INCENSE/CAND SET,0
2011-04-27,17012F,ORIGAMI SANDLEWOOD INCENSE/CAND SET,0
2011-04-28,17012F,ORIGAMI SANDLEWOOD INCENSE/CAND SET,1
2011-04-29,17012F,ORIGAMI SANDLEWOOD INCENSE/CAND SET,0
2011-04-30,17012F,ORIGAMI SANDLEWOOD INCENSE/CAND SET,0
2011-05-01,17012F,ORIGAMI SANDLEWOOD INCENSE/CAND SET,0
2011-05-02,17012F,ORIGAMI SANDLEWOOD INCENSE/CAND SET,0
2011-05-03,17012F,ORIGAMI SANDLEWOOD INCENSE/CAND SET,0
2011-05-04,17012F,ORIGAMI SANDLEWOOD INCENSE/CAND SET,0
2011-05-05,17012F,ORIGAMI SANDLEWOOD INCENSE/CAND SET,1
2011-05-06,17012F,ORIGAMI SANDLEWOOD INCENSE/CAND SET,0
2011-05-07,17012F,ORIGAMI SANDLEWOOD INCENSE/CAND SET,0
2011-05-08,17012F,ORIGAMI SANDLEWOOD INCENSE/CAND SET,0
2011-05-09,17012F,ORIGAMI SANDLEWOOD INCENSE/CAND SET,0
2011-05-10,17012F,ORIGAMI SANDLEWOOD INCENSE/CAND SET,0
2011-05-11,17012F,ORIGAMI SANDLEWOOD INCENSE/CAND SET,0
2011-05-12,17012F,ORIGAMI SANDLEWOOD INCENSE/CAND SET,0
2011-05-13,17012F,ORIGAMI SANDLEWOOD INCENSE/CAND SET,1
2011-05-14,17012F,ORIGAMI SANDLEWOOD INCENSE/CAND SET,0
2011-05-15,17012F,ORIGAMI SANDLEWOOD INCENSE/CAND SET,0
2011-05-16,17012F,ORIGAMI SANDLEWOOD INCENSE/CAND SET,0
2011-05-17,17012F,ORIGAMI SANDLEWOOD INCENSE/CAND SET,0
2011-05-18,17012F,ORIGAMI SANDLEWOOD INCENSE/CAND SET,0
2011-05-19,17012F,ORIGAMI SANDLEWOOD INCENSE/CAND SET,0
2011-05-20,17012F,ORIGAMI SANDLEWOOD INCENSE/CAND SET,0
2011-05-21,17012F,ORIGAMI SANDLEWOOD INCENSE/CAND SET,0
2011-05-22,17012F,ORIGAMI SANDLEWOOD INCENSE/CAND SET,0
2011-05-23,17012F,ORIGAMI SANDLEWOOD INCENSE/CAND SET,0
2011-05-24,17012F,ORIGAMI SANDLEWOOD INCENSE/CAND SET,0
2011-05-25,17012F,ORIGAMI SANDLEWOOD INCENSE/CAND SET,0
2011-05-26,17012F,ORIGAMI SANDLEWOOD INCENSE/CAND SET,0
2011-05-27,17012F,ORIGAMI SANDLEWOOD INCENSE/CAND SET,0
2011-05-28,17012F,ORIGAMI SANDLEWOOD INCENSE/CAND SET,0
2011-05-29,17012F,ORIGAMI SANDLEWOOD INCENSE/CAND SET,0
2011-05-30,17012F,ORIGAMI SANDLEWOOD INCENSE/CAND SET,0
2011-05-31,17012F,ORIGAMI SANDLEWOOD INCENSE/CAND SET,0
2011-06-01,17012F,ORIGAMI SANDLEWOOD INCENSE/CAND SET,0
2011-06-02,17012F,ORIGAMI SANDLEWOOD INCENSE/CAND SET,0
2011-06-03,17012F,ORIGAMI SANDLEWOOD INCENSE/CAND SET,0
2011-06-04,17012F,ORIGAMI SANDLEWOOD INCENSE/CAND SET,0
2011-06-05,17012F,ORIGAMI SANDLEWOOD INCENSE/CAND SET,0
2011-06-06,17012F,ORIGAMI SANDLEWOOD INCENSE/CAND SET,0
2011-06-07,17012F,ORIGAMI SANDLEWOOD INCENSE/CAND SET,1
2011-06-08,17012F,ORIGAMI SANDLEWOOD INCENSE/CAND SET,0
2011-06-09,17012F,ORIGAMI SANDLEWOOD INCENSE/CAND SET,0
2011-06-10,17012F,ORIGAMI SANDLEWOOD INCENSE/CAND SET,0
2011-06-11,17012F,ORIGAMI SANDLEWOOD INCENSE/CAND SET,0
2011-06-12,17012F,ORIGAMI SANDLEWOOD INCENSE/CAND SET,0
2011-06-13,17012F,ORIGAMI SANDLEWOOD INCENSE/CAND SET,0
2011-06-14,17012F,ORIGAMI SANDLEWOOD INCENSE/CAND SET,0
2011-06-15,17012F,ORIGAMI SANDLEWOOD INCENSE/CAND SET,0
2011-06-16,17012F,ORIGAMI SANDLEWOOD INCENSE/CAND SET,0
2011-06-17,17012F,ORIGAMI SANDLEWOOD INCENSE/CAND SET,0
2011-06-18,17012F,ORIGAMI SANDLEWOOD INCENSE/CAND SET,0
2011-06-19,17012F,ORIGAMI SANDLEWOOD INCENSE/CAND SET,0
2011-06-20,17012F,ORIGAMI SANDLEWOOD INCENSE/CAND SET,0
2011-06-21,17012F,ORIGAMI SANDLEWOOD INCENSE/CAND SET,0
2011-06-22,17012F,ORIGAMI SANDLEWOOD INCENSE/CAND SET,0
2011-06-23,17012F,ORIGAMI SANDLEWOOD INCENSE/CAND SET,0
2011-06-24,17012F,ORIGAMI SANDLEWOOD INCENSE/CAND SET,0
2011-06-25,17012F,ORIGAMI SANDLEWOOD INCENSE/CAND SET,0
2011-06-26,17012F,ORIGAMI SANDLEWOOD INCENSE/CAND SET,1
2011-06-27,17012F,ORIGAMI SANDLEWOOD INCENSE/CAND SET,0
2011-06-28,17012F,ORIGAMI SANDLEWOOD INCENSE/CAND SET,0
2011-06-29,17012F,ORIGAMI SANDLEWOOD INCENSE/CAND SET,1
2011-06-30,17012F,ORIGAMI SANDLEWOOD INCENSE/CAND SET,0
2011-07-01,17012F,ORIGAMI SANDLEWOOD INCENSE/CAND SET,0
2011-07-02,17012F,ORIGAMI SANDLEWOOD INCENSE/CAND SET,0
2011-07-03,17012F,ORIGAMI SANDLEWOOD INCENSE/CAND SET,0
2011-07-04,17012F,ORIGAMI SANDLEWOOD INCENSE/CAND SET,1
2011-07-05,17012F,ORIGAMI SANDLEWOOD INCENSE/CAND SET,14
2011-07-06,17012F,ORIGAMI SANDLEWOOD INCENSE/CAND SET,0
2011-07-07,17012F,ORIGAMI SANDLEWOOD INCENSE/CAND SET,3
2011-07-08,17012F,ORIGAMI SANDLEWOOD INCENSE/CAND SET,0
2011-07-09,17012F,ORIGAMI SANDLEWOOD INCENSE/CAND SET,0
2011-07-10,17012F,ORIGAMI SANDLEWOOD INCENSE/CAND SET,0
2011-07-11,17012F,ORIGAMI SANDLEWOOD INCENSE/CAND SET,1
2011-07-12,17012F,ORIGAMI SANDLEWOOD INCENSE/CAND SET,0
2011-07-13,17012F,ORIGAMI SANDLEWOOD INCENSE/CAND SET,0
2011-07-14,17012F,ORIGAMI SANDLEWOOD INCENSE/CAND SET,0
2011-07-15,17012F,ORIGAMI SANDLEWOOD INCENSE/CAND SET,10
2011-07-16,17012F,ORIGAMI SANDLEWOOD INCENSE/CAND SET,0
2011-07-17,17012F,ORIGAMI SANDLEWOOD INCENSE/CAND SET,0
2011-07-18,17012F,ORIGAMI SANDLEWOOD INCENSE/CAND SET,2
2011-07-19,17012F,ORIGAMI SANDLEWOOD INCENSE/CAND SET,0
2011-07-20,17012F,ORIGAMI SANDLEWOOD INCENSE/CAND SET,0
2011-07-21,17012F,ORIGAMI SANDLEWOOD INCENSE/CAND SET,0
2011-07-22,17012F,ORIGAMI SANDLEWOOD INCENSE/CAND SET,0
2011-07-23,17012F,ORIGAMI SANDLEWOOD INCENSE/CAND SET,0
2011-07-24,17012F,ORIGAMI SANDLEWOOD INCENSE/CAND SET,0
2011-07-25,17012F,ORIGAMI SANDLEWOOD INCENSE/CAND SET,1
2011-07-26,17012F,ORIGAMI SANDLEWOOD INCENSE/CAND SET,24
2011-07-27,17012F,ORIGAMI SANDLEWOOD INCENSE/CAND SET,1
2011-07-28,17012F,ORIGAMI SANDLEWOOD INCENSE/CAND SET,0
2011-07-29,17012F,ORIGAMI SANDLEWOOD INCENSE/CAND SET,0
2011-07-30,17012F,ORIGAMI SANDLEWOOD INCENSE/CAND SET,0
2011-07-31,17012F,ORIGAMI SANDLEWOOD INCENSE/CAND SET,1
2011-08-01,17012F,ORIGAMI SANDLEWOOD INCENSE/CAND SET,0
2011-08-02,17012F,ORIGAMI SANDLEWOOD INCENSE/CAND SET,0
2011-08-03,17012F,ORIGAMI SANDLEWOOD INCENSE/CAND SET,0
2011-08-04,17012F,ORIGAMI SANDLEWOOD INCENSE/CAND SET,0
2011-08-05,17012F,ORIGAMI SANDLEWOOD INCENSE/CAND SET,0
2011-08-06,17012F,ORIGAMI SANDLEWOOD INCENSE/CAND SET,0
2011-08-07,17012F,ORIGAMI SANDLEWOOD INCENSE/CAND SET,0
2011-08-08,17012F,ORIGAMI SANDLEWOOD INCENSE/CAND SET,0
2011-08-09,17012F,ORIGAMI SANDLEWOOD INCENSE/CAND SET,0
2011-08-10,17012F,ORIGAMI SANDLEWOOD INCENSE/CAND SET,0
2011-08-11,17012F,ORIGAMI SANDLEWOOD INCENSE/CAND SET,0
2011-08-12,17012F,ORIGAMI SANDLEWOOD INCENSE/CAND SET,0
2011-08-13,17012F,ORIGAMI SANDLEWOOD INCENSE/CAND SET,0
2011-08-14,17012F,ORIGAMI SANDLEWOOD INCENSE/CAND SET,0
2011-08-15,17012F,ORIGAMI SANDLEWOOD INCENSE/CAND SET,0
2011-08-16,17012F,ORIGAMI SANDLEWOOD INCENSE/CAND SET,0
2011-08-17,17012F,ORIGAMI SANDLEWOOD INCENSE/CAND SET,0
2011-08-18,17012F,ORIGAMI SANDLEWOOD INCENSE/CAND SET,0
2011-08-19,17012F,ORIGAMI SANDLEWOOD INCENSE/CAND SET,0
2011-08-20,17012F,ORIGAMI SANDLEWOOD INCENSE/CAND SET,0
2011-08-21,17012F,ORIGAMI SANDLEWOOD INCENSE/CAND SET,0
2011-08-22,17012F,ORIGAMI SANDLEWOOD INCENSE/CAND SET,0
2011-08-23,17012F,ORIGAMI SANDLEWOOD INCENSE/CAND SET,0
2011-08-24,17012F,ORIGAMI SANDLEWOOD INCENSE/CAND SET,0
2011-08-25,17012F,ORIGAMI SANDLEWOOD INCENSE/CAND SET,24
2011-08-26,17012F,ORIGAMI SANDLEWOOD INCENSE/CAND SET,0
2011-08-27,17012F,ORIGAMI SANDLEWOOD INCENSE/CAND SET,0
2011-08-28,17012F,ORIGAMI SANDLEWOOD INCENSE/CAND SET,1
2011-08-29,17012F,ORIGAMI SANDLEWOOD INCENSE/CAND SET,0
2011-08-30,17012F,ORIGAMI SANDLEWOOD INCENSE/CAND SET,2
2011-08-31,17012F,ORIGAMI SANDLEWOOD INCENSE/CAND SET,0
2011-09-01,17012F,ORIGAMI SANDLEWOOD INCENSE/CAND SET,0
2011-09-02,17012F,ORIGAMI SANDLEWOOD INCENSE/CAND SET,0
2011-09-03,17012F,ORIGAMI SANDLEWOOD INCENSE/CAND SET,0
2011-09-04,17012F,ORIGAMI SANDLEWOOD INCENSE/CAND SET,0
2011-09-05,17012F,ORIGAMI SANDLEWOOD INCENSE/CAND SET,0
2011-09-06,17012F,ORIGAMI SANDLEWOOD INCENSE/CAND SET,0
2011-09-07,17012F,ORIGAMI SANDLEWOOD INCENSE/CAND SET,0
2011-09-08,17012F,ORIGAMI SANDLEWOOD INCENSE/CAND SET,0
2011-09-09,17012F,ORIGAMI SANDLEWOOD INCENSE/CAND SET,24
2011-09-10,17012F,ORIGAMI SANDLEWOOD INCENSE/CAND SET,0
2011-09-11,17012F,ORIGAMI SANDLEWOOD INCENSE/CAND SET,0
2011-09-12,17012F,ORIGAMI SANDLEWOOD INCENSE/CAND SET,0
2011-09-13,17012F,ORIGAMI SANDLEWOOD INCENSE/CAND SET,10
2011-09-14,17012F,ORIGAMI SANDLEWOOD INCENSE/CAND SET,0
2011-09-15,17012F,ORIGAMI SANDLEWOOD INCENSE/CAND SET,0
2011-09-16,17012F,ORIGAMI SANDLEWOOD INCENSE/CAND SET,0
2011-09-17,17012F,ORIGAMI SANDLEWOOD INCENSE/CAND SET,0
2011-09-18,17012F,ORIGAMI SANDLEWOOD INCENSE/CAND SET,0
2011-09-19,17012F,ORIGAMI SANDLEWOOD INCENSE/CAND SET,0
2011-09-20,17012F,ORIGAMI SANDLEWOOD INCENSE/CAND SET,0
2011-09-21,17012F,ORIGAMI SANDLEWOOD INCENSE/CAND SET,0
2011-09-22,17012F,ORIGAMI SANDLEWOOD INCENSE/CAND SET,0
2011-09-23,17012F,ORIGAMI SANDLEWOOD INCENSE/CAND SET,0
2011-09-24,17012F,ORIGAMI SANDLEWOOD INCENSE/CAND SET,0
2011-09-25,17012F,ORIGAMI SANDLEWOOD INCENSE/CAND SET,0
2011-09-26,17012F,ORIGAMI SANDLEWOOD INCENSE/CAND SET,0
2011-09-27,17012F,ORIGAMI SANDLEWOOD INCENSE/CAND SET,0
2011-09-28,17012F,ORIGAMI SANDLEWOOD INCENSE/CAND SET,0
2011-09-29,17012F,ORIGAMI SANDLEWOOD INCENSE/CAND SET,0
2011-09-30,17012F,ORIGAMI SANDLEWOOD INCENSE/CAND SET,0
2011-10-01,17012F,ORIGAMI SANDLEWOOD INCENSE/CAND SET,0
2011-10-02,17012F,ORIGAMI SANDLEWOOD INCENSE/CAND SET,6
2011-10-03,17012F,ORIGAMI SANDLEWOOD INCENSE/CAND SET,1
2011-10-04,17012F,ORIGAMI SANDLEWOOD INCENSE/CAND SET,0
2011-10-05,17012F,ORIGAMI SANDLEWOOD INCENSE/CAND SET,0
2011-10-06,17012F,ORIGAMI SANDLEWOOD INCENSE/CAND SET,0
2011-10-07,17012F,ORIGAMI SANDLEWOOD INCENSE/CAND SET,0
2011-10-08,17012F,ORIGAMI SANDLEWOOD INCENSE/CAND SET,0
2011-10-09,17012F,ORIGAMI SANDLEWOOD INCENSE/CAND SET,0
2011-10-10,17012F,ORIGAMI SANDLEWOOD INCENSE/CAND SET,0
2011-10-11,17012F,ORIGAMI SANDLEWOOD INCENSE/CAND SET,1
2011-10-12,17012F,ORIGAMI SANDLEWOOD INCENSE/CAND SET,0
2011-10-13,17012F,ORIGAMI SANDLEWOOD INCENSE/CAND SET,1
2011-10-14,17012F,ORIGAMI SANDLEWOOD INCENSE/CAND SET,0
2011-10-15,17012F,ORIGAMI SANDLEWOOD INCENSE/CAND SET,0
2011-10-16,17012F,ORIGAMI SANDLEWOOD INCENSE/CAND SET,4
2011-10-17,17012F,ORIGAMI SANDLEWOOD INCENSE/CAND SET,0
2011-10-18,17012F,ORIGAMI SANDLEWOOD INCENSE/CAND SET,0
2011-10-19,17012F,ORIGAMI SANDLEWOOD INCENSE/CAND SET,1
2011-10-20,17012F,ORIGAMI SANDLEWOOD INCENSE/CAND SET,0
2011-10-21,17012F,ORIGAMI SANDLEWOOD INCENSE/CAND SET,0
2011-10-22,17012F,ORIGAMI SANDLEWOOD INCENSE/CAND SET,0
2011-10-23,17012F,ORIGAMI SANDLEWOOD INCENSE/CAND SET,5
2011-10-24,17012F,ORIGAMI SANDLEWOOD INCENSE/CAND SET,0
2011-10-25,17012F,ORIGAMI SANDLEWOOD INCENSE/CAND SET,0
2011-10-26,17012F,ORIGAMI SANDLEWOOD INCENSE/CAND SET,0
2011-10-27,17012F,ORIGAMI SANDLEWOOD INCENSE/CAND SET,0
2011-10-28,17012F,ORIGAMI SANDLEWOOD INCENSE/CAND SET,0
2011-10-29,17012F,ORIGAMI SANDLEWOOD INCENSE/CAND SET,0
2011-10-30,17012F,ORIGAMI SANDLEWOOD INCENSE/CAND SET,24
2011-10-31,17012F,ORIGAMI SANDLEWOOD INCENSE/CAND SET,5
2011-11-01,17012F,ORIGAMI SANDLEWOOD INCENSE/CAND SET,26
2011-11-02,17012F,ORIGAMI SANDLEWOOD INCENSE/CAND SET,0
2011-11-03,17012F,ORIGAMI SANDLEWOOD INCENSE/CAND SET,0
2011-11-04,17012F,ORIGAMI SANDLEWOOD INCENSE/CAND SET,0
2011-11-05,17012F,ORIGAMI SANDLEWOOD INCENSE/CAND SET,0
2011-11-06,17012F,ORIGAMI SANDLEWOOD INCENSE/CAND SET,0
2011-11-07,17012F,ORIGAMI SANDLEWOOD INCENSE/CAND SET,0
2011-11-08,17012F,ORIGAMI SANDLEWOOD INCENSE/CAND SET,27
2011-11-09,17012F,ORIGAMI SANDLEWOOD INCENSE/CAND SET,4
2011-11-10,17012F,ORIGAMI SANDLEWOOD INCENSE/CAND SET,0
2010-12-01,21098,CHRISTMAS TOILET ROLL,61
2010-12-02,21098,CHRISTMAS TOILET ROLL,19
2010-12-03,21098,CHRISTMAS TOILET ROLL,72
2010-12-04,21098,CHRISTMAS TOILET ROLL,0
2010-12-05,21098,CHRISTMAS TOILET ROLL,7
2010-12-06,21098,CHRISTMAS TOILET ROLL,87
2010-12-07,21098,CHRISTMAS TOILET ROLL,68
2010-12-08,21098,CHRISTMAS TOILET ROLL,124
2010-12-09,21098,CHRISTMAS TOILET ROLL,35
2010-12-10,21098,CHRISTMAS TOILET ROLL,89
2010-12-11,21098,CHRISTMAS TOILET ROLL,0
2010-12-12,21098,CHRISTMAS TOILET ROLL,11
2010-12-13,21098,CHRISTMAS TOILET ROLL,12
2010-12-14,21098,CHRISTMAS TOILET ROLL,5
2010-12-15,21098,CHRISTMAS TOILET ROLL,0
2010-12-16,21098,CHRISTMAS TOILET ROLL,16
2010-12-17,21098,CHRISTMAS TOILET ROLL,64
2010-12-18,21098,CHRISTMAS TOILET ROLL,0
2010-12-19,21098,CHRISTMAS TOILET ROLL,5
2010-12-20,21098,CHRISTMAS TOILET ROLL,26
2010-12-21,21098,CHRISTMAS TOILET ROLL,10
2010-12-22,21098,CHRISTMAS TOILET ROLL,0
2010-12-23,21098,CHRISTMAS TOILET ROLL,9
2010-12-24,21098,CHRISTMAS TOILET ROLL,0
2010-12-25,21098,CHRISTMAS TOILET ROLL,0
2010-12-26,21098,CHRISTMAS TOILET ROLL,0
2010-12-27,21098,CHRISTMAS TOILET ROLL,0
2010-12-28,21098,CHRISTMAS TOILET ROLL,0
2010-12-29,21098,CHRISTMAS TOILET ROLL,0
2010-12-30,21098,CHRISTMAS TOILET ROLL,0
2010-12-31,21098,CHRISTMAS TOILET ROLL,0
2011-01-01,21098,CHRISTMAS TOILET ROLL,0
2011-01-02,21098,CHRISTMAS TOILET ROLL,0
2011-01-03,21098,CHRISTMAS TOILET ROLL,0
2011-01-04,21098,CHRISTMAS TOILET ROLL,0
2011-01-05,21098,CHRISTMAS TOILET ROLL,0
2011-01-06,21098,CHRISTMAS TOILET ROLL,0
2011-01-07,21098,CHRISTMAS TOILET ROLL,12
2011-01-08,21098,CHRISTMAS TOILET ROLL,0
2011-01-09,21098,CHRISTMAS TOILET ROLL,0
2011-01-10,21098,CHRISTMAS TOILET ROLL,2
2011-01-11,21098,CHRISTMAS TOILET ROLL,0
2011-01-12,21098,CHRISTMAS TOILET ROLL,0
2011-01-13,21098,CHRISTMAS TOILET ROLL,0
2011-01-14,21098,CHRISTMAS TOILET ROLL,0
2011-01-15,21098,CHRISTMAS TOILET ROLL,0
2011-01-16,21098,CHRISTMAS TOILET ROLL,0
2011-01-17,21098,CHRISTMAS TOILET ROLL,3
2011-01-18,21098,CHRISTMAS TOILET ROLL,0
2011-01-19,21098,CHRISTMAS TOILET ROLL,0
2011-01-20,21098,CHRISTMAS TOILET ROLL,0
2011-01-21,21098,CHRISTMAS TOILET ROLL,0
2011-01-22,21098,CHRISTMAS TOILET ROLL,0
2011-01-23,21098,CHRISTMAS TOILET ROLL,0
2011-01-24,21098,CHRISTMAS TOILET ROLL,0
2011-01-25,21098,CHRISTMAS TOILET ROLL,1
2011-01-26,21098,CHRISTMAS TOILET ROLL,0
2011-01-27,21098,CHRISTMAS TOILET ROLL,0
2011-01-28,21098,CHRISTMAS TOILET ROLL,0
2011-01-29,21098,CHRISTMAS TOILET ROLL,0
2011-01-30,21098,CHRISTMAS TOILET ROLL,0
2011-01-31,21098,CHRISTMAS TOILET ROLL,1
2011-02-01,21098,CHRISTMAS TOILET ROLL,0
2011-02-02,21098,CHRISTMAS TOILET ROLL,0
2011-02-03,21098,CHRISTMAS TOILET ROLL,0
2011-02-04,21098,CHRISTMAS TOILET ROLL,0
2011-02-05,21098,CHRISTMAS TOILET ROLL,0
2011-02-06,21098,CHRISTMAS TOILET ROLL,0
2011-02-07,21098,CHRISTMAS TOILET ROLL,0
2011-02-08,21098,CHRISTMAS TOILET ROLL,0
2011-02-09,21098,CHRISTMAS TOILET ROLL,0
2011-02-10,21098,CHRISTMAS TOILET ROLL,0
2011-02-11,21098,CHRISTMAS TOILET ROLL,0
2011-02-12,21098,CHRISTMAS TOILET ROLL,0
2011-02-13,21098,CHRISTMAS TOILET ROLL,0
2011-02-14,21098,CHRISTMAS TOILET ROLL,0
2011-02-15,21098,CHRISTMAS TOILET ROLL,0
2011-02-16,21098,CHRISTMAS TOILET ROLL,0
2011-02-17,21098,CHRISTMAS TOILET ROLL,0
2011-02-18,21098,CHRISTMAS TOILET ROLL,0
2011-02-19,21098,CHRISTMAS TOILET ROLL,0
2011-02-20,21098,CHRISTMAS TOILET ROLL,0
2011-02-21,21098,CHRISTMAS TOILET ROLL,0
2011-02-22,21098,CHRISTMAS TOILET ROLL,0
2011-02-23,21098,CHRISTMAS TOILET ROLL,0
2011-02-24,21098,CHRISTMAS TOILET ROLL,0
2011-02-25,21098,CHRISTMAS TOILET ROLL,0
2011-02-26,21098,CHRISTMAS TOILET ROLL,0
2011-02-27,21098,CHRISTMAS TOILET ROLL,0
2011-02-28,21098,CHRISTMAS TOILET ROLL,0
2011-03-01,21098,CHRISTMAS TOILET ROLL,0
2011-03-02,21098,CHRISTMAS TOILET ROLL,0
2011-03-03,21098,CHRISTMAS TOILET ROLL,0
2011-03-04,21098,CHRISTMAS TOILET ROLL,0
2011-03-05,21098,CHRISTMAS TOILET ROLL,0
2011-03-06,21098,CHRISTMAS TOILET ROLL,0
2011-03-07,21098,CHRISTMAS TOILET ROLL,0
2011-03-08,21098,CHRISTMAS TOILET ROLL,0
2011-03-09,21098,CHRISTMAS TOILET ROLL,0
2011-03-10,21098,CHRISTMAS TOILET ROLL,0
2011-03-11,21098,CHRISTMAS TOILET ROLL,0
2011-03-12,21098,CHRISTMAS TOILET ROLL,0
2011-03-13,21098,CHRISTMAS TOILET ROLL,0
2011-03-14,21098,CHRISTMAS TOILET ROLL,0
2011-03-15,21098,CHRISTMAS TOILET ROLL,0
2011-03-16,21098,CHRISTMAS TOILET ROLL,0
2011-03-17,21098,CHRISTMAS TOILET ROLL,0
2011-03-18,21098,CHRISTMAS TOILET ROLL,0
2011-03-19,21098,CHRISTMAS TOILET ROLL,0
2011-03-20,21098,CHRISTMAS TOILET ROLL,0
2011-03-21,21098,CHRISTMAS TOILET ROLL,0
2011-03-22,21098,CHRISTMAS TOILET ROLL,0
2011-03-23,21098,CHRISTMAS TOILET ROLL,0
2011-03-24,21098,CHRISTMAS TOILET ROLL,0
2011-03-25,21098,CHRISTMAS TOILET ROLL,0
2011-03-26,21098,CHRISTMAS TOILET ROLL,0
2011-03-27,21098,CHRISTMAS TOILET ROLL,0
2011-03-28,21098,CHRISTMAS TOILET ROLL,0
2011-03-29,21098,CHRISTMAS TOILET ROLL,0
2011-03-30,21098,CHRISTMAS TOILET ROLL,0
2011-03-31,21098,CHRISTMAS TOILET ROLL,0
2011-04-01,21098,CHRISTMAS TOILET ROLL,0
2011-04-02,21098,CHRISTMAS TOILET ROLL,0
2011-04-03,21098,CHRISTMAS TOILET ROLL,0
2011-04-04,21098,CHRISTMAS TOILET ROLL,0
2011-04-05,21098,CHRISTMAS TOILET ROLL,0
2011-04-06,21098,CHRISTMAS TOILET ROLL,0
2011-04-07,21098,CHRISTMAS TOILET ROLL,0
2011-04-08,21098,CHRISTMAS TOILET ROLL,0
2011-04-09,21098,CHRISTMAS TOILET ROLL,0
2011-04-10,21098,CHRISTMAS TOILET ROLL,0
2011-04-11,21098,CHRISTMAS TOILET ROLL,0
2011-04-12,21098,CHRISTMAS TOILET ROLL,0
2011-04-13,21098,CHRISTMAS TOILET ROLL,0
2011-04-14,21098,CHRISTMAS TOILET ROLL,0
2011-04-15,21098,CHRISTMAS TOILET ROLL,0
2011-04-16,21098,CHRISTMAS TOILET ROLL,0
2011-04-17,21098,CHRISTMAS TOILET ROLL,0
2011-04-18,21098,CHRISTMAS TOILET ROLL,0
2011-04-19,21098,CHRISTMAS TOILET ROLL,0
2011-04-20,21098,CHRISTMAS TOILET ROLL,0
2011-04-21,21098,CHRISTMAS TOILET ROLL,0
2011-04-22,21098,CHRISTMAS TOILET ROLL,0
2011-04-23,21098,CHRISTMAS TOILET ROLL,0
2011-04-24,21098,CHRISTMAS TOILET ROLL,0
2011-04-25,21098,CHRISTMAS TOILET ROLL,0
2011-04-26,21098,CHRISTMAS TOILET ROLL,0
2011-04-27,21098,CHRISTMAS TOILET ROLL,0
2011-04-28,21098,CHRISTMAS TOILET ROLL,0
2011-04-29,21098,CHRISTMAS TOILET ROLL,0
2011-04-30,21098,CHRISTMAS TOILET ROLL,0
2011-05-01,21098,CHRISTMAS TOILET ROLL,0
2011-05-02,21098,CHRISTMAS TOILET ROLL,0
2011-05-03,21098,CHRISTMAS TOILET ROLL,0
2011-05-04,21098,CHRISTMAS TOILET ROLL,0
2011-05-05,21098,CHRISTMAS TOILET ROLL,0
2011-05-06,21098,CHRISTMAS TOILET ROLL,0
2011-05-07,21098,CHRISTMAS TOILET ROLL,0
2011-05-08,21098,CHRISTMAS TOILET ROLL,0
2011-05-09,21098,CHRISTMAS TOILET ROLL,0
2011-05-10,21098,CHRISTMAS TOILET ROLL,0
2011-05-11,21098,CHRISTMAS TOILET ROLL,0
2011-05-12,21098,CHRISTMAS TOILET ROLL,0
2011-05-13,21098,CHRISTMAS TOILET ROLL,0
2011-05-14,21098,CHRISTMAS TOILET ROLL,0
2011-05-15,21098,CHRISTMAS TOILET ROLL,0
2011-05-16,21098,CHRISTMAS TOILET ROLL,0
2011-05-17,21098,CHRISTMAS TOILET ROLL,0
2011-05-18,21098,CHRISTMAS TOILET ROLL,0
2011-05-19,21098,CHRISTMAS TOILET ROLL,0
2011-05-20,21098,CHRISTMAS TOILET ROLL,0
2011-05-21,21098,CHRISTMAS TOILET ROLL,0
2011-05-22,21098,CHRISTMAS TOILET ROLL,0
2011-05-23,21098,CHRISTMAS TOILET ROLL,0
2011-05-24,21098,CHRISTMAS TOILET ROLL,0
2011-05-25,21098,CHRISTMAS TOILET ROLL,0
2011-05-26,21098,CHRISTMAS TOILET ROLL,0
2011-05-27,21098,CHRISTMAS TOILET ROLL,0
2011-05-28,21098,CHRISTMAS TOILET ROLL,0
2011-05-29,21098,CHRISTMAS TOILET ROLL,0
2011-05-30,21098,CHRISTMAS TOILET ROLL,0
2011-05-31,21098,CHRISTMAS TOILET ROLL,0
2011-06-01,21098,CHRISTMAS TOILET ROLL,1
2011-06-02,21098,CHRISTMAS TOILET ROLL,1
2011-06-03,21098,CHRISTMAS TOILET ROLL,0
2011-06-04,21098,CHRISTMAS TOILET ROLL,0
2011-06-05,21098,CHRISTMAS TOILET ROLL,0
2011-06-06,21098,CHRISTMAS TOILET ROLL,0
2011-06-07,21098,CHRISTMAS TOILET ROLL,0
2011-06-08,21098,CHRISTMAS TOILET ROLL,0
2011-06-09,21098,CHRISTMAS TOILET ROLL,0
2011-06-10,21098,CHRISTMAS TOILET ROLL,1
2011-06-11,21098,CHRISTMAS TOILET ROLL,0
2011-06-12,21098,CHRISTMAS TOILET ROLL,0
2011-06-13,21098,CHRISTMAS TOILET ROLL,0
2011-06-14,21098,CHRISTMAS TOILET ROLL,1
2011-06-15,21098,CHRISTMAS TOILET ROLL,0
2011-06-16,21098,CHRISTMAS TOILET ROLL,2
2011-06-17,21098,CHRISTMAS TOILET ROLL,0
2011-06-18,21098,CHRISTMAS TOILET ROLL,0
2011-06-19,21098,CHRISTMAS TOILET ROLL,0
2011-06-20,21098,CHRISTMAS TOILET ROLL,0
2011-06-21,21098,CHRISTMAS TOILET ROLL,0
2011-06-22,21098,CHRISTMAS TOILET ROLL,0
2011-06-23,21098,CHRISTMAS TOILET ROLL,0
2011-06-24,21098,CHRISTMAS TOILET ROLL,0
2011-06-25,21098,CHRISTMAS TOILET ROLL,0
2011-06-26,21098,CHRISTMAS TOILET ROLL,0
2011-06-27,21098,CHRISTMAS TOILET ROLL,0
2011-06-28,21098,CHRISTMAS TOILET ROLL,1
2011-06-29,21098,CHRISTMAS TOILET ROLL,0
2011-06-30,21098,CHRISTMAS TOILET ROLL,1
2011-07-01,21098,CHRISTMAS TOILET ROLL,0
2011-07-02,21098,CHRISTMAS TOILET ROLL,0
2011-07-03,21098,CHRISTMAS TOILET ROLL,0
2011-07-04,21098,CHRISTMAS TOILET ROLL,2
2011-07-05,21098,CHRISTMAS TOILET ROLL,1
2011-07-06,21098,CHRISTMAS TOILET ROLL,0
2011-07-07,21098,CHRISTMAS TOILET ROLL,0
2011-07-08,21098,CHRISTMAS TOILET ROLL,3
2011-07-09,21098,CHRISTMAS TOILET ROLL,0
2011-07-10,21098,CHRISTMAS TOILET ROLL,0
2011-07-11,21098,CHRISTMAS TOILET ROLL,0
2011-07-12,21098,CHRISTMAS TOILET ROLL,0
2011-07-13,21098,CHRISTMAS TOILET ROLL,0
2011-07-14,21098,CHRISTMAS TOILET ROLL,0
2011-07-15,21098,CHRISTMAS TOILET ROLL,0
2011-07-16,21098,CHRISTMAS TOILET ROLL,0
2011-07-17,21098,CHRISTMAS TOILET ROLL,0
2011-07-18,21098,CHRISTMAS TOILET ROLL,0
2011-07-19,21098,CHRISTMAS TOILET ROLL,2
2011-07-20,21098,CHRISTMAS TOILET ROLL,0
2011-07-21,21098,CHRISTMAS TOILET ROLL,12
2011-07-22,21098,CHRISTMAS TOILET ROLL,1
2011-07-23,21098,CHRISTMAS TOILET ROLL,0
2011-07-24,21098,CHRISTMAS TOILET ROLL,0
2011-07-25,21098,CHRISTMAS TOILET ROLL,0
2011-07-26,21098,CHRISTMAS TOILET ROLL,0
2011-07-27,21098,CHRISTMAS TOILET ROLL,0
2011-07-28,21098,CHRISTMAS TOILET ROLL,0
2011-07-29,21098,CHRISTMAS TOILET ROLL,0
2011-07-30,21098,CHRISTMAS TOILET ROLL,0
2011-07-31,21098,CHRISTMAS TOILET ROLL,0
2011-08-01,21098,CHRISTMAS TOILET ROLL,0
2011-08-02,21098,CHRISTMAS TOILET ROLL,24
2011-08-03,21098,CHRISTMAS TOILET ROLL,0
2011-08-04,21098,CHRISTMAS TOILET ROLL,0
2011-08-05,21098,CHRISTMAS TOILET ROLL,12
2011-08-06,21098,CHRISTMAS TOILET ROLL,0
2011-08-07,21098,CHRISTMAS TOILET ROLL,0
2011-08-08,21098,CHRISTMAS TOILET ROLL,0
2011-08-09,21098,CHRISTMAS TOILET ROLL,0
2011-08-10,21098,CHRISTMAS TOILET ROLL,0
2011-08-11,21098,CHRISTMAS TOILET ROLL,2
2011-08-12,21098,CHRISTMAS TOILET ROLL,0
2011-08-13,21098,CHRISTMAS TOILET ROLL,0
2011-08-14,21098,CHRISTMAS TOILET ROLL,0
2011-08-15,21098,CHRISTMAS TOILET ROLL,0
2011-08-16,21098,CHRISTMAS TOILET ROLL,0
2011-08-17,21098,CHRISTMAS TOILET ROLL,0
2011-08-18,21098,CHRISTMAS TOILET ROLL,0
2011-08-19,21098,CHRISTMAS TOILET ROLL,0
2011-08-20,21098,CHRISTMAS TOILET ROLL,0
2011-08-21,21098,CHRISTMAS TOILET ROLL,0
2011-08-22,21098,CHRISTMAS TOILET ROLL,0
2011-08-23,21098,CHRISTMAS TOILET ROLL,8
2011-08-24,21098,CHRISTMAS TOILET ROLL,0
2011-08-25,21098,CHRISTMAS TOILET ROLL,84
2011-08-26,21098,CHRISTMAS TOILET ROLL,24
2011-08-27,21098,CHRISTMAS TOILET ROLL,0
2011-08-28,21098,CHRISTMAS TOILET ROLL,0
2011-08-29,21098,CHRISTMAS TOILET ROLL,0
2011-08-30,21098,CHRISTMAS TOILET ROLL,10
2011-08-31,21098,CHRISTMAS TOILET ROLL,0
2011-09-01,21098,CHRISTMAS TOILET ROLL,3
2011-09-02,21098,CHRISTMAS TOILET ROLL,254
2011-09-03,21098,CHRISTMAS TOILET ROLL,0
2011-09-04,21098,CHRISTMAS TOILET ROLL,0
2011-09-05,21098,CHRISTMAS TOILET ROLL,10
2011-09-06,21098,CHRISTMAS TOILET ROLL,0
2011-09-07,21098,CHRISTMAS TOILET ROLL,39
2011-09-08,21098,CHRISTMAS TOILET ROLL,12
2011-09-09,21098,CHRISTMAS TOILET ROLL,0
2011-09-10,21098,CHRISTMAS TOILET ROLL,0
2011-09-11,21098,CHRISTMAS TOILET ROLL,73
2011-09-12,21098,CHRISTMAS TOILET ROLL,12
2011-09-13,21098,CHRISTMAS TOILET ROLL,0
2011-09-14,21098,CHRISTMAS TOILET ROLL,0
2011-09-15,21098,CHRISTMAS TOILET ROLL,1
2011-09-16,21098,CHRISTMAS TOILET ROLL,0
2011-09-17,21098,CHRISTMAS TOILET ROLL,0
2011-09-18,21098,CHRISTMAS TOILET ROLL,0
2011-09-19,21098,CHRISTMAS TOILET ROLL,12
2011-09-20,21098,CHRISTMAS TOILET ROLL,0
2011-09-21,21098,CHRISTMAS TOILET ROLL,14
2011-09-22,21098,CHRISTMAS TOILET ROLL,5
2011-09-23,21098,CHRISTMAS TOILET ROLL,3
2011-09-24,21098,CHRISTMAS TOILET ROLL,0
2011-09-25,21098,CHRISTMAS TOILET ROLL,1
2011-09-26,21098,CHRISTMAS TOILET ROLL,3
2011-09-27,21098,CHRISTMAS TOILET ROLL,0
2011-09-28,21098,CHRISTMAS TOILET ROLL,11
2011-09-29,21098,CHRISTMAS TOILET ROLL,10
2011-09-30,21098,CHRISTMAS TOILET ROLL,1200
2011-10-01,21098,CHRISTMAS TOILET ROLL,0
2011-10-02,21098,CHRISTMAS TOILET ROLL,1
2011-10-03,21098,CHRISTMAS TOILET ROLL,6
2011-10-04,21098,CHRISTMAS TOILET ROLL,9
2011-10-05,21098,CHRISTMAS TOILET ROLL,6
2011-10-06,21098,CHRISTMAS TOILET ROLL,8
2011-10-07,21098,CHRISTMAS TOILET ROLL,12
2011-10-08,21098,CHRISTMAS TOILET ROLL,0
2011-10-09,21098,CHRISTMAS TOILET ROLL,0
2011-10-10,21098,CHRISTMAS TOILET ROLL,10
2011-10-11,21098,CHRISTMAS TOILET ROLL,35
2011-10-12,21098,CHRISTMAS TOILET ROLL,6
2011-10-13,21098,CHRISTMAS TOILET ROLL,4
2011-10-14,21098,CHRISTMAS TOILET ROLL,0
2011-10-15,21098,CHRISTMAS TOILET ROLL,0
2011-10-16,21098,CHRISTMAS TOILET ROLL,0
2011-10-17,21098,CHRISTMAS TOILET ROLL,0
2011-10-18,21098,CHRISTMAS TOILET ROLL,504
2011-10-19,21098,CHRISTMAS TOILET ROLL,0
2011-10-20,21098,CHRISTMAS TOILET ROLL,0
2011-10-21,21098,CHRISTMAS TOILET ROLL,0
2011-10-22,21098,CHRISTMAS TOILET ROLL,0
2011-10-23,21098,CHRISTMAS TOILET ROLL,0
2011-10-24,21098,CHRISTMAS TOILET ROLL,0
2011-10-25,21098,CHRISTMAS TOILET ROLL,0
2011-10-26,21098,CHRISTMAS TOILET ROLL,10
2011-10-27,21098,CHRISTMAS TOILET ROLL,0
2011-10-28,21098,CHRISTMAS TOILET ROLL,0
2011-10-29,21098,CHRISTMAS TOILET ROLL,0
2011-10-30,21098,CHRISTMAS TOILET ROLL,0
2011-10-31,21098,CHRISTMAS TOILET ROLL,0
2011-11-01,21098,CHRISTMAS TOILET ROLL,0
2011-11-02,21098,CHRISTMAS TOILET ROLL,0
2011-11-03,21098,CHRISTMAS TOILET ROLL,0
2011-11-04,21098,CHRISTMAS TOILET ROLL,1
2011-11-05,21098,CHRISTMAS TOILET ROLL,0
2011-11-06,21098,CHRISTMAS TOILET ROLL,0
2011-11-07,21098,CHRISTMAS TOILET ROLL,15
2011-11-08,21098,CHRISTMAS TOILET ROLL,6
2011-11-09,21098,CHRISTMAS TOILET ROLL,5
2011-11-10,21098,CHRISTMAS TOILET ROLL,32
2010-12-01,21244,BLUE POLKADOT PLATE ,1
2010-12-02,21244,BLUE POLKADOT PLATE ,8
2010-12-03,21244,BLUE POLKADOT PLATE ,0
2010-12-04,21244,BLUE POLKADOT PLATE ,0
2010-12-05,21244,BLUE POLKADOT PLATE ,1
2010-12-06,21244,BLUE POLKADOT PLATE ,8
2010-12-07,21244,BLUE POLKADOT PLATE ,96
2010-12-08,21244,BLUE POLKADOT PLATE ,0
2010-12-09,21244,BLUE POLKADOT PLATE ,0
2010-12-10,21244,BLUE POLKADOT PLATE ,8
2010-12-11,21244,BLUE POLKADOT PLATE ,0
2010-12-12,21244,BLUE POLKADOT PLATE ,0
2010-12-13,21244,BLUE POLKADOT PLATE ,1
2010-12-14,21244,BLUE POLKADOT PLATE ,12
2010-12-15,21244,BLUE POLKADOT PLATE ,0
2010-12-16,21244,BLUE POLKADOT PLATE ,0
2010-12-17,21244,BLUE POLKADOT PLATE ,4
2010-12-18,21244,BLUE POLKADOT PLATE ,0
2010-12-19,21244,BLUE POLKADOT PLATE ,0
2010-12-20,21244,BLUE POLKADOT PLATE ,0
2010-12-21,21244,BLUE POLKADOT PLATE ,2
2010-12-22,21244,BLUE POLKADOT PLATE ,0
2010-12-23,21244,BLUE POLKADOT PLATE ,0
2010-12-24,21244,BLUE POLKADOT PLATE ,0
2010-12-25,21244,BLUE POLKADOT PLATE ,0
2010-12-26,21244,BLUE POLKADOT PLATE ,0
2010-12-27,21244,BLUE POLKADOT PLATE ,0
2010-12-28,21244,BLUE POLKADOT PLATE ,0
2010-12-29,21244,BLUE POLKADOT PLATE ,0
2010-12-30,21244,BLUE POLKADOT PLATE ,0
2010-12-31,21244,BLUE POLKADOT PLATE ,0
2011-01-01,21244,BLUE POLKADOT PLATE ,0
2011-01-02,21244,BLUE POLKADOT PLATE ,0
2011-01-03,21244,BLUE POLKADOT PLATE ,0
2011-01-04,21244,BLUE POLKADOT PLATE ,12
2011-01-05,21244,BLUE POLKADOT PLATE ,0
2011-01-06,21244,BLUE POLKADOT PLATE ,96
2011-01-07,21244,BLUE POLKADOT PLATE ,24
2011-01-08,21244,BLUE POLKADOT PLATE ,0
2011-01-09,21244,BLUE POLKADOT PLATE ,0
2011-01-10,21244,BLUE POLKADOT PLATE ,1
2011-01-11,21244,BLUE POLKADOT PLATE ,2
2011-01-12,21244,BLUE POLKADOT PLATE ,108
2011-01-13,21244,BLUE POLKADOT PLATE ,0
2011-01-14,21244,BLUE POLKADOT PLATE ,0
2011-01-15,21244,BLUE POLKADOT PLATE ,0
2011-01-16,21244,BLUE POLKADOT PLATE ,0
2011-01-17,21244,BLUE POLKADOT PLATE ,3
2011-01-18,21244,BLUE POLKADOT PLATE ,4
2011-01-19,21244,BLUE POLKADOT PLATE ,8
2011-01-20,21244,BLUE POLKADOT PLATE ,0
2011-01-21,21244,BLUE POLKADOT PLATE ,4
2011-01-22,21244,BLUE POLKADOT PLATE ,0
2011-01-23,21244,BLUE POLKADOT PLATE ,0
2011-01-24,21244,BLUE POLKADOT PLATE ,0
2011-01-25,21244,BLUE POLKADOT PLATE ,8
2011-01-26,21244,BLUE POLKADOT PLATE ,10
2011-01-27,21244,BLUE POLKADOT PLATE ,0
2011-01-28,21244,BLUE POLKADOT PLATE ,12
2011-01-29,21244,BLUE POLKADOT PLATE ,0
2011-01-30,21244,BLUE POLKADOT PLATE ,0
2011-01-31,21244,BLUE POLKADOT PLATE ,8
2011-02-01,21244,BLUE POLKADOT PLATE ,11
2011-02-02,21244,BLUE POLKADOT PLATE ,0
2011-02-03,21244,BLUE POLKADOT PLATE ,0
2011-02-04,21244,BLUE POLKADOT PLATE ,5
2011-02-05,21244,BLUE POLKADOT PLATE ,0
2011-02-06,21244,BLUE POLKADOT PLATE ,0
2011-02-07,21244,BLUE POLKADOT PLATE ,1
2011-02-08,21244,BLUE POLKADOT PLATE ,0
2011-02-09,21244,BLUE POLKADOT PLATE ,24
2011-02-10,21244,BLUE POLKADOT PLATE ,0
2011-02-11,21244,BLUE POLKADOT PLATE ,8
2011-02-12,21244,BLUE POLKADOT PLATE ,0
2011-02-13,21244,BLUE POLKADOT PLATE ,4
2011-02-14,21244,BLUE POLKADOT PLATE ,96
2011-02-15,21244,BLUE POLKADOT PLATE ,1
2011-02-16,21244,BLUE POLKADOT PLATE ,2
2011-02-17,21244,BLUE POLKADOT PLATE ,34
2011-02-18,21244,BLUE POLKADOT PLATE ,0
2011-02-19,21244,BLUE POLKADOT PLATE ,0
2011-02-20,21244,BLUE POLKADOT PLATE ,0
2011-02-21,21244,BLUE POLKADOT PLATE ,0
2011-02-22,21244,BLUE POLKADOT PLATE ,0
2011-02-23,21244,BLUE POLKADOT PLATE ,0
2011-02-24,21244,BLUE POLKADOT PLATE ,16
2011-02-25,21244,BLUE POLKADOT PLATE ,7
2011-02-26,21244,BLUE POLKADOT PLATE ,0
2011-02-27,21244,BLUE POLKADOT PLATE ,8
2011-02-28,21244,BLUE POLKADOT PLATE ,0
2011-03-01,21244,BLUE POLKADOT PLATE ,28
2011-03-02,21244,BLUE POLKADOT PLATE ,0
2011-03-03,21244,BLUE POLKADOT PLATE ,96
2011-03-04,21244,BLUE POLKADOT PLATE ,7
2011-03-05,21244,BLUE POLKADOT PLATE ,0
2011-03-06,21244,BLUE POLKADOT PLATE ,98
2011-03-07,21244,BLUE POLKADOT PLATE ,3
2011-03-08,21244,BLUE POLKADOT PLATE ,96
2011-03-09,21244,BLUE POLKADOT PLATE ,4
2011-03-10,21244,BLUE POLKADOT PLATE ,48
2011-03-11,21244,BLUE POLKADOT PLATE ,2
2011-03-12,21244,BLUE POLKADOT PLATE ,0
2011-03-13,21244,BLUE POLKADOT PLATE ,0
2011-03-14,21244,BLUE POLKADOT PLATE ,32
2011-03-15,21244,BLUE POLKADOT PLATE ,1
2011-03-16,21244,BLUE POLKADOT PLATE ,10
2011-03-17,21244,BLUE POLKADOT PLATE ,10
2011-03-18,21244,BLUE POLKADOT PLATE ,2
2011-03-19,21244,BLUE POLKADOT PLATE ,0
2011-03-20,21244,BLUE POLKADOT PLATE ,8
2011-03-21,21244,BLUE POLKADOT PLATE ,0
2011-03-22,21244,BLUE POLKADOT PLATE ,9
2011-03-23,21244,BLUE POLKADOT PLATE ,1
2011-03-24,21244,BLUE POLKADOT PLATE ,1
2011-03-25,21244,BLUE POLKADOT PLATE ,16
2011-03-26,21244,BLUE POLKADOT PLATE ,0
2011-03-27,21244,BLUE POLKADOT PLATE ,0
2011-03-28,21244,BLUE POLKADOT PLATE ,4
2011-03-29,21244,BLUE POLKADOT PLATE ,0
2011-03-30,21244,BLUE POLKADOT PLATE ,16
2011-03-31,21244,BLUE POLKADOT PLATE ,0
2011-04-01,21244,BLUE POLKADOT PLATE ,0
2011-04-02,21244,BLUE POLKADOT PLATE ,0
2011-04-03,21244,BLUE POLKADOT PLATE ,0
2011-04-04,21244,BLUE POLKADOT PLATE ,0
2011-04-05,21244,BLUE POLKADOT PLATE ,8
2011-04-06,21244,BLUE POLKADOT PLATE ,1
2011-04-07,21244,BLUE POLKADOT PLATE ,1
2011-04-08,21244,BLUE POLKADOT PLATE ,4
2011-04-09,21244,BLUE POLKADOT PLATE ,0
2011-04-10,21244,BLUE POLKADOT PLATE ,0
2011-04-11,21244,BLUE POLKADOT PLATE ,12
2011-04-12,21244,BLUE POLKADOT PLATE ,0
2011-04-13,21244,BLUE POLKADOT PLATE ,0
2011-04-14,21244,BLUE POLKADOT PLATE ,5
2011-04-15,21244,BLUE POLKADOT PLATE ,0
2011-04-16,21244,BLUE POLKADOT PLATE ,0
2011-04-17,21244,BLUE POLKADOT PLATE ,0
2011-04-18,21244,BLUE POLKADOT PLATE ,4
2011-04-19,21244,BLUE POLKADOT PLATE ,10
2011-04-20,21244,BLUE POLKADOT PLATE ,9
2011-04-21,21244,BLUE POLKADOT PLATE ,68
2011-04-22,21244,BLUE POLKADOT PLATE ,0
2011-04-23,21244,BLUE POLKADOT PLATE ,0
2011-04-24,21244,BLUE POLKADOT PLATE ,0
2011-04-25,21244,BLUE POLKADOT PLATE ,0
2011-04-26,21244,BLUE POLKADOT PLATE ,8
2011-04-27,21244,BLUE POLKADOT PLATE ,2
2011-04-28,21244,BLUE POLKADOT PLATE ,0
2011-04-29,21244,BLUE POLKADOT PLATE ,0
2011-04-30,21244,BLUE POLKADOT PLATE ,0
2011-05-01,21244,BLUE POLKADOT PLATE ,12
2011-05-02,21244,BLUE POLKADOT PLATE ,0
2011-05-03,21244,BLUE POLKADOT PLATE ,4
2011-05-04,21244,BLUE POLKADOT PLATE ,0
2011-05-05,21244,BLUE POLKADOT PLATE ,16
2011-05-06,21244,BLUE POLKADOT PLATE ,27
2011-05-07,21244,BLUE POLKADOT PLATE ,0
2011-05-08,21244,BLUE POLKADOT PLATE ,0
2011-05-09,21244,BLUE POLKADOT PLATE ,16
2011-05-10,21244,BLUE POLKADOT PLATE ,6
2011-05-11,21244,BLUE POLKADOT PLATE ,0
2011-05-12,21244,BLUE POLKADOT PLATE ,8
2011-05-13,21244,BLUE POLKADOT PLATE ,61
2011-05-14,21244,BLUE POLKADOT PLATE ,0
2011-05-15,21244,BLUE POLKADOT PLATE ,12
2011-05-16,21244,BLUE POLKADOT PLATE ,20
2011-05-17,21244,BLUE POLKADOT PLATE ,0
2011-05-18,21244,BLUE POLKADOT PLATE ,0
2011-05-19,21244,BLUE POLKADOT PLATE ,24
2011-05-20,21244,BLUE POLKADOT PLATE ,0
2011-05-21,21244,BLUE POLKADOT PLATE ,0
2011-05-22,21244,BLUE POLKADOT PLATE ,8
2011-05-23,21244,BLUE POLKADOT PLATE ,8
2011-05-24,21244,BLUE POLKADOT PLATE ,0
2011-05-25,21244,BLUE POLKADOT PLATE ,0
2011-05-26,21244,BLUE POLKADOT PLATE ,0
2011-05-27,21244,BLUE POLKADOT PLATE ,0
2011-05-28,21244,BLUE POLKADOT PLATE ,0
2011-05-29,21244,BLUE POLKADOT PLATE ,2
2011-05-30,21244,BLUE POLKADOT PLATE ,0
2011-05-31,21244,BLUE POLKADOT PLATE ,1
2011-06-01,21244,BLUE POLKADOT PLATE ,0
2011-06-02,21244,BLUE POLKADOT PLATE ,0
2011-06-03,21244,BLUE POLKADOT PLATE ,1
2011-06-04,21244,BLUE POLKADOT PLATE ,0
2011-06-05,21244,BLUE POLKADOT PLATE ,20
2011-06-06,21244,BLUE POLKADOT PLATE ,0
2011-06-07,21244,BLUE POLKADOT PLATE ,8
2011-06-08,21244,BLUE POLKADOT PLATE ,13
2011-06-09,21244,BLUE POLKADOT PLATE ,8
2011-06-10,21244,BLUE POLKADOT PLATE ,0
2011-06-11,21244,BLUE POLKADOT PLATE ,0
2011-06-12,21244,BLUE POLKADOT PLATE ,24
2011-06-13,21244,BLUE POLKADOT PLATE ,32
2011-06-14,21244,BLUE POLKADOT PLATE ,1
2011-06-15,21244,BLUE POLKADOT PLATE ,0
2011-06-16,21244,BLUE POLKADOT PLATE ,0
2011-06-17,21244,BLUE POLKADOT PLATE ,0
2011-06-18,21244,BLUE POLKADOT PLATE ,0
2011-06-19,21244,BLUE POLKADOT PLATE ,20
2011-06-20,21244,BLUE POLKADOT PLATE ,0
2011-06-21,21244,BLUE POLKADOT PLATE ,8
2011-06-22,21244,BLUE POLKADOT PLATE ,0
2011-06-23,21244,BLUE POLKADOT PLATE ,1
2011-06-24,21244,BLUE POLKADOT PLATE ,2
2011-06-25,21244,BLUE POLKADOT PLATE ,0
2011-06-26,21244,BLUE POLKADOT PLATE ,8
2011-06-27,21244,BLUE POLKADOT PLATE ,0
2011-06-28,21244,BLUE POLKADOT PLATE ,96
2011-06-29,21244,BLUE POLKADOT PLATE ,4
2011-06-30,21244,BLUE POLKADOT PLATE ,0
2011-07-01,21244,BLUE POLKADOT PLATE ,3
2011-07-02,21244,BLUE POLKADOT PLATE ,0
2011-07-03,21244,BLUE POLKADOT PLATE ,0
2011-07-04,21244,BLUE POLKADOT PLATE ,32
2011-07-05,21244,BLUE POLKADOT PLATE ,96
2011-07-06,21244,BLUE POLKADOT PLATE ,2
2011-07-07,21244,BLUE POLKADOT PLATE ,2
2011-07-08,21244,BLUE POLKADOT PLATE ,16
2011-07-09,21244,BLUE POLKADOT PLATE ,0
2011-07-10,21244,BLUE POLKADOT PLATE ,4
2011-07-11,21244,BLUE POLKADOT PLATE ,0
2011-07-12,21244,BLUE POLKADOT PLATE ,10
2011-07-13,21244,BLUE POLKADOT PLATE ,0
2011-07-14,21244,BLUE POLKADOT PLATE ,16
2011-07-15,21244,BLUE POLKADOT PLATE ,5
2011-07-16,21244,BLUE POLKADOT PLATE ,0
2011-07-17,21244,BLUE POLKADOT PLATE ,0
2011-07-18,21244,BLUE POLKADOT PLATE ,0
2011-07-19,21244,BLUE POLKADOT PLATE ,22
2011-07-20,21244,BLUE POLKADOT PLATE ,0
2011-07-21,21244,BLUE POLKADOT PLATE ,0
2011-07-22,21244,BLUE POLKADOT PLATE ,0
2011-07-23,21244,BLUE POLKADOT PLATE ,0
2011-07-24,21244,BLUE POLKADOT PLATE ,0
2011-07-25,21244,BLUE POLKADOT PLATE ,4
2011-07-26,21244,BLUE POLKADOT PLATE ,2
2011-07-27,21244,BLUE POLKADOT PLATE ,0
2011-07-28,21244,BLUE POLKADOT PLATE ,0
2011-07-29,21244,BLUE POLKADOT PLATE ,0
2011-07-30,21244,BLUE POLKADOT PLATE ,0
2011-07-31,21244,BLUE POLKADOT PLATE ,0
2011-08-01,21244,BLUE POLKADOT PLATE ,0
2011-08-02,21244,BLUE POLKADOT PLATE ,26
2011-08-03,21244,BLUE POLKADOT PLATE ,0
2011-08-04,21244,BLUE POLKADOT PLATE ,8
2011-08-05,21244,BLUE POLKADOT PLATE ,8
2011-08-06,21244,BLUE POLKADOT PLATE ,0
2011-08-07,21244,BLUE POLKADOT PLATE ,0
2011-08-08,21244,BLUE POLKADOT PLATE ,0
2011-08-09,21244,BLUE POLKADOT PLATE ,32
2011-08-10,21244,BLUE POLKADOT PLATE ,97
2011-08-11,21244,BLUE POLKADOT PLATE ,0
2011-08-12,21244,BLUE POLKADOT PLATE ,5
2011-08-13,21244,BLUE POLKADOT PLATE ,0
2011-08-14,21244,BLUE POLKADOT PLATE ,0
2011-08-15,21244,BLUE POLKADOT PLATE ,0
2011-08-16,21244,BLUE POLKADOT PLATE ,1
2011-08-17,21244,BLUE POLKADOT PLATE ,0
2011-08-18,21244,BLUE POLKADOT PLATE ,24
2011-08-19,21244,BLUE POLKADOT PLATE ,10
2011-08-20,21244,BLUE POLKADOT PLATE ,0
2011-08-21,21244,BLUE POLKADOT PLATE ,0
2011-08-22,21244,BLUE POLKADOT PLATE ,16
2011-08-23,21244,BLUE POLKADOT PLATE ,0
2011-08-24,21244,BLUE POLKADOT PLATE ,34
2011-08-25,21244,BLUE POLKADOT PLATE ,4
2011-08-26,21244,BLUE POLKADOT PLATE ,0
2011-08-27,21244,BLUE POLKADOT PLATE ,0
2011-08-28,21244,BLUE POLKADOT PLATE ,0
2011-08-29,21244,BLUE POLKADOT PLATE ,0
2011-08-30,21244,BLUE POLKADOT PLATE ,2
2011-08-31,21244,BLUE POLKADOT PLATE ,0
2011-09-01,21244,BLUE POLKADOT PLATE ,12
2011-09-02,21244,BLUE POLKADOT PLATE ,4
2011-09-03,21244,BLUE POLKADOT PLATE ,0
2011-09-04,21244,BLUE POLKADOT PLATE ,0
2011-09-05,21244,BLUE POLKADOT PLATE ,0
2011-09-06,21244,BLUE POLKADOT PLATE ,1
2011-09-07,21244,BLUE POLKADOT PLATE ,0
2011-09-08,21244,BLUE POLKADOT PLATE ,0
2011-09-09,21244,BLUE POLKADOT PLATE ,2
2011-09-10,21244,BLUE POLKADOT PLATE ,0
2011-09-11,21244,BLUE POLKADOT PLATE ,0
2011-09-12,21244,BLUE POLKADOT PLATE ,0
2011-09-13,21244,BLUE POLKADOT PLATE ,2
2011-09-14,21244,BLUE POLKADOT PLATE ,0
2011-09-15,21244,BLUE POLKADOT PLATE ,0
2011-09-16,21244,BLUE POLKADOT PLATE ,0
2011-09-17,21244,BLUE POLKADOT PLATE ,0
2011-09-18,21244,BLUE POLKADOT PLATE ,0
2011-09-19,21244,BLUE POLKADOT PLATE ,0
2011-09-20,21244,BLUE POLKADOT PLATE ,0
2011-09-21,21244,BLUE POLKADOT PLATE ,0
2011-09-22,21244,BLUE POLKADOT PLATE ,8
2011-09-23,21244,BLUE POLKADOT PLATE ,1
2011-09-24,21244,BLUE POLKADOT PLATE ,0
2011-09-25,21244,BLUE POLKADOT PLATE ,0
2011-09-26,21244,BLUE POLKADOT PLATE ,0
2011-09-27,21244,BLUE POLKADOT PLATE ,0
2011-09-28,21244,BLUE POLKADOT PLATE ,0
2011-09-29,21244,BLUE POLKADOT PLATE ,2
2011-09-30,21244,BLUE POLKADOT PLATE ,0
2011-10-01,21244,BLUE POLKADOT PLATE ,0
2011-10-02,21244,BLUE POLKADOT PLATE ,0
2011-10-03,21244,BLUE POLKADOT PLATE ,0
2011-10-04,21244,BLUE POLKADOT PLATE ,1
2011-10-05,21244,BLUE POLKADOT PLATE ,0
2011-10-06,21244,BLUE POLKADOT PLATE ,0
2011-10-07,21244,BLUE POLKADOT PLATE ,4
2011-10-08,21244,BLUE POLKADOT PLATE ,0
2011-10-09,21244,BLUE POLKADOT PLATE ,0
2011-10-10,21244,BLUE POLKADOT PLATE ,0
2011-10-11,21244,BLUE POLKADOT PLATE ,0
2011-10-12,21244,BLUE POLKADOT PLATE ,0
2011-10-13,21244,BLUE POLKADOT PLATE ,0
2011-10-14,21244,BLUE POLKADOT PLATE ,1
2011-10-15,21244,BLUE POLKADOT PLATE ,0
2011-10-16,21244,BLUE POLKADOT PLATE ,0
2011-10-17,21244,BLUE POLKADOT PLATE ,0
2011-10-18,21244,BLUE POLKADOT PLATE ,0
2011-10-19,21244,BLUE POLKADOT PLATE ,0
2011-10-20,21244,BLUE POLKADOT PLATE ,4
2011-10-21,21244,BLUE POLKADOT PLATE ,0
2011-10-22,21244,BLUE POLKADOT PLATE ,0
2011-10-23,21244,BLUE POLKADOT PLATE ,0
2011-10-24,21244,BLUE POLKADOT PLATE ,0
2011-10-25,21244,BLUE POLKADOT PLATE ,0
2011-10-26,21244,BLUE POLKADOT PLATE ,0
2011-10-27,21244,BLUE POLKADOT PLATE ,0
2011-10-28,21244,BLUE POLKADOT PLATE ,0
2011-10-29,21244,BLUE POLKADOT PLATE ,0
2011-10-30,21244,BLUE POLKADOT PLATE ,0
2011-10-31,21244,BLUE POLKADOT PLATE ,0
2011-11-01,21244,BLUE POLKADOT PLATE ,0
2011-11-02,21244,BLUE POLKADOT PLATE ,0
2011-11-03,21244,BLUE POLKADOT PLATE ,0
2011-11-04,21244,BLUE POLKADOT PLATE ,0
2011-11-05,21244,BLUE POLKADOT PLATE ,0
2011-11-06,21244,BLUE POLKADOT PLATE ,0
2011-11-07,21244,BLUE POLKADOT PLATE ,0
2011-11-08,21244,BLUE POLKADOT PLATE ,0
2011-11-09,21244,BLUE POLKADOT PLATE ,0
2011-11-10,21244,BLUE POLKADOT PLATE ,0
2010-12-01,21446,12 RED ROSE PEG PLACE SETTINGS,0
2010-12-02,21446,12 RED ROSE PEG PLACE SETTINGS,0
2010-12-03,21446,12 RED ROSE PEG PLACE SETTINGS,2
2010-12-04,21446,12 RED ROSE PEG PLACE SETTINGS,0
2010-12-05,21446,12 RED ROSE PEG PLACE SETTINGS,4
2010-12-06,21446,12 RED ROSE PEG PLACE SETTINGS,0
2010-12-07,21446,12 RED ROSE PEG PLACE SETTINGS,0
2010-12-08,21446,12 RED ROSE PEG PLACE SETTINGS,1
2010-12-09,21446,12 RED ROSE PEG PLACE SETTINGS,1
2010-12-10,21446,12 RED ROSE PEG PLACE SETTINGS,0
2010-12-11,21446,12 RED ROSE PEG PLACE SETTINGS,0
2010-12-12,21446,12 RED ROSE PEG PLACE SETTINGS,4
2010-12-13,21446,12 RED ROSE PEG PLACE SETTINGS,0
2010-12-14,21446,12 RED ROSE PEG PLACE SETTINGS,0
2010-12-15,21446,12 RED ROSE PEG PLACE SETTINGS,0
2010-12-16,21446,12 RED ROSE PEG PLACE SETTINGS,0
2010-12-17,21446,12 RED ROSE PEG PLACE SETTINGS,4
2010-12-18,21446,12 RED ROSE PEG PLACE SETTINGS,0
2010-12-19,21446,12 RED ROSE PEG PLACE SETTINGS,0
2010-12-20,21446,12 RED ROSE PEG PLACE SETTINGS,1
2010-12-21,21446,12 RED ROSE PEG PLACE SETTINGS,0
2010-12-22,21446,12 RED ROSE PEG PLACE SETTINGS,0
2010-12-23,21446,12 RED ROSE PEG PLACE SETTINGS,0
2010-12-24,21446,12 RED ROSE PEG PLACE SETTINGS,0
2010-12-25,21446,12 RED ROSE PEG PLACE SETTINGS,0
2010-12-26,21446,12 RED ROSE PEG PLACE SETTINGS,0
2010-12-27,21446,12 RED ROSE PEG PLACE SETTINGS,0
2010-12-28,21446,12 RED ROSE PEG PLACE SETTINGS,0
2010-12-29,21446,12 RED ROSE PEG PLACE SETTINGS,0
2010-12-30,21446,12 RED ROSE PEG PLACE SETTINGS,0
2010-12-31,21446,12 RED ROSE PEG PLACE SETTINGS,0
2011-01-01,21446,12 RED ROSE PEG PLACE SETTINGS,0
2011-01-02,21446,12 RED ROSE PEG PLACE SETTINGS,0
2011-01-03,21446,12 RED ROSE PEG PLACE SETTINGS,0
2011-01-04,21446,12 RED ROSE PEG PLACE SETTINGS,1
2011-01-05,21446,12 RED ROSE PEG PLACE SETTINGS,10
2011-01-06,21446,12 RED ROSE PEG PLACE SETTINGS,12
2011-01-07,21446,12 RED ROSE PEG PLACE SETTINGS,17
2011-01-08,21446,12 RED ROSE PEG PLACE SETTINGS,0
2011-01-09,21446,12 RED ROSE PEG PLACE SETTINGS,0
2011-01-10,21446,12 RED ROSE PEG PLACE SETTINGS,0
2011-01-11,21446,12 RED ROSE PEG PLACE SETTINGS,0
2011-01-12,21446,12 RED ROSE PEG PLACE SETTINGS,0
2011-01-13,21446,12 RED ROSE PEG PLACE SETTINGS,2
2011-01-14,21446,12 RED ROSE PEG PLACE SETTINGS,0
2011-01-15,21446,12 RED ROSE PEG PLACE SETTINGS,0
2011-01-16,21446,12 RED ROSE PEG PLACE SETTINGS,0
2011-01-17,21446,12 RED ROSE PEG PLACE SETTINGS,0
2011-01-18,21446,12 RED ROSE PEG PLACE SETTINGS,1
2011-01-19,21446,12 RED ROSE PEG PLACE SETTINGS,0
2011-01-20,21446,12 RED ROSE PEG PLACE SETTINGS,0
2011-01-21,21446,12 RED ROSE PEG PLACE SETTINGS,0
2011-01-22,21446,12 RED ROSE PEG PLACE SETTINGS,0
2011-01-23,21446,12 RED ROSE PEG PLACE SETTINGS,0
2011-01-24,21446,12 RED ROSE PEG PLACE SETTINGS,2
2011-01-25,21446,12 RED ROSE PEG PLACE SETTINGS,2
2011-01-26,21446,12 RED ROSE PEG PLACE SETTINGS,3
2011-01-27,21446,12 RED ROSE PEG PLACE SETTINGS,0
2011-01-28,21446,12 RED ROSE PEG PLACE SETTINGS,0
2011-01-29,21446,12 RED ROSE PEG PLACE SETTINGS,0
2011-01-30,21446,12 RED ROSE PEG PLACE SETTINGS,0
2011-01-31,21446,12 RED ROSE PEG PLACE SETTINGS,4
2011-02-01,21446,12 RED ROSE PEG PLACE SETTINGS,0
2011-02-02,21446,12 RED ROSE PEG PLACE SETTINGS,1
2011-02-03,21446,12 RED ROSE PEG PLACE SETTINGS,2
2011-02-04,21446,12 RED ROSE PEG PLACE SETTINGS,0
2011-02-05,21446,12 RED ROSE PEG PLACE SETTINGS,0
2011-02-06,21446,12 RED ROSE PEG PLACE SETTINGS,0
2011-02-07,21446,12 RED ROSE PEG PLACE SETTINGS,12
2011-02-08,21446,12 RED ROSE PEG PLACE SETTINGS,0
2011-02-09,21446,12 RED ROSE PEG PLACE SETTINGS,0
2011-02-10,21446,12 RED ROSE PEG PLACE SETTINGS,16
2011-02-11,21446,12 RED ROSE PEG PLACE SETTINGS,0
2011-02-12,21446,12 RED ROSE PEG PLACE SETTINGS,0
2011-02-13,21446,12 RED ROSE PEG PLACE SETTINGS,0
2011-02-14,21446,12 RED ROSE PEG PLACE SETTINGS,12
2011-02-15,21446,12 RED ROSE PEG PLACE SETTINGS,6
2011-02-16,21446,12 RED ROSE PEG PLACE SETTINGS,0
2011-02-17,21446,12 RED ROSE PEG PLACE SETTINGS,0
2011-02-18,21446,12 RED ROSE PEG PLACE SETTINGS,0
2011-02-19,21446,12 RED ROSE PEG PLACE SETTINGS,0
2011-02-20,21446,12 RED ROSE PEG PLACE SETTINGS,0
2011-02-21,21446,12 RED ROSE PEG PLACE SETTINGS,0
2011-02-22,21446,12 RED ROSE PEG PLACE SETTINGS,2
2011-02-23,21446,12 RED ROSE PEG PLACE SETTINGS,0
2011-02-24,21446,12 RED ROSE PEG PLACE SETTINGS,0
2011-02-25,21446,12 RED ROSE PEG PLACE SETTINGS,0
2011-02-26,21446,12 RED ROSE PEG PLACE SETTINGS,0
2011-02-27,21446,12 RED ROSE PEG PLACE SETTINGS,0
2011-02-28,21446,12 RED ROSE PEG PLACE SETTINGS,0
2011-03-01,21446,12 RED ROSE PEG PLACE SETTINGS,0
2011-03-02,21446,12 RED ROSE PEG PLACE SETTINGS,0
2011-03-03,21446,12 RED ROSE PEG PLACE SETTINGS,0
2011-03-04,21446,12 RED ROSE PEG PLACE SETTINGS,0
2011-03-05,21446,12 RED ROSE PEG PLACE SETTINGS,0
2011-03-06,21446,12 RED ROSE PEG PLACE SETTINGS,0
2011-03-07,21446,12 RED ROSE PEG PLACE SETTINGS,0
2011-03-08,21446,12 RED ROSE PEG PLACE SETTINGS,12
2011-03-09,21446,12 RED ROSE PEG PLACE SETTINGS,0
2011-03-10,21446,12 RED ROSE PEG PLACE SETTINGS,0
2011-03-11,21446,12 RED ROSE PEG PLACE SETTINGS,0
2011-03-12,21446,12 RED ROSE PEG PLACE SETTINGS,0
2011-03-13,21446,12 RED ROSE PEG PLACE SETTINGS,1
2011-03-14,21446,12 RED ROSE PEG PLACE SETTINGS,0
2011-03-15,21446,12 RED ROSE PEG PLACE SETTINGS,0
2011-03-16,21446,12 RED ROSE PEG PLACE SETTINGS,0
2011-03-17,21446,12 RED ROSE PEG PLACE SETTINGS,0
2011-03-18,21446,12 RED ROSE PEG PLACE SETTINGS,0
2011-03-19,21446,12 RED ROSE PEG PLACE SETTINGS,0
2011-03-20,21446,12 RED ROSE PEG PLACE SETTINGS,0
2011-03-21,21446,12 RED ROSE PEG PLACE SETTINGS,0
2011-03-22,21446,12 RED ROSE PEG PLACE SETTINGS,0
2011-03-23,21446,12 RED ROSE PEG PLACE SETTINGS,0
2011-03-24,21446,12 RED ROSE PEG PLACE SETTINGS,3
2011-03-25,21446,12 RED ROSE PEG PLACE SETTINGS,0
2011-03-26,21446,12 RED ROSE PEG PLACE SETTINGS,0
2011-03-27,21446,12 RED ROSE PEG PLACE SETTINGS,0
2011-03-28,21446,12 RED ROSE PEG PLACE SETTINGS,0
2011-03-29,21446,12 RED ROSE PEG PLACE SETTINGS,0
2011-03-30,21446,12 RED ROSE PEG PLACE SETTINGS,0
2011-03-31,21446,12 RED ROSE PEG PLACE SETTINGS,0
2011-04-01,21446,12 RED ROSE PEG PLACE SETTINGS,12
2011-04-02,21446,12 RED ROSE PEG PLACE SETTINGS,0
2011-04-03,21446,12 RED ROSE PEG PLACE SETTINGS,0
2011-04-04,21446,12 RED ROSE PEG PLACE SETTINGS,12
2011-04-05,21446,12 RED ROSE PEG PLACE SETTINGS,0
2011-04-06,21446,12 RED ROSE PEG PLACE SETTINGS,0
2011-04-07,21446,12 RED ROSE PEG PLACE SETTINGS,0
2011-04-08,21446,12 RED ROSE PEG PLACE SETTINGS,0
2011-04-09,21446,12 RED ROSE PEG PLACE SETTINGS,0
2011-04-10,21446,12 RED ROSE PEG PLACE SETTINGS,0
2011-04-11,21446,12 RED ROSE PEG PLACE SETTINGS,0
2011-04-12,21446,12 RED ROSE PEG PLACE SETTINGS,14
2011-04-13,21446,12 RED ROSE PEG PLACE SETTINGS,12
2011-04-14,21446,12 RED ROSE PEG PLACE SETTINGS,10
2011-04-15,21446,12 RED ROSE PEG PLACE SETTINGS,0
2011-04-16,21446,12 RED ROSE PEG PLACE SETTINGS,0
2011-04-17,21446,12 RED ROSE PEG PLACE SETTINGS,0
2011-04-18,21446,12 RED ROSE PEG PLACE SETTINGS,1
2011-04-19,21446,12 RED ROSE PEG PLACE SETTINGS,0
2011-04-20,21446,12 RED ROSE PEG PLACE SETTINGS,0
2011-04-21,21446,12 RED ROSE PEG PLACE SETTINGS,0
2011-04-22,21446,12 RED ROSE PEG PLACE SETTINGS,0
2011-04-23,21446,12 RED ROSE PEG PLACE SETTINGS,0
2011-04-24,21446,12 RED ROSE PEG PLACE SETTINGS,0
2011-04-25,21446,12 RED ROSE PEG PLACE SETTINGS,0
2011-04-26,21446,12 RED ROSE PEG PLACE SETTINGS,0
2011-04-27,21446,12 RED ROSE PEG PLACE SETTINGS,0
2011-04-28,21446,12 RED ROSE PEG PLACE SETTINGS,0
2011-04-29,21446,12 RED ROSE PEG PLACE SETTINGS,0
2011-04-30,21446,12 RED ROSE PEG PLACE SETTINGS,0
2011-05-01,21446,12 RED ROSE PEG PLACE SETTINGS,0
2011-05-02,21446,12 RED ROSE PEG PLACE SETTINGS,0
2011-05-03,21446,12 RED ROSE PEG PLACE SETTINGS,0
2011-05-04,21446,12 RED ROSE PEG PLACE SETTINGS,0
2011-05-05,21446,12 RED ROSE PEG PLACE SETTINGS,0
2011-05-06,21446,12 RED ROSE PEG PLACE SETTINGS,0
2011-05-07,21446,12 RED ROSE PEG PLACE SETTINGS,0
2011-05-08,21446,12 RED ROSE PEG PLACE SETTINGS,0
2011-05-09,21446,12 RED ROSE PEG PLACE SETTINGS,0
2011-05-10,21446,12 RED ROSE PEG PLACE SETTINGS,0
2011-05-11,21446,12 RED ROSE PEG PLACE SETTINGS,0
2011-05-12,21446,12 RED ROSE PEG PLACE SETTINGS,3
2011-05-13,21446,12 RED ROSE PEG PLACE SETTINGS,0
2011-05-14,21446,12 RED ROSE PEG PLACE SETTINGS,0
2011-05-15,21446,12 RED ROSE PEG PLACE SETTINGS,3
2011-05-16,21446,12 RED ROSE PEG PLACE SETTINGS,0
2011-05-17,21446,12 RED ROSE PEG PLACE SETTINGS,0
2011-05-18,21446,12 RED ROSE PEG PLACE SETTINGS,0
2011-05-19,21446,12 RED ROSE PEG PLACE SETTINGS,3
2011-05-20,21446,12 RED ROSE PEG PLACE SETTINGS,0
2011-05-21,21446,12 RED ROSE PEG PLACE SETTINGS,0
2011-05-22,21446,12 RED ROSE PEG PLACE SETTINGS,4
2011-05-23,21446,12 RED ROSE PEG PLACE SETTINGS,0
2011-05-24,21446,12 RED ROSE PEG PLACE SETTINGS,0
2011-05-25,21446,12 RED ROSE PEG PLACE SETTINGS,0
2011-05-26,21446,12 RED ROSE PEG PLACE SETTINGS,0
2011-05-27,21446,12 RED ROSE PEG PLACE SETTINGS,0
2011-05-28,21446,12 RED ROSE PEG PLACE SETTINGS,0
2011-05-29,21446,12 RED ROSE PEG PLACE SETTINGS,2
2011-05-30,21446,12 RED ROSE PEG PLACE SETTINGS,0
2011-05-31,21446,12 RED ROSE PEG PLACE SETTINGS,0
2011-06-01,21446,12 RED ROSE PEG PLACE SETTINGS,0
2011-06-02,21446,12 RED ROSE PEG PLACE SETTINGS,0
2011-06-03,21446,12 RED ROSE PEG PLACE SETTINGS,0
2011-06-04,21446,12 RED ROSE PEG PLACE SETTINGS,0
2011-06-05,21446,12 RED ROSE PEG PLACE SETTINGS,0
2011-06-06,21446,12 RED ROSE PEG PLACE SETTINGS,0
2011-06-07,21446,12 RED ROSE PEG PLACE SETTINGS,2
2011-06-08,21446,12 RED ROSE PEG PLACE SETTINGS,24
2011-06-09,21446,12 RED ROSE PEG PLACE SETTINGS,0
2011-06-10,21446,12 RED ROSE PEG PLACE SETTINGS,0
2011-06-11,21446,12 RED ROSE PEG PLACE SETTINGS,0
2011-06-12,21446,12 RED ROSE PEG PLACE SETTINGS,0
2011-06-13,21446,12 RED ROSE PEG PLACE SETTINGS,0
2011-06-14,21446,12 RED ROSE PEG PLACE SETTINGS,9
2011-06-15,21446,12 RED ROSE PEG PLACE SETTINGS,0
2011-06-16,21446,12 RED ROSE PEG PLACE SETTINGS,0
2011-06-17,21446,12 RED ROSE PEG PLACE SETTINGS,0
2011-06-18,21446,12 RED ROSE PEG PLACE SETTINGS,0
2011-06-19,21446,12 RED ROSE PEG PLACE SETTINGS,0
2011-06-20,21446,12 RED ROSE PEG PLACE SETTINGS,0
2011-06-21,21446,12 RED ROSE PEG PLACE SETTINGS,0
2011-06-22,21446,12 RED ROSE PEG PLACE SETTINGS,0
2011-06-23,21446,12 RED ROSE PEG PLACE SETTINGS,1
2011-06-24,21446,12 RED ROSE PEG PLACE SETTINGS,0
2011-06-25,21446,12 RED ROSE PEG PLACE SETTINGS,0
2011-06-26,21446,12 RED ROSE PEG PLACE SETTINGS,0
2011-06-27,21446,12 RED ROSE PEG PLACE SETTINGS,1
2011-06-28,21446,12 RED ROSE PEG PLACE SETTINGS,0
2011-06-29,21446,12 RED ROSE PEG PLACE SETTINGS,0
2011-06-30,21446,12 RED ROSE PEG PLACE SETTINGS,0
2011-07-01,21446,12 RED ROSE PEG PLACE SETTINGS,0
2011-07-02,21446,12 RED ROSE PEG PLACE SETTINGS,0
2011-07-03,21446,12 RED ROSE PEG PLACE SETTINGS,0
2011-07-04,21446,12 RED ROSE PEG PLACE SETTINGS,0
2011-07-05,21446,12 RED ROSE PEG PLACE SETTINGS,1
2011-07-06,21446,12 RED ROSE PEG PLACE SETTINGS,0
2011-07-07,21446,12 RED ROSE PEG PLACE SETTINGS,2
2011-07-08,21446,12 RED ROSE PEG PLACE SETTINGS,0
2011-07-09,21446,12 RED ROSE PEG PLACE SETTINGS,0
2011-07-10,21446,12 RED ROSE PEG PLACE SETTINGS,0
2011-07-11,21446,12 RED ROSE PEG PLACE SETTINGS,1
2011-07-12,21446,12 RED ROSE PEG PLACE SETTINGS,2
2011-07-13,21446,12 RED ROSE PEG PLACE SETTINGS,1
2011-07-14,21446,12 RED ROSE PEG PLACE SETTINGS,0
2011-07-15,21446,12 RED ROSE PEG PLACE SETTINGS,0
2011-07-16,21446,12 RED ROSE PEG PLACE SETTINGS,0
2011-07-17,21446,12 RED ROSE PEG PLACE SETTINGS,0
2011-07-18,21446,12 RED ROSE PEG PLACE SETTINGS,5
2011-07-19,21446,12 RED ROSE PEG PLACE SETTINGS,0
2011-07-20,21446,12 RED ROSE PEG PLACE SETTINGS,1
2011-07-21,21446,12 RED ROSE PEG PLACE SETTINGS,0
2011-07-22,21446,12 RED ROSE PEG PLACE SETTINGS,2
2011-07-23,21446,12 RED ROSE PEG PLACE SETTINGS,0
2011-07-24,21446,12 RED ROSE PEG PLACE SETTINGS,0
2011-07-25,21446,12 RED ROSE PEG PLACE SETTINGS,1
2011-07-26,21446,12 RED ROSE PEG PLACE SETTINGS,0
2011-07-27,21446,12 RED ROSE PEG PLACE SETTINGS,0
2011-07-28,21446,12 RED ROSE PEG PLACE SETTINGS,0
2011-07-29,21446,12 RED ROSE PEG PLACE SETTINGS,0
2011-07-30,21446,12 RED ROSE PEG PLACE SETTINGS,0
2011-07-31,21446,12 RED ROSE PEG PLACE SETTINGS,0
2011-08-01,21446,12 RED ROSE PEG PLACE SETTINGS,0
2011-08-02,21446,12 RED ROSE PEG PLACE SETTINGS,0
2011-08-03,21446,12 RED ROSE PEG PLACE SETTINGS,0
2011-08-04,21446,12 RED ROSE PEG PLACE SETTINGS,0
2011-08-05,21446,12 RED ROSE PEG PLACE SETTINGS,0
2011-08-06,21446,12 RED ROSE PEG PLACE SETTINGS,0
2011-08-07,21446,12 RED ROSE PEG PLACE SETTINGS,0
2011-08-08,21446,12 RED ROSE PEG PLACE SETTINGS,1
2011-08-09,21446,12 RED ROSE PEG PLACE SETTINGS,0
2011-08-10,21446,12 RED ROSE PEG PLACE SETTINGS,0
2011-08-11,21446,12 RED ROSE PEG PLACE SETTINGS,0
2011-08-12,21446,12 RED ROSE PEG PLACE SETTINGS,0
2011-08-13,21446,12 RED ROSE PEG PLACE SETTINGS,0
2011-08-14,21446,12 RED ROSE PEG PLACE SETTINGS,0
2011-08-15,21446,12 RED ROSE PEG PLACE SETTINGS,0
2011-08-16,21446,12 RED ROSE PEG PLACE SETTINGS,0
2011-08-17,21446,12 RED ROSE PEG PLACE SETTINGS,0
2011-08-18,21446,12 RED ROSE PEG PLACE SETTINGS,0
2011-08-19,21446,12 RED ROSE PEG PLACE SETTINGS,0
2011-08-20,21446,12 RED ROSE PEG PLACE SETTINGS,0
2011-08-21,21446,12 RED ROSE PEG PLACE SETTINGS,0
2011-08-22,21446,12 RED ROSE PEG PLACE SETTINGS,0
2011-08-23,21446,12 RED ROSE PEG PLACE SETTINGS,3
2011-08-24,21446,12 RED ROSE PEG PLACE SETTINGS,0
2011-08-25,21446,12 RED ROSE PEG PLACE SETTINGS,0
2011-08-26,21446,12 RED ROSE PEG PLACE SETTINGS,0
2011-08-27,21446,12 RED ROSE PEG PLACE SETTINGS,0
2011-08-28,21446,12 RED ROSE PEG PLACE SETTINGS,1
2011-08-29,21446,12 RED ROSE PEG PLACE SETTINGS,0
2011-08-30,21446,12 RED ROSE PEG PLACE SETTINGS,7
2011-08-31,21446,12 RED ROSE PEG PLACE SETTINGS,0
2011-09-01,21446,12 RED ROSE PEG PLACE SETTINGS,0
2011-09-02,21446,12 RED ROSE PEG PLACE SETTINGS,1
2011-09-03,21446,12 RED ROSE PEG PLACE SETTINGS,0
2011-09-04,21446,12 RED ROSE PEG PLACE SETTINGS,5
2011-09-05,21446,12 RED ROSE PEG PLACE SETTINGS,0
2011-09-06,21446,12 RED ROSE PEG PLACE SETTINGS,0
2011-09-07,21446,12 RED ROSE PEG PLACE SETTINGS,1
2011-09-08,21446,12 RED ROSE PEG PLACE SETTINGS,0
2011-09-09,21446,12 RED ROSE PEG PLACE SETTINGS,0
2011-09-10,21446,12 RED ROSE PEG PLACE SETTINGS,0
2011-09-11,21446,12 RED ROSE PEG PLACE SETTINGS,8
2011-09-12,21446,12 RED ROSE PEG PLACE SETTINGS,0
2011-09-13,21446,12 RED ROSE PEG PLACE SETTINGS,0
2011-09-14,21446,12 RED ROSE PEG PLACE SETTINGS,0
2011-09-15,21446,12 RED ROSE PEG PLACE SETTINGS,0
2011-09-16,21446,12 RED ROSE PEG PLACE SETTINGS,0
2011-09-17,21446,12 RED ROSE PEG PLACE SETTINGS,0
2011-09-18,21446,12 RED ROSE PEG PLACE SETTINGS,4
2011-09-19,21446,12 RED ROSE PEG PLACE SETTINGS,0
2011-09-20,21446,12 RED ROSE PEG PLACE SETTINGS,0
2011-09-21,21446,12 RED ROSE PEG PLACE SETTINGS,0
2011-09-22,21446,12 RED ROSE PEG PLACE SETTINGS,60
2011-09-23,21446,12 RED ROSE PEG PLACE SETTINGS,1
2011-09-24,21446,12 RED ROSE PEG PLACE SETTINGS,0
2011-09-25,21446,12 RED ROSE PEG PLACE SETTINGS,0
2011-09-26,21446,12 RED ROSE PEG PLACE SETTINGS,0
2011-09-27,21446,12 RED ROSE PEG PLACE SETTINGS,0
2011-09-28,21446,12 RED ROSE PEG PLACE SETTINGS,12
2011-09-29,21446,12 RED ROSE PEG PLACE SETTINGS,0
2011-09-30,21446,12 RED ROSE PEG PLACE SETTINGS,0
2011-10-01,21446,12 RED ROSE PEG PLACE SETTINGS,0
2011-10-02,21446,12 RED ROSE PEG PLACE SETTINGS,0
2011-10-03,21446,12 RED ROSE PEG PLACE SETTINGS,0
2011-10-04,21446,12 RED ROSE PEG PLACE SETTINGS,0
2011-10-05,21446,12 RED ROSE PEG PLACE SETTINGS,0
2011-10-06,21446,12 RED ROSE PEG PLACE SETTINGS,5
2011-10-07,21446,12 RED ROSE PEG PLACE SETTINGS,2
2011-10-08,21446,12 RED ROSE PEG PLACE SETTINGS,0
2011-10-09,21446,12 RED ROSE PEG PLACE SETTINGS,0
2011-10-10,21446,12 RED ROSE PEG PLACE SETTINGS,0
2011-10-11,21446,12 RED ROSE PEG PLACE SETTINGS,0
2011-10-12,21446,12 RED ROSE PEG PLACE SETTINGS,0
2011-10-13,21446,12 RED ROSE PEG PLACE SETTINGS,0
2011-10-14,21446,12 RED ROSE PEG PLACE SETTINGS,2
2011-10-15,21446,12 RED ROSE PEG PLACE SETTINGS,0
2011-10-16,21446,12 RED ROSE PEG PLACE SETTINGS,0
2011-10-17,21446,12 RED ROSE PEG PLACE SETTINGS,0
2011-10-18,21446,12 RED ROSE PEG PLACE SETTINGS,1
2011-10-19,21446,12 RED ROSE PEG PLACE SETTINGS,6
2011-10-20,21446,12 RED ROSE PEG PLACE SETTINGS,0
2011-10-21,21446,12 RED ROSE PEG PLACE SETTINGS,0
2011-10-22,21446,12 RED ROSE PEG PLACE SETTINGS,0
2011-10-23,21446,12 RED ROSE PEG PLACE SETTINGS,0
2011-10-24,21446,12 RED ROSE PEG PLACE SETTINGS,0
2011-10-25,21446,12 RED ROSE PEG PLACE SETTINGS,0
2011-10-26,21446,12 RED ROSE PEG PLACE SETTINGS,0
2011-10-27,21446,12 RED ROSE PEG PLACE SETTINGS,0
2011-10-28,21446,12 RED ROSE PEG PLACE SETTINGS,0
2011-10-29,21446,12 RED ROSE PEG PLACE SETTINGS,0
2011-10-30,21446,12 RED ROSE PEG PLACE SETTINGS,0
2011-10-31,21446,12 RED ROSE PEG PLACE SETTINGS,1
2011-11-01,21446,12 RED ROSE PEG PLACE SETTINGS,1
2011-11-02,21446,12 RED ROSE PEG PLACE SETTINGS,3
2011-11-03,21446,12 RED ROSE PEG PLACE SETTINGS,0
2011-11-04,21446,12 RED ROSE PEG PLACE SETTINGS,0
2011-11-05,21446,12 RED ROSE PEG PLACE SETTINGS,0
2011-11-06,21446,12 RED ROSE PEG PLACE SETTINGS,0
2011-11-07,21446,12 RED ROSE PEG PLACE SETTINGS,0
2011-11-08,21446,12 RED ROSE PEG PLACE SETTINGS,1
2011-11-09,21446,12 RED ROSE PEG PLACE SETTINGS,0
2011-11-10,21446,12 RED ROSE PEG PLACE SETTINGS,0
2010-12-01,21670,BLUE SPOT CERAMIC DRAWER KNOB,6
2010-12-02,21670,BLUE SPOT CERAMIC DRAWER KNOB,28
2010-12-03,21670,BLUE SPOT CERAMIC DRAWER KNOB,2
2010-12-04,21670,BLUE SPOT CERAMIC DRAWER KNOB,0
2010-12-05,21670,BLUE SPOT CERAMIC DRAWER KNOB,12
2010-12-06,21670,BLUE SPOT CERAMIC DRAWER KNOB,0
2010-12-07,21670,BLUE SPOT CERAMIC DRAWER KNOB,6
2010-12-08,21670,BLUE SPOT CERAMIC DRAWER KNOB,24
2010-12-09,21670,BLUE SPOT CERAMIC DRAWER KNOB,1
2010-12-10,21670,BLUE SPOT CERAMIC DRAWER KNOB,2
2010-12-11,21670,BLUE SPOT CERAMIC DRAWER KNOB,0
2010-12-12,21670,BLUE SPOT CERAMIC DRAWER KNOB,0
2010-12-13,21670,BLUE SPOT CERAMIC DRAWER KNOB,12
2010-12-14,21670,BLUE SPOT CERAMIC DRAWER KNOB,13
2010-12-15,21670,BLUE SPOT CERAMIC DRAWER KNOB,204
2010-12-16,21670,BLUE SPOT CERAMIC DRAWER KNOB,0
2010-12-17,21670,BLUE SPOT CERAMIC DRAWER KNOB,3
2010-12-18,21670,BLUE SPOT CERAMIC DRAWER KNOB,0
2010-12-19,21670,BLUE SPOT CERAMIC DRAWER KNOB,0
2010-12-20,21670,BLUE SPOT CERAMIC DRAWER KNOB,14
2010-12-21,21670,BLUE SPOT CERAMIC DRAWER KNOB,9
2010-12-22,21670,BLUE SPOT CERAMIC DRAWER KNOB,0
2010-12-23,21670,BLUE SPOT CERAMIC DRAWER KNOB,0
2010-12-24,21670,BLUE SPOT CERAMIC DRAWER KNOB,0
2010-12-25,21670,BLUE SPOT CERAMIC DRAWER KNOB,0
2010-12-26,21670,BLUE SPOT CERAMIC DRAWER KNOB,0
2010-12-27,21670,BLUE SPOT CERAMIC DRAWER KNOB,0
2010-12-28,21670,BLUE SPOT CERAMIC DRAWER KNOB,0
2010-12-29,21670,BLUE SPOT CERAMIC DRAWER KNOB,0
2010-12-30,21670,BLUE SPOT CERAMIC DRAWER KNOB,0
2010-12-31,21670,BLUE SPOT CERAMIC DRAWER KNOB,0
2011-01-01,21670,BLUE SPOT CERAMIC DRAWER KNOB,0
2011-01-02,21670,BLUE SPOT CERAMIC DRAWER KNOB,0
2011-01-03,21670,BLUE SPOT CERAMIC DRAWER KNOB,0
2011-01-04,21670,BLUE SPOT CERAMIC DRAWER KNOB,44
2011-01-05,21670,BLUE SPOT CERAMIC DRAWER KNOB,25
2011-01-06,21670,BLUE SPOT CERAMIC DRAWER KNOB,15
2011-01-07,21670,BLUE SPOT CERAMIC DRAWER KNOB,16
2011-01-08,21670,BLUE SPOT CERAMIC DRAWER KNOB,0
2011-01-09,21670,BLUE SPOT CERAMIC DRAWER KNOB,0
2011-01-10,21670,BLUE SPOT CERAMIC DRAWER KNOB,0
2011-01-11,21670,BLUE SPOT CERAMIC DRAWER KNOB,12
2011-01-12,21670,BLUE SPOT CERAMIC DRAWER KNOB,3
2011-01-13,21670,BLUE SPOT CERAMIC DRAWER KNOB,12
2011-01-14,21670,BLUE SPOT CERAMIC DRAWER KNOB,0
2011-01-15,21670,BLUE SPOT CERAMIC DRAWER KNOB,0
2011-01-16,21670,BLUE SPOT CERAMIC DRAWER KNOB,0
2011-01-17,21670,BLUE SPOT CERAMIC DRAWER KNOB,42
2011-01-18,21670,BLUE SPOT CERAMIC DRAWER KNOB,2
2011-01-19,21670,BLUE SPOT CERAMIC DRAWER KNOB,11
2011-01-20,21670,BLUE SPOT CERAMIC DRAWER KNOB,0
2011-01-21,21670,BLUE SPOT CERAMIC DRAWER KNOB,15
2011-01-22,21670,BLUE SPOT CERAMIC DRAWER KNOB,0
2011-01-23,21670,BLUE SPOT CERAMIC DRAWER KNOB,0
2011-01-24,21670,BLUE SPOT CERAMIC DRAWER KNOB,20
2011-01-25,21670,BLUE SPOT CERAMIC DRAWER KNOB,32
2011-01-26,21670,BLUE SPOT CERAMIC DRAWER KNOB,13
2011-01-27,21670,BLUE SPOT CERAMIC DRAWER KNOB,12
2011-01-28,21670,BLUE SPOT CERAMIC DRAWER KNOB,12
2011-01-29,21670,BLUE SPOT CERAMIC DRAWER KNOB,0
2011-01-30,21670,BLUE SPOT CERAMIC DRAWER KNOB,28
2011-01-31,21670,BLUE SPOT CERAMIC DRAWER KNOB,0
2011-02-01,21670,BLUE SPOT CERAMIC DRAWER KNOB,24
2011-02-02,21670,BLUE SPOT CERAMIC DRAWER KNOB,2
2011-02-03,21670,BLUE SPOT CERAMIC DRAWER KNOB,0
2011-02-04,21670,BLUE SPOT CERAMIC DRAWER KNOB,1
2011-02-05,21670,BLUE SPOT CERAMIC DRAWER KNOB,0
2011-02-06,21670,BLUE SPOT CERAMIC DRAWER KNOB,0
2011-02-07,21670,BLUE SPOT CERAMIC DRAWER KNOB,2
2011-02-08,21670,BLUE SPOT CERAMIC DRAWER KNOB,13
2011-02-09,21670,BLUE SPOT CERAMIC DRAWER KNOB,0
2011-02-10,21670,BLUE SPOT CERAMIC DRAWER KNOB,0
2011-02-11,21670,BLUE SPOT CERAMIC DRAWER KNOB,1
2011-02-12,21670,BLUE SPOT CERAMIC DRAWER KNOB,0
2011-02-13,21670,BLUE SPOT CERAMIC DRAWER KNOB,13
2011-02-14,21670,BLUE SPOT CERAMIC DRAWER KNOB,16
2011-02-15,21670,BLUE SPOT CERAMIC DRAWER KNOB,14
2011-02-16,21670,BLUE SPOT CERAMIC DRAWER KNOB,12
2011-02-17,21670,BLUE SPOT CERAMIC DRAWER KNOB,126
2011-02-18,21670,BLUE SPOT CERAMIC DRAWER KNOB,12
2011-02-19,21670,BLUE SPOT CERAMIC DRAWER KNOB,0
2011-02-20,21670,BLUE SPOT CERAMIC DRAWER KNOB,12
2011-02-21,21670,BLUE SPOT CERAMIC DRAWER KNOB,12
2011-02-22,21670,BLUE SPOT CERAMIC DRAWER KNOB,0
2011-02-23,21670,BLUE SPOT CERAMIC DRAWER KNOB,32
2011-02-24,21670,BLUE SPOT CERAMIC DRAWER KNOB,36
2011-02-25,21670,BLUE SPOT CERAMIC DRAWER KNOB,12
2011-02-26,21670,BLUE SPOT CERAMIC DRAWER KNOB,0
2011-02-27,21670,BLUE SPOT CERAMIC DRAWER KNOB,6
2011-02-28,21670,BLUE SPOT CERAMIC DRAWER KNOB,16
2011-03-01,21670,BLUE SPOT CERAMIC DRAWER KNOB,0
2011-03-02,21670,BLUE SPOT CERAMIC DRAWER KNOB,6
2011-03-03,21670,BLUE SPOT CERAMIC DRAWER KNOB,30
2011-03-04,21670,BLUE SPOT CERAMIC DRAWER KNOB,0
2011-03-05,21670,BLUE SPOT CERAMIC DRAWER KNOB,0
2011-03-06,21670,BLUE SPOT CERAMIC DRAWER KNOB,0
2011-03-07,21670,BLUE SPOT CERAMIC DRAWER KNOB,6
2011-03-08,21670,BLUE SPOT CERAMIC DRAWER KNOB,24
2011-03-09,21670,BLUE SPOT CERAMIC DRAWER KNOB,0
2011-03-10,21670,BLUE SPOT CERAMIC DRAWER KNOB,18
2011-03-11,21670,BLUE SPOT CERAMIC DRAWER KNOB,12
2011-03-12,21670,BLUE SPOT CERAMIC DRAWER KNOB,0
2011-03-13,21670,BLUE SPOT CERAMIC DRAWER KNOB,0
2011-03-14,21670,BLUE SPOT CERAMIC DRAWER KNOB,102
2011-03-15,21670,BLUE SPOT CERAMIC DRAWER KNOB,36
2011-03-16,21670,BLUE SPOT CERAMIC DRAWER KNOB,2
2011-03-17,21670,BLUE SPOT CERAMIC DRAWER KNOB,12
2011-03-18,21670,BLUE SPOT CERAMIC DRAWER KNOB,24
2011-03-19,21670,BLUE SPOT CERAMIC DRAWER KNOB,0
2011-03-20,21670,BLUE SPOT CERAMIC DRAWER KNOB,0
2011-03-21,21670,BLUE SPOT CERAMIC DRAWER KNOB,12
2011-03-22,21670,BLUE SPOT CERAMIC DRAWER KNOB,19
2011-03-23,21670,BLUE SPOT CERAMIC DRAWER KNOB,12
2011-03-24,21670,BLUE SPOT CERAMIC DRAWER KNOB,24
2011-03-25,21670,BLUE SPOT CERAMIC DRAWER KNOB,48
2011-03-26,21670,BLUE SPOT CERAMIC DRAWER KNOB,0
2011-03-27,21670,BLUE SPOT CERAMIC DRAWER KNOB,2
2011-03-28,21670,BLUE SPOT CERAMIC DRAWER KNOB,24
2011-03-29,21670,BLUE SPOT CERAMIC DRAWER KNOB,30
2011-03-30,21670,BLUE SPOT CERAMIC DRAWER KNOB,0
2011-03-31,21670,BLUE SPOT CERAMIC DRAWER KNOB,2
2011-04-01,21670,BLUE SPOT CERAMIC DRAWER KNOB,0
2011-04-02,21670,BLUE SPOT CERAMIC DRAWER KNOB,0
2011-04-03,21670,BLUE SPOT CERAMIC DRAWER KNOB,0
2011-04-04,21670,BLUE SPOT CERAMIC DRAWER KNOB,12
2011-04-05,21670,BLUE SPOT CERAMIC DRAWER KNOB,19
2011-04-06,21670,BLUE SPOT CERAMIC DRAWER KNOB,0
2011-04-07,21670,BLUE SPOT CERAMIC DRAWER KNOB,3
2011-04-08,21670,BLUE SPOT CERAMIC DRAWER KNOB,24
2011-04-09,21670,BLUE SPOT CERAMIC DRAWER KNOB,0
2011-04-10,21670,BLUE SPOT CERAMIC DRAWER KNOB,0
2011-04-11,21670,BLUE SPOT CERAMIC DRAWER KNOB,12
2011-04-12,21670,BLUE SPOT CERAMIC DRAWER KNOB,42
2011-04-13,21670,BLUE SPOT CERAMIC DRAWER KNOB,24
2011-04-14,21670,BLUE SPOT CERAMIC DRAWER KNOB,12
2011-04-15,21670,BLUE SPOT CERAMIC DRAWER KNOB,18
2011-04-16,21670,BLUE SPOT CERAMIC DRAWER KNOB,0
2011-04-17,21670,BLUE SPOT CERAMIC DRAWER KNOB,24
2011-04-18,21670,BLUE SPOT CERAMIC DRAWER KNOB,5
2011-04-19,21670,BLUE SPOT CERAMIC DRAWER KNOB,0
2011-04-20,21670,BLUE SPOT CERAMIC DRAWER KNOB,12
2011-04-21,21670,BLUE SPOT CERAMIC DRAWER KNOB,38
2011-04-22,21670,BLUE SPOT CERAMIC DRAWER KNOB,0
2011-04-23,21670,BLUE SPOT CERAMIC DRAWER KNOB,0
2011-04-24,21670,BLUE SPOT CERAMIC DRAWER KNOB,0
2011-04-25,21670,BLUE SPOT CERAMIC DRAWER KNOB,0
2011-04-26,21670,BLUE SPOT CERAMIC DRAWER KNOB,2
2011-04-27,21670,BLUE SPOT CERAMIC DRAWER KNOB,14
2011-04-28,21670,BLUE SPOT CERAMIC DRAWER KNOB,24
2011-04-29,21670,BLUE SPOT CERAMIC DRAWER KNOB,0
2011-04-30,21670,BLUE SPOT CERAMIC DRAWER KNOB,0
2011-05-01,21670,BLUE SPOT CERAMIC DRAWER KNOB,1
2011-05-02,21670,BLUE SPOT CERAMIC DRAWER KNOB,0
2011-05-03,21670,BLUE SPOT CERAMIC DRAWER KNOB,14
2011-05-04,21670,BLUE SPOT CERAMIC DRAWER KNOB,0
2011-05-05,21670,BLUE SPOT CERAMIC DRAWER KNOB,0
2011-05-06,21670,BLUE SPOT CERAMIC DRAWER KNOB,0
2011-05-07,21670,BLUE SPOT CERAMIC DRAWER KNOB,0
2011-05-08,21670,BLUE SPOT CERAMIC DRAWER KNOB,0
2011-05-09,21670,BLUE SPOT CERAMIC DRAWER KNOB,0
2011-05-10,21670,BLUE SPOT CERAMIC DRAWER KNOB,101
2011-05-11,21670,BLUE SPOT CERAMIC DRAWER KNOB,12
2011-05-12,21670,BLUE SPOT CERAMIC DRAWER KNOB,38
2011-05-13,21670,BLUE SPOT CERAMIC DRAWER KNOB,0
2011-05-14,21670,BLUE SPOT CERAMIC DRAWER KNOB,0
2011-05-15,21670,BLUE SPOT CERAMIC DRAWER KNOB,4
2011-05-16,21670,BLUE SPOT CERAMIC DRAWER KNOB,12
2011-05-17,21670,BLUE SPOT CERAMIC DRAWER KNOB,0
2011-05-18,21670,BLUE SPOT CERAMIC DRAWER KNOB,0
2011-05-19,21670,BLUE SPOT CERAMIC DRAWER KNOB,36
2011-05-20,21670,BLUE SPOT CERAMIC DRAWER KNOB,12
2011-05-21,21670,BLUE SPOT CERAMIC DRAWER KNOB,0
2011-05-22,21670,BLUE SPOT CERAMIC DRAWER KNOB,0
2011-05-23,21670,BLUE SPOT CERAMIC DRAWER KNOB,24
2011-05-24,21670,BLUE SPOT CERAMIC DRAWER KNOB,6
2011-05-25,21670,BLUE SPOT CERAMIC DRAWER KNOB,0
2011-05-26,21670,BLUE SPOT CERAMIC DRAWER KNOB,0
2011-05-27,21670,BLUE SPOT CERAMIC DRAWER KNOB,15
2011-05-28,21670,BLUE SPOT CERAMIC DRAWER KNOB,0
2011-05-29,21670,BLUE SPOT CERAMIC DRAWER KNOB,6
2011-05-30,21670,BLUE SPOT CERAMIC DRAWER KNOB,0
2011-05-31,21670,BLUE SPOT CERAMIC DRAWER KNOB,12
2011-06-01,21670,BLUE SPOT CERAMIC DRAWER KNOB,36
2011-06-02,21670,BLUE SPOT CERAMIC DRAWER KNOB,7
2011-06-03,21670,BLUE SPOT CERAMIC DRAWER KNOB,38
2011-06-04,21670,BLUE SPOT CERAMIC DRAWER KNOB,0
2011-06-05,21670,BLUE SPOT CERAMIC DRAWER KNOB,36
2011-06-06,21670,BLUE SPOT CERAMIC DRAWER KNOB,12
2011-06-07,21670,BLUE SPOT CERAMIC DRAWER KNOB,12
2011-06-08,21670,BLUE SPOT CERAMIC DRAWER KNOB,15
2011-06-09,21670,BLUE SPOT CERAMIC DRAWER KNOB,12
2011-06-10,21670,BLUE SPOT CERAMIC DRAWER KNOB,0
2011-06-11,21670,BLUE SPOT CERAMIC DRAWER KNOB,0
2011-06-12,21670,BLUE SPOT CERAMIC DRAWER KNOB,6
2011-06-13,21670,BLUE SPOT CERAMIC DRAWER KNOB,12
2011-06-14,21670,BLUE SPOT CERAMIC DRAWER KNOB,31
2011-06-15,21670,BLUE SPOT CERAMIC DRAWER KNOB,12
2011-06-16,21670,BLUE SPOT CERAMIC DRAWER KNOB,48
2011-06-17,21670,BLUE SPOT CERAMIC DRAWER KNOB,4
2011-06-18,21670,BLUE SPOT CERAMIC DRAWER KNOB,0
2011-06-19,21670,BLUE SPOT CERAMIC DRAWER KNOB,12
2011-06-20,21670,BLUE SPOT CERAMIC DRAWER KNOB,48
2011-06-21,21670,BLUE SPOT CERAMIC DRAWER KNOB,0
2011-06-22,21670,BLUE SPOT CERAMIC DRAWER KNOB,12
2011-06-23,21670,BLUE SPOT CERAMIC DRAWER KNOB,0
2011-06-24,21670,BLUE SPOT CERAMIC DRAWER KNOB,24
2011-06-25,21670,BLUE SPOT CERAMIC DRAWER KNOB,0
2011-06-26,21670,BLUE SPOT CERAMIC DRAWER KNOB,0
2011-06-27,21670,BLUE SPOT CERAMIC DRAWER KNOB,2
2011-06-28,21670,BLUE SPOT CERAMIC DRAWER KNOB,8
2011-06-29,21670,BLUE SPOT CERAMIC DRAWER KNOB,6
2011-06-30,21670,BLUE SPOT CERAMIC DRAWER KNOB,48
2011-07-01,21670,BLUE SPOT CERAMIC DRAWER KNOB,12
2011-07-02,21670,BLUE SPOT CERAMIC DRAWER KNOB,0
2011-07-03,21670,BLUE SPOT CERAMIC DRAWER KNOB,0
2011-07-04,21670,BLUE SPOT CERAMIC DRAWER KNOB,0
2011-07-05,21670,BLUE SPOT CERAMIC DRAWER KNOB,2
2011-07-06,21670,BLUE SPOT CERAMIC DRAWER KNOB,18
2011-07-07,21670,BLUE SPOT CERAMIC DRAWER KNOB,0
2011-07-08,21670,BLUE SPOT CERAMIC DRAWER KNOB,3
2011-07-09,21670,BLUE SPOT CERAMIC DRAWER KNOB,0
2011-07-10,21670,BLUE SPOT CERAMIC DRAWER KNOB,0
2011-07-11,21670,BLUE SPOT CERAMIC DRAWER KNOB,2
2011-07-12,21670,BLUE SPOT CERAMIC DRAWER KNOB,2
2011-07-13,21670,BLUE SPOT CERAMIC DRAWER KNOB,0
2011-07-14,21670,BLUE SPOT CERAMIC DRAWER KNOB,12
2011-07-15,21670,BLUE SPOT CERAMIC DRAWER KNOB,12
2011-07-16,21670,BLUE SPOT CERAMIC DRAWER KNOB,0
2011-07-17,21670,BLUE SPOT CERAMIC DRAWER KNOB,36
2011-07-18,21670,BLUE SPOT CERAMIC DRAWER KNOB,12
2011-07-19,21670,BLUE SPOT CERAMIC DRAWER KNOB,12
2011-07-20,21670,BLUE SPOT CERAMIC DRAWER KNOB,0
2011-07-21,21670,BLUE SPOT CERAMIC DRAWER KNOB,12
2011-07-22,21670,BLUE SPOT CERAMIC DRAWER KNOB,2
2011-07-23,21670,BLUE SPOT CERAMIC DRAWER KNOB,0
2011-07-24,21670,BLUE SPOT CERAMIC DRAWER KNOB,0
2011-07-25,21670,BLUE SPOT CERAMIC DRAWER KNOB,39
2011-07-26,21670,BLUE SPOT CERAMIC DRAWER KNOB,4
2011-07-27,21670,BLUE SPOT CERAMIC DRAWER KNOB,2
2011-07-28,21670,BLUE SPOT CERAMIC DRAWER KNOB,12
2011-07-29,21670,BLUE SPOT CERAMIC DRAWER KNOB,0
2011-07-30,21670,BLUE SPOT CERAMIC DRAWER KNOB,0
2011-07-31,21670,BLUE SPOT CERAMIC DRAWER KNOB,0
2011-08-01,21670,BLUE SPOT CERAMIC DRAWER KNOB,12
2011-08-02,21670,BLUE SPOT CERAMIC DRAWER KNOB,11
2011-08-03,21670,BLUE SPOT CERAMIC DRAWER KNOB,24
2011-08-04,21670,BLUE SPOT CERAMIC DRAWER KNOB,0
2011-08-05,21670,BLUE SPOT CERAMIC DRAWER KNOB,6
2011-08-06,21670,BLUE SPOT CERAMIC DRAWER KNOB,0
2011-08-07,21670,BLUE SPOT CERAMIC DRAWER KNOB,0
2011-08-08,21670,BLUE SPOT CERAMIC DRAWER KNOB,33
2011-08-09,21670,BLUE SPOT CERAMIC DRAWER KNOB,12
2011-08-10,21670,BLUE SPOT CERAMIC DRAWER KNOB,5
2011-08-11,21670,BLUE SPOT CERAMIC DRAWER KNOB,30
2011-08-12,21670,BLUE SPOT CERAMIC DRAWER KNOB,16
2011-08-13,21670,BLUE SPOT CERAMIC DRAWER KNOB,0
2011-08-14,21670,BLUE SPOT CERAMIC DRAWER KNOB,0
2011-08-15,21670,BLUE SPOT CERAMIC DRAWER KNOB,32
2011-08-16,21670,BLUE SPOT CERAMIC DRAWER KNOB,18
2011-08-17,21670,BLUE SPOT CERAMIC DRAWER KNOB,26
2011-08-18,21670,BLUE SPOT CERAMIC DRAWER KNOB,2
2011-08-19,21670,BLUE SPOT CERAMIC DRAWER KNOB,0
2011-08-20,21670,BLUE SPOT CERAMIC DRAWER KNOB,0
2011-08-21,21670,BLUE SPOT CERAMIC DRAWER KNOB,18
2011-08-22,21670,BLUE SPOT CERAMIC DRAWER KNOB,2
2011-08-23,21670,BLUE SPOT CERAMIC DRAWER KNOB,24
2011-08-24,21670,BLUE SPOT CERAMIC DRAWER KNOB,16
2011-08-25,21670,BLUE SPOT CERAMIC DRAWER KNOB,0
2011-08-26,21670,BLUE SPOT CERAMIC DRAWER KNOB,3
2011-08-27,21670,BLUE SPOT CERAMIC DRAWER KNOB,0
2011-08-28,21670,BLUE SPOT CERAMIC DRAWER KNOB,6
2011-08-29,21670,BLUE SPOT CERAMIC DRAWER KNOB,0
2011-08-30,21670,BLUE SPOT CERAMIC DRAWER KNOB,24
2011-08-31,21670,BLUE SPOT CERAMIC DRAWER KNOB,0
2011-09-01,21670,BLUE SPOT CERAMIC DRAWER KNOB,26
2011-09-02,21670,BLUE SPOT CERAMIC DRAWER KNOB,23
2011-09-03,21670,BLUE SPOT CERAMIC DRAWER KNOB,0
2011-09-04,21670,BLUE SPOT CERAMIC DRAWER KNOB,24
2011-09-05,21670,BLUE SPOT CERAMIC DRAWER KNOB,2
2011-09-06,21670,BLUE SPOT CERAMIC DRAWER KNOB,128
2011-09-07,21670,BLUE SPOT CERAMIC DRAWER KNOB,0
2011-09-08,21670,BLUE SPOT CERAMIC DRAWER KNOB,26
2011-09-09,21670,BLUE SPOT CERAMIC DRAWER KNOB,12
2011-09-10,21670,BLUE SPOT CERAMIC DRAWER KNOB,0
2011-09-11,21670,BLUE SPOT CERAMIC DRAWER KNOB,0
2011-09-12,21670,BLUE SPOT CERAMIC DRAWER KNOB,96
2011-09-13,21670,BLUE SPOT CERAMIC DRAWER KNOB,30
2011-09-14,21670,BLUE SPOT CERAMIC DRAWER KNOB,12
2011-09-15,21670,BLUE SPOT CERAMIC DRAWER KNOB,0
2011-09-16,21670,BLUE SPOT CERAMIC DRAWER KNOB,0
2011-09-17,21670,BLUE SPOT CERAMIC DRAWER KNOB,0
2011-09-18,21670,BLUE SPOT CERAMIC DRAWER KNOB,4
2011-09-19,21670,BLUE SPOT CERAMIC DRAWER KNOB,12
2011-09-20,21670,BLUE SPOT CERAMIC DRAWER KNOB,30
2011-09-21,21670,BLUE SPOT CERAMIC DRAWER KNOB,12
2011-09-22,21670,BLUE SPOT CERAMIC DRAWER KNOB,0
2011-09-23,21670,BLUE SPOT CERAMIC DRAWER KNOB,42
2011-09-24,21670,BLUE SPOT CERAMIC DRAWER KNOB,0
2011-09-25,21670,BLUE SPOT CERAMIC DRAWER KNOB,0
2011-09-26,21670,BLUE SPOT CERAMIC DRAWER KNOB,12
2011-09-27,21670,BLUE SPOT CERAMIC DRAWER KNOB,6
2011-09-28,21670,BLUE SPOT CERAMIC DRAWER KNOB,14
2011-09-29,21670,BLUE SPOT CERAMIC DRAWER KNOB,3
2011-09-30,21670,BLUE SPOT CERAMIC DRAWER KNOB,32
2011-10-01,21670,BLUE SPOT CERAMIC DRAWER KNOB,0
2011-10-02,21670,BLUE SPOT CERAMIC DRAWER KNOB,24
2011-10-03,21670,BLUE SPOT CERAMIC DRAWER KNOB,12
2011-10-04,21670,BLUE SPOT CERAMIC DRAWER KNOB,5
2011-10-05,21670,BLUE SPOT CERAMIC DRAWER KNOB,24
2011-10-06,21670,BLUE SPOT CERAMIC DRAWER KNOB,12
2011-10-07,21670,BLUE SPOT CERAMIC DRAWER KNOB,14
2011-10-08,21670,BLUE SPOT CERAMIC DRAWER KNOB,0
2011-10-09,21670,BLUE SPOT CERAMIC DRAWER KNOB,2
2011-10-10,21670,BLUE SPOT CERAMIC DRAWER KNOB,12
2011-10-11,21670,BLUE SPOT CERAMIC DRAWER KNOB,0
2011-10-12,21670,BLUE SPOT CERAMIC DRAWER KNOB,1
2011-10-13,21670,BLUE SPOT CERAMIC DRAWER KNOB,25
2011-10-14,21670,BLUE SPOT CERAMIC DRAWER KNOB,0
2011-10-15,21670,BLUE SPOT CERAMIC DRAWER KNOB,0
2011-10-16,21670,BLUE SPOT CERAMIC DRAWER KNOB,0
2011-10-17,21670,BLUE SPOT CERAMIC DRAWER KNOB,2
2011-10-18,21670,BLUE SPOT CERAMIC DRAWER KNOB,25
2011-10-19,21670,BLUE SPOT CERAMIC DRAWER KNOB,18
2011-10-20,21670,BLUE SPOT CERAMIC DRAWER KNOB,12
2011-10-21,21670,BLUE SPOT CERAMIC DRAWER KNOB,1
2011-10-22,21670,BLUE SPOT CERAMIC DRAWER KNOB,0
2011-10-23,21670,BLUE SPOT CERAMIC DRAWER KNOB,2
2011-10-24,21670,BLUE SPOT CERAMIC DRAWER KNOB,0
2011-10-25,21670,BLUE SPOT CERAMIC DRAWER KNOB,36
2011-10-26,21670,BLUE SPOT CERAMIC DRAWER KNOB,18
2011-10-27,21670,BLUE SPOT CERAMIC DRAWER KNOB,12
2011-10-28,21670,BLUE SPOT CERAMIC DRAWER KNOB,2
2011-10-29,21670,BLUE SPOT CERAMIC DRAWER KNOB,0
2011-10-30,21670,BLUE SPOT CERAMIC DRAWER KNOB,12
2011-10-31,21670,BLUE SPOT CERAMIC DRAWER KNOB,13
2011-11-01,21670,BLUE SPOT CERAMIC DRAWER KNOB,12
2011-11-02,21670,BLUE SPOT CERAMIC DRAWER KNOB,216
2011-11-03,21670,BLUE SPOT CERAMIC DRAWER KNOB,12
2011-11-04,21670,BLUE SPOT CERAMIC DRAWER KNOB,0
2011-11-05,21670,BLUE SPOT CERAMIC DRAWER KNOB,0
2011-11-06,21670,BLUE SPOT CERAMIC DRAWER KNOB,0
2011-11-07,21670,BLUE SPOT CERAMIC DRAWER KNOB,30
2011-11-08,21670,BLUE SPOT CERAMIC DRAWER KNOB,34
2011-11-09,21670,BLUE SPOT CERAMIC DRAWER KNOB,48
2011-11-10,21670,BLUE SPOT CERAMIC DRAWER KNOB,42
2010-12-01,21756,BATH BUILDING BLOCK WORD,14
2010-12-02,21756,BATH BUILDING BLOCK WORD,12
2010-12-03,21756,BATH BUILDING BLOCK WORD,0
2010-12-04,21756,BATH BUILDING BLOCK WORD,0
2010-12-05,21756,BATH BUILDING BLOCK WORD,3
2010-12-06,21756,BATH BUILDING BLOCK WORD,3
2010-12-07,21756,BATH BUILDING BLOCK WORD,7
2010-12-08,21756,BATH BUILDING BLOCK WORD,0
2010-12-09,21756,BATH BUILDING BLOCK WORD,4
2010-12-10,21756,BATH BUILDING BLOCK WORD,0
2010-12-11,21756,BATH BUILDING BLOCK WORD,0
2010-12-12,21756,BATH BUILDING BLOCK WORD,6
2010-12-13,21756,BATH BUILDING BLOCK WORD,3
2010-12-14,21756,BATH BUILDING BLOCK WORD,11
2010-12-15,21756,BATH BUILDING BLOCK WORD,0
2010-12-16,21756,BATH BUILDING BLOCK WORD,6
2010-12-17,21756,BATH BUILDING BLOCK WORD,5
2010-12-18,21756,BATH BUILDING BLOCK WORD,0
2010-12-19,21756,BATH BUILDING BLOCK WORD,0
2010-12-20,21756,BATH BUILDING BLOCK WORD,0
2010-12-21,21756,BATH BUILDING BLOCK WORD,3
2010-12-22,21756,BATH BUILDING BLOCK WORD,0
2010-12-23,21756,BATH BUILDING BLOCK WORD,0
2010-12-24,21756,BATH BUILDING BLOCK WORD,0
2010-12-25,21756,BATH BUILDING BLOCK WORD,0
2010-12-26,21756,BATH BUILDING BLOCK WORD,0
2010-12-27,21756,BATH BUILDING BLOCK WORD,0
2010-12-28,21756,BATH BUILDING BLOCK WORD,0
2010-12-29,21756,BATH BUILDING BLOCK WORD,0
2010-12-30,21756,BATH BUILDING BLOCK WORD,0
2010-12-31,21756,BATH BUILDING BLOCK WORD,0
2011-01-01,21756,BATH BUILDING BLOCK WORD,0
2011-01-02,21756,BATH BUILDING BLOCK WORD,0
2011-01-03,21756,BATH BUILDING BLOCK WORD,0
2011-01-04,21756,BATH BUILDING BLOCK WORD,0
2011-01-05,21756,BATH BUILDING BLOCK WORD,1
2011-01-06,21756,BATH BUILDING BLOCK WORD,0
2011-01-07,21756,BATH BUILDING BLOCK WORD,3
2011-01-08,21756,BATH BUILDING BLOCK WORD,0
2011-01-09,21756,BATH BUILDING BLOCK WORD,6
2011-01-10,21756,BATH BUILDING BLOCK WORD,4
2011-01-11,21756,BATH BUILDING BLOCK WORD,15
2011-01-12,21756,BATH BUILDING BLOCK WORD,6
2011-01-13,21756,BATH BUILDING BLOCK WORD,0
2011-01-14,21756,BATH BUILDING BLOCK WORD,8
2011-01-15,21756,BATH BUILDING BLOCK WORD,0
2011-01-16,21756,BATH BUILDING BLOCK WORD,0
2011-01-17,21756,BATH BUILDING BLOCK WORD,2
2011-01-18,21756,BATH BUILDING BLOCK WORD,6
2011-01-19,21756,BATH BUILDING BLOCK WORD,1
2011-01-20,21756,BATH BUILDING BLOCK WORD,3
2011-01-21,21756,BATH BUILDING BLOCK WORD,1
2011-01-22,21756,BATH BUILDING BLOCK WORD,0
2011-01-23,21756,BATH BUILDING BLOCK WORD,1
2011-01-24,21756,BATH BUILDING BLOCK WORD,0
2011-01-25,21756,BATH BUILDING BLOCK WORD,10
2011-01-26,21756,BATH BUILDING BLOCK WORD,3
2011-01-27,21756,BATH BUILDING BLOCK WORD,21
2011-01-28,21756,BATH BUILDING BLOCK WORD,0
2011-01-29,21756,BATH BUILDING BLOCK WORD,0
2011-01-30,21756,BATH BUILDING BLOCK WORD,2
2011-01-31,21756,BATH BUILDING BLOCK WORD,2
2011-02-01,21756,BATH BUILDING BLOCK WORD,0
2011-02-02,21756,BATH BUILDING BLOCK WORD,1
2011-02-03,21756,BATH BUILDING BLOCK WORD,3
2011-02-04,21756,BATH BUILDING BLOCK WORD,3
2011-02-05,21756,BATH BUILDING BLOCK WORD,0
2011-02-06,21756,BATH BUILDING BLOCK WORD,0
2011-02-07,21756,BATH BUILDING BLOCK WORD,7
2011-02-08,21756,BATH BUILDING BLOCK WORD,0
2011-02-09,21756,BATH BUILDING BLOCK WORD,0
2011-02-10,21756,BATH BUILDING BLOCK WORD,3
2011-02-11,21756,BATH BUILDING BLOCK WORD,0
2011-02-12,21756,BATH BUILDING BLOCK WORD,0
2011-02-13,21756,BATH BUILDING BLOCK WORD,4
2011-02-14,21756,BATH BUILDING BLOCK WORD,1
2011-02-15,21756,BATH BUILDING BLOCK WORD,19
2011-02-16,21756,BATH BUILDING BLOCK WORD,6
2011-02-17,21756,BATH BUILDING BLOCK WORD,3
2011-02-18,21756,BATH BUILDING BLOCK WORD,0
2011-02-19,21756,BATH BUILDING BLOCK WORD,0
2011-02-20,21756,BATH BUILDING BLOCK WORD,7
2011-02-21,21756,BATH BUILDING BLOCK WORD,0
2011-02-22,21756,BATH BUILDING BLOCK WORD,3
2011-02-23,21756,BATH BUILDING BLOCK WORD,0
2011-02-24,21756,BATH BUILDING BLOCK WORD,3
2011-02-25,21756,BATH BUILDING BLOCK WORD,9
2011-02-26,21756,BATH BUILDING BLOCK WORD,0
2011-02-27,21756,BATH BUILDING BLOCK WORD,0
2011-02-28,21756,BATH BUILDING BLOCK WORD,4
2011-03-01,21756,BATH BUILDING BLOCK WORD,19
2011-03-02,21756,BATH BUILDING BLOCK WORD,12
2011-03-03,21756,BATH BUILDING BLOCK WORD,3
2011-03-04,21756,BATH BUILDING BLOCK WORD,3
2011-03-05,21756,BATH BUILDING BLOCK WORD,0
2011-03-06,21756,BATH BUILDING BLOCK WORD,0
2011-03-07,21756,BATH BUILDING BLOCK WORD,0
2011-03-08,21756,BATH BUILDING BLOCK WORD,0
2011-03-09,21756,BATH BUILDING BLOCK WORD,1
2011-03-10,21756,BATH BUILDING BLOCK WORD,24
2011-03-11,21756,BATH BUILDING BLOCK WORD,0
2011-03-12,21756,BATH BUILDING BLOCK WORD,0
2011-03-13,21756,BATH BUILDING BLOCK WORD,10
2011-03-14,21756,BATH BUILDING BLOCK WORD,0
2011-03-15,21756,BATH BUILDING BLOCK WORD,3
2011-03-16,21756,BATH BUILDING BLOCK WORD,0
2011-03-17,21756,BATH BUILDING BLOCK WORD,6
2011-03-18,21756,BATH BUILDING BLOCK WORD,5
2011-03-19,21756,BATH BUILDING BLOCK WORD,0
2011-03-20,21756,BATH BUILDING BLOCK WORD,1
2011-03-21,21756,BATH BUILDING BLOCK WORD,0
2011-03-22,21756,BATH BUILDING BLOCK WORD,0
2011-03-23,21756,BATH BUILDING BLOCK WORD,4
2011-03-24,21756,BATH BUILDING BLOCK WORD,6
2011-03-25,21756,BATH BUILDING BLOCK WORD,0
2011-03-26,21756,BATH BUILDING BLOCK WORD,0
2011-03-27,21756,BATH BUILDING BLOCK WORD,8
2011-03-28,21756,BATH BUILDING BLOCK WORD,0
2011-03-29,21756,BATH BUILDING BLOCK WORD,4
2011-03-30,21756,BATH BUILDING BLOCK WORD,3
2011-03-31,21756,BATH BUILDING BLOCK WORD,3
2011-04-01,21756,BATH BUILDING BLOCK WORD,9
2011-04-02,21756,BATH BUILDING BLOCK WORD,0
2011-04-03,21756,BATH BUILDING BLOCK WORD,0
2011-04-04,21756,BATH BUILDING BLOCK WORD,0
2011-04-05,21756,BATH BUILDING BLOCK WORD,0
2011-04-06,21756,BATH BUILDING BLOCK WORD,6
2011-04-07,21756,BATH BUILDING BLOCK WORD,0
2011-04-08,21756,BATH BUILDING BLOCK WORD,3
2011-04-09,21756,BATH BUILDING BLOCK WORD,0
2011-04-10,21756,BATH BUILDING BLOCK WORD,6
2011-04-11,21756,BATH BUILDING BLOCK WORD,3
2011-04-12,21756,BATH BUILDING BLOCK WORD,0
2011-04-13,21756,BATH BUILDING BLOCK WORD,12
2011-04-14,21756,BATH BUILDING BLOCK WORD,6
2011-04-15,21756,BATH BUILDING BLOCK WORD,3
2011-04-16,21756,BATH BUILDING BLOCK WORD,0
2011-04-17,21756,BATH BUILDING BLOCK WORD,0
2011-04-18,21756,BATH BUILDING BLOCK WORD,4
2011-04-19,21756,BATH BUILDING BLOCK WORD,3
2011-04-20,21756,BATH BUILDING BLOCK WORD,6
2011-04-21,21756,BATH BUILDING BLOCK WORD,3
2011-04-22,21756,BATH BUILDING BLOCK WORD,0
2011-04-23,21756,BATH BUILDING BLOCK WORD,0
2011-04-24,21756,BATH BUILDING BLOCK WORD,0
2011-04-25,21756,BATH BUILDING BLOCK WORD,0
2011-04-26,21756,BATH BUILDING BLOCK WORD,0
2011-04-27,21756,BATH BUILDING BLOCK WORD,0
2011-04-28,21756,BATH BUILDING BLOCK WORD,0
2011-04-29,21756,BATH BUILDING BLOCK WORD,0
2011-04-30,21756,BATH BUILDING BLOCK WORD,0
2011-05-01,21756,BATH BUILDING BLOCK WORD,6
2011-05-02,21756,BATH BUILDING BLOCK WORD,0
2011-05-03,21756,BATH BUILDING BLOCK WORD,2
2011-05-04,21756,BATH BUILDING BLOCK WORD,1
2011-05-05,21756,BATH BUILDING BLOCK WORD,3
2011-05-06,21756,BATH BUILDING BLOCK WORD,4
2011-05-07,21756,BATH BUILDING BLOCK WORD,0
2011-05-08,21756,BATH BUILDING BLOCK WORD,0
2011-05-09,21756,BATH BUILDING BLOCK WORD,3
2011-05-10,21756,BATH BUILDING BLOCK WORD,6
2011-05-11,21756,BATH BUILDING BLOCK WORD,0
2011-05-12,21756,BATH BUILDING BLOCK WORD,7
2011-05-13,21756,BATH BUILDING BLOCK WORD,6
2011-05-14,21756,BATH BUILDING BLOCK WORD,0
2011-05-15,21756,BATH BUILDING BLOCK WORD,0
2011-05-16,21756,BATH BUILDING BLOCK WORD,0
2011-05-17,21756,BATH BUILDING BLOCK WORD,10
2011-05-18,21756,BATH BUILDING BLOCK WORD,1
2011-05-19,21756,BATH BUILDING BLOCK WORD,11
2011-05-20,21756,BATH BUILDING BLOCK WORD,0
2011-05-21,21756,BATH BUILDING BLOCK WORD,0
2011-05-22,21756,BATH BUILDING BLOCK WORD,3
2011-05-23,21756,BATH BUILDING BLOCK WORD,3
2011-05-24,21756,BATH BUILDING BLOCK WORD,6
2011-05-25,21756,BATH BUILDING BLOCK WORD,4
2011-05-26,21756,BATH BUILDING BLOCK WORD,6
2011-05-27,21756,BATH BUILDING BLOCK WORD,2
2011-05-28,21756,BATH BUILDING BLOCK WORD,0
2011-05-29,21756,BATH BUILDING BLOCK WORD,1
2011-05-30,21756,BATH BUILDING BLOCK WORD,0
2011-05-31,21756,BATH BUILDING BLOCK WORD,4
2011-06-01,21756,BATH BUILDING BLOCK WORD,0
2011-06-02,21756,BATH BUILDING BLOCK WORD,1
2011-06-03,21756,BATH BUILDING BLOCK WORD,1
2011-06-04,21756,BATH BUILDING BLOCK WORD,0
2011-06-05,21756,BATH BUILDING BLOCK WORD,6
2011-06-06,21756,BATH BUILDING BLOCK WORD,0
2011-06-07,21756,BATH BUILDING BLOCK WORD,6
2011-06-08,21756,BATH BUILDING BLOCK WORD,0
2011-06-09,21756,BATH BUILDING BLOCK WORD,2
2011-06-10,21756,BATH BUILDING BLOCK WORD,0
2011-06-11,21756,BATH BUILDING BLOCK WORD,0
2011-06-12,21756,BATH BUILDING BLOCK WORD,3
2011-06-13,21756,BATH BUILDING BLOCK WORD,1
2011-06-14,21756,BATH BUILDING BLOCK WORD,3
2011-06-15,21756,BATH BUILDING BLOCK WORD,6
2011-06-16,21756,BATH BUILDING BLOCK WORD,3
2011-06-17,21756,BATH BUILDING BLOCK WORD,3
2011-06-18,21756,BATH BUILDING BLOCK WORD,0
2011-06-19,21756,BATH BUILDING BLOCK WORD,2
2011-06-20,21756,BATH BUILDING BLOCK WORD,0
2011-06-21,21756,BATH BUILDING BLOCK WORD,3
2011-06-22,21756,BATH BUILDING BLOCK WORD,0
2011-06-23,21756,BATH BUILDING BLOCK WORD,5
2011-06-24,21756,BATH BUILDING BLOCK WORD,0
2011-06-25,21756,BATH BUILDING BLOCK WORD,0
2011-06-26,21756,BATH BUILDING BLOCK WORD,6
2011-06-27,21756,BATH BUILDING BLOCK WORD,1
2011-06-28,21756,BATH BUILDING BLOCK WORD,0
2011-06-29,21756,BATH BUILDING BLOCK WORD,18
2011-06-30,21756,BATH BUILDING BLOCK WORD,6
2011-07-01,21756,BATH BUILDING BLOCK WORD,0
2011-07-02,21756,BATH BUILDING BLOCK WORD,0
2011-07-03,21756,BATH BUILDING BLOCK WORD,2
2011-07-04,21756,BATH BUILDING BLOCK WORD,5
2011-07-05,21756,BATH BUILDING BLOCK WORD,1
2011-07-06,21756,BATH BUILDING BLOCK WORD,1
2011-07-07,21756,BATH BUILDING BLOCK WORD,2
2011-07-08,21756,BATH BUILDING BLOCK WORD,1
2011-07-09,21756,BATH BUILDING BLOCK WORD,0
2011-07-10,21756,BATH BUILDING BLOCK WORD,4
2011-07-11,21756,BATH BUILDING BLOCK WORD,0
2011-07-12,21756,BATH BUILDING BLOCK WORD,0
2011-07-13,21756,BATH BUILDING BLOCK WORD,0
2011-07-14,21756,BATH BUILDING BLOCK WORD,3
2011-07-15,21756,BATH BUILDING BLOCK WORD,0
2011-07-16,21756,BATH BUILDING BLOCK WORD,0
2011-07-17,21756,BATH BUILDING BLOCK WORD,0
2011-07-18,21756,BATH BUILDING BLOCK WORD,1
2011-07-19,21756,BATH BUILDING BLOCK WORD,0
2011-07-20,21756,BATH BUILDING BLOCK WORD,4
2011-07-21,21756,BATH BUILDING BLOCK WORD,4
2011-07-22,21756,BATH BUILDING BLOCK WORD,0
2011-07-23,21756,BATH BUILDING BLOCK WORD,0
2011-07-24,21756,BATH BUILDING BLOCK WORD,2
2011-07-25,21756,BATH BUILDING BLOCK WORD,0
2011-07-26,21756,BATH BUILDING BLOCK WORD,3
2011-07-27,21756,BATH BUILDING BLOCK WORD,4
2011-07-28,21756,BATH BUILDING BLOCK WORD,0
2011-07-29,21756,BATH BUILDING BLOCK WORD,0
2011-07-30,21756,BATH BUILDING BLOCK WORD,0
2011-07-31,21756,BATH BUILDING BLOCK WORD,0
2011-08-01,21756,BATH BUILDING BLOCK WORD,0
2011-08-02,21756,BATH BUILDING BLOCK WORD,0
2011-08-03,21756,BATH BUILDING BLOCK WORD,0
2011-08-04,21756,BATH BUILDING BLOCK WORD,3
2011-08-05,21756,BATH BUILDING BLOCK WORD,0
2011-08-06,21756,BATH BUILDING BLOCK WORD,0
2011-08-07,21756,BATH BUILDING BLOCK WORD,3
2011-08-08,21756,BATH BUILDING BLOCK WORD,1
2011-08-09,21756,BATH BUILDING BLOCK WORD,0
2011-08-10,21756,BATH BUILDING BLOCK WORD,0
2011-08-11,21756,BATH BUILDING BLOCK WORD,6
2011-08-12,21756,BATH BUILDING BLOCK WORD,0
2011-08-13,21756,BATH BUILDING BLOCK WORD,0
2011-08-14,21756,BATH BUILDING BLOCK WORD,1
2011-08-15,21756,BATH BUILDING BLOCK WORD,0
2011-08-16,21756,BATH BUILDING BLOCK WORD,0
2011-08-17,21756,BATH BUILDING BLOCK WORD,0
2011-08-18,21756,BATH BUILDING BLOCK WORD,6
2011-08-19,21756,BATH BUILDING BLOCK WORD,0
2011-08-20,21756,BATH BUILDING BLOCK WORD,0
2011-08-21,21756,BATH BUILDING BLOCK WORD,0
2011-08-22,21756,BATH BUILDING BLOCK WORD,0
2011-08-23,21756,BATH BUILDING BLOCK WORD,1
2011-08-24,21756,BATH BUILDING BLOCK WORD,0
2011-08-25,21756,BATH BUILDING BLOCK WORD,5
2011-08-26,21756,BATH BUILDING BLOCK WORD,0
2011-08-27,21756,BATH BUILDING BLOCK WORD,0
2011-08-28,21756,BATH BUILDING BLOCK WORD,0
2011-08-29,21756,BATH BUILDING BLOCK WORD,0
2011-08-30,21756,BATH BUILDING BLOCK WORD,4
2011-08-31,21756,BATH BUILDING BLOCK WORD,0
2011-09-01,21756,BATH BUILDING BLOCK WORD,3
2011-09-02,21756,BATH BUILDING BLOCK WORD,0
2011-09-03,21756,BATH BUILDING BLOCK WORD,0
2011-09-04,21756,BATH BUILDING BLOCK WORD,6
2011-09-05,21756,BATH BUILDING BLOCK WORD,3
2011-09-06,21756,BATH BUILDING BLOCK WORD,1
2011-09-07,21756,BATH BUILDING BLOCK WORD,0
2011-09-08,21756,BATH BUILDING BLOCK WORD,6
2011-09-09,21756,BATH BUILDING BLOCK WORD,0
2011-09-10,21756,BATH BUILDING BLOCK WORD,0
2011-09-11,21756,BATH BUILDING BLOCK WORD,1
2011-09-12,21756,BATH BUILDING BLOCK WORD,0
2011-09-13,21756,BATH BUILDING BLOCK WORD,1
2011-09-14,21756,BATH BUILDING BLOCK WORD,0
2011-09-15,21756,BATH BUILDING BLOCK WORD,0
2011-09-16,21756,BATH BUILDING BLOCK WORD,0
2011-09-17,21756,BATH BUILDING BLOCK WORD,0
2011-09-18,21756,BATH BUILDING BLOCK WORD,2
2011-09-19,21756,BATH BUILDING BLOCK WORD,0
2011-09-20,21756,BATH BUILDING BLOCK WORD,3
2011-09-21,21756,BATH BUILDING BLOCK WORD,2
2011-09-22,21756,BATH BUILDING BLOCK WORD,0
2011-09-23,21756,BATH BUILDING BLOCK WORD,2
2011-09-24,21756,BATH BUILDING BLOCK WORD,0
2011-09-25,21756,BATH BUILDING BLOCK WORD,0
2011-09-26,21756,BATH BUILDING BLOCK WORD,0
2011-09-27,21756,BATH BUILDING BLOCK WORD,0
2011-09-28,21756,BATH BUILDING BLOCK WORD,3
2011-09-29,21756,BATH BUILDING BLOCK WORD,5
2011-09-30,21756,BATH BUILDING BLOCK WORD,0
2011-10-01,21756,BATH BUILDING BLOCK WORD,0
2011-10-02,21756,BATH BUILDING BLOCK WORD,3
2011-10-03,21756,BATH BUILDING BLOCK WORD,0
2011-10-04,21756,BATH BUILDING BLOCK WORD,0
2011-10-05,21756,BATH BUILDING BLOCK WORD,0
2011-10-06,21756,BATH BUILDING BLOCK WORD,4
2011-10-07,21756,BATH BUILDING BLOCK WORD,0
2011-10-08,21756,BATH BUILDING BLOCK WORD,0
2011-10-09,21756,BATH BUILDING BLOCK WORD,0
2011-10-10,21756,BATH BUILDING BLOCK WORD,0
2011-10-11,21756,BATH BUILDING BLOCK WORD,0
2011-10-12,21756,BATH BUILDING BLOCK WORD,0
2011-10-13,21756,BATH BUILDING BLOCK WORD,8
2011-10-14,21756,BATH BUILDING BLOCK WORD,0
2011-10-15,21756,BATH BUILDING BLOCK WORD,0
2011-10-16,21756,BATH BUILDING BLOCK WORD,2
2011-10-17,21756,BATH BUILDING BLOCK WORD,4
2011-10-18,21756,BATH BUILDING BLOCK WORD,6
2011-10-19,21756,BATH BUILDING BLOCK WORD,0
2011-10-20,21756,BATH BUILDING BLOCK WORD,0
2011-10-21,21756,BATH BUILDING BLOCK WORD,6
2011-10-22,21756,BATH BUILDING BLOCK WORD,0
2011-10-23,21756,BATH BUILDING BLOCK WORD,0
2011-10-24,21756,BATH BUILDING BLOCK WORD,0
2011-10-25,21756,BATH BUILDING BLOCK WORD,0
2011-10-26,21756,BATH BUILDING BLOCK WORD,0
2011-10-27,21756,BATH BUILDING BLOCK WORD,0
2011-10-28,21756,BATH BUILDING BLOCK WORD,0
2011-10-29,21756,BATH BUILDING BLOCK WORD,0
2011-10-30,21756,BATH BUILDING BLOCK WORD,6
2011-10-31,21756,BATH BUILDING BLOCK WORD,0
2011-11-01,21756,BATH BUILDING BLOCK WORD,0
2011-11-02,21756,BATH BUILDING BLOCK WORD,3
2011-11-03,21756,BATH BUILDING BLOCK WORD,1
2011-11-04,21756,BATH BUILDING BLOCK WORD,2
2011-11-05,21756,BATH BUILDING BLOCK WORD,0
2011-11-06,21756,BATH BUILDING BLOCK WORD,11
2011-11-07,21756,BATH BUILDING BLOCK WORD,0
2011-11-08,21756,BATH BUILDING BLOCK WORD,3
2011-11-09,21756,BATH BUILDING BLOCK WORD,5
2011-11-10,21756,BATH BUILDING BLOCK WORD,14
2010-12-01,21903,MAN FLU METAL SIGN,0
2010-12-02,21903,MAN FLU METAL SIGN,0
2010-12-03,21903,MAN FLU METAL SIGN,2
2010-12-04,21903,MAN FLU METAL SIGN,0
2010-12-05,21903,MAN FLU METAL SIGN,2
2010-12-06,21903,MAN FLU METAL SIGN,5
2010-12-07,21903,MAN FLU METAL SIGN,8
2010-12-08,21903,MAN FLU METAL SIGN,13
2010-12-09,21903,MAN FLU METAL SIGN,3
2010-12-10,21903,MAN FLU METAL SIGN,63
2010-12-11,21903,MAN FLU METAL SIGN,0
2010-12-12,21903,MAN FLU METAL SIGN,4
2010-12-13,21903,MAN FLU METAL SIGN,1
2010-12-14,21903,MAN FLU METAL SIGN,2
2010-12-15,21903,MAN FLU METAL SIGN,0
2010-12-16,21903,MAN FLU METAL SIGN,4
2010-12-17,21903,MAN FLU METAL SIGN,3
2010-12-18,21903,MAN FLU METAL SIGN,0
2010-12-19,21903,MAN FLU METAL SIGN,0
2010-12-20,21903,MAN FLU METAL SIGN,0
2010-12-21,21903,MAN FLU METAL SIGN,1
2010-12-22,21903,MAN FLU METAL SIGN,0
2010-12-23,21903,MAN FLU METAL SIGN,0
2010-12-24,21903,MAN FLU METAL SIGN,0
2010-12-25,21903,MAN FLU METAL SIGN,0
2010-12-26,21903,MAN FLU METAL SIGN,0
2010-12-27,21903,MAN FLU METAL SIGN,0
2010-12-28,21903,MAN FLU METAL SIGN,0
2010-12-29,21903,MAN FLU METAL SIGN,0
2010-12-30,21903,MAN FLU METAL SIGN,0
2010-12-31,21903,MAN FLU METAL SIGN,0
2011-01-01,21903,MAN FLU METAL SIGN,0
2011-01-02,21903,MAN FLU METAL SIGN,0
2011-01-03,21903,MAN FLU METAL SIGN,0
2011-01-04,21903,MAN FLU METAL SIGN,4
2011-01-05,21903,MAN FLU METAL SIGN,5
2011-01-06,21903,MAN FLU METAL SIGN,0
2011-01-07,21903,MAN FLU METAL SIGN,0
2011-01-08,21903,MAN FLU METAL SIGN,0
2011-01-09,21903,MAN FLU METAL SIGN,12
2011-01-10,21903,MAN FLU METAL SIGN,0
2011-01-11,21903,MAN FLU METAL SIGN,12
2011-01-12,21903,MAN FLU METAL SIGN,0
2011-01-13,21903,MAN FLU METAL SIGN,0
2011-01-14,21903,MAN FLU METAL SIGN,0
2011-01-15,21903,MAN FLU METAL SIGN,0
2011-01-16,21903,MAN FLU METAL SIGN,0
2011-01-17,21903,MAN FLU METAL SIGN,13
2011-01-18,21903,MAN FLU METAL SIGN,2
2011-01-19,21903,MAN FLU METAL SIGN,0
2011-01-20,21903,MAN FLU METAL SIGN,0
2011-01-21,21903,MAN FLU METAL SIGN,0
2011-01-22,21903,MAN FLU METAL SIGN,0
2011-01-23,21903,MAN FLU METAL SIGN,3
2011-01-24,21903,MAN FLU METAL SIGN,0
2011-01-25,21903,MAN FLU METAL SIGN,2
2011-01-26,21903,MAN FLU METAL SIGN,0
2011-01-27,21903,MAN FLU METAL SIGN,2
2011-01-28,21903,MAN FLU METAL SIGN,0
2011-01-29,21903,MAN FLU METAL SIGN,0
2011-01-30,21903,MAN FLU METAL SIGN,0
2011-01-31,21903,MAN FLU METAL SIGN,0
2011-02-01,21903,MAN FLU METAL SIGN,0
2011-02-02,21903,MAN FLU METAL SIGN,0
2011-02-03,21903,MAN FLU METAL SIGN,4
2011-02-04,21903,MAN FLU METAL SIGN,48
2011-02-05,21903,MAN FLU METAL SIGN,0
2011-02-06,21903,MAN FLU METAL SIGN,0
2011-02-07,21903,MAN FLU METAL SIGN,0
2011-02-08,21903,MAN FLU METAL SIGN,12
2011-02-09,21903,MAN FLU METAL SIGN,0
2011-02-10,21903,MAN FLU METAL SIGN,0
2011-02-11,21903,MAN FLU METAL SIGN,0
2011-02-12,21903,MAN FLU METAL SIGN,0
2011-02-13,21903,MAN FLU METAL SIGN,0
2011-02-14,21903,MAN FLU METAL SIGN,3
2011-02-15,21903,MAN FLU METAL SIGN,0
2011-02-16,21903,MAN FLU METAL SIGN,0
2011-02-17,21903,MAN FLU METAL SIGN,0
2011-02-18,21903,MAN FLU METAL SIGN,0
2011-02-19,21903,MAN FLU METAL SIGN,0
2011-02-20,21903,MAN FLU METAL SIGN,1
2011-02-21,21903,MAN FLU METAL SIGN,12
2011-02-22,21903,MAN FLU METAL SIGN,1
2011-02-23,21903,MAN FLU METAL SIGN,0
2011-02-24,21903,MAN FLU METAL SIGN,0
2011-02-25,21903,MAN FLU METAL SIGN,0
2011-02-26,21903,MAN FLU METAL SIGN,0
2011-02-27,21903,MAN FLU METAL SIGN,1
2011-02-28,21903,MAN FLU METAL SIGN,1
2011-03-01,21903,MAN FLU METAL SIGN,3
2011-03-02,21903,MAN FLU METAL SIGN,24
2011-03-03,21903,MAN FLU METAL SIGN,13
2011-03-04,21903,MAN FLU METAL SIGN,48
2011-03-05,21903,MAN FLU METAL SIGN,0
2011-03-06,21903,MAN FLU METAL SIGN,2
2011-03-07,21903,MAN FLU METAL SIGN,15
2011-03-08,21903,MAN FLU METAL SIGN,0
2011-03-09,21903,MAN FLU METAL SIGN,0
2011-03-10,21903,MAN FLU METAL SIGN,0
2011-03-11,21903,MAN FLU METAL SIGN,12
2011-03-12,21903,MAN FLU METAL SIGN,0
2011-03-13,21903,MAN FLU METAL SIGN,0
2011-03-14,21903,MAN FLU METAL SIGN,0
2011-03-15,21903,MAN FLU METAL SIGN,12
2011-03-16,21903,MAN FLU METAL SIGN,0
2011-03-17,21903,MAN FLU METAL SIGN,2
2011-03-18,21903,MAN FLU METAL SIGN,1
2011-03-19,21903,MAN FLU METAL SIGN,0
2011-03-20,21903,MAN FLU METAL SIGN,3
2011-03-21,21903,MAN FLU METAL SIGN,0
2011-03-22,21903,MAN FLU METAL SIGN,0
2011-03-23,21903,MAN FLU METAL SIGN,16
2011-03-24,21903,MAN FLU METAL SIGN,1
2011-03-25,21903,MAN FLU METAL SIGN,0
2011-03-26,21903,MAN FLU METAL SIGN,0
2011-03-27,21903,MAN FLU METAL SIGN,1
2011-03-28,21903,MAN FLU METAL SIGN,0
2011-03-29,21903,MAN FLU METAL SIGN,2
2011-03-30,21903,MAN FLU METAL SIGN,0
2011-03-31,21903,MAN FLU METAL SIGN,0
2011-04-01,21903,MAN FLU METAL SIGN,1
2011-04-02,21903,MAN FLU METAL SIGN,0
2011-04-03,21903,MAN FLU METAL SIGN,7
2011-04-04,21903,MAN FLU METAL SIGN,4
2011-04-05,21903,MAN FLU METAL SIGN,14
2011-04-06,21903,MAN FLU METAL SIGN,0
2011-04-07,21903,MAN FLU METAL SIGN,2
2011-04-08,21903,MAN FLU METAL SIGN,0
2011-04-09,21903,MAN FLU METAL SIGN,0
2011-04-10,21903,MAN FLU METAL SIGN,12
2011-04-11,21903,MAN FLU METAL SIGN,0
2011-04-12,21903,MAN FLU METAL SIGN,0
2011-04-13,21903,MAN FLU METAL SIGN,0
2011-04-14,21903,MAN FLU METAL SIGN,0
2011-04-15,21903,MAN FLU METAL SIGN,0
2011-04-16,21903,MAN FLU METAL SIGN,0
2011-04-17,21903,MAN FLU METAL SIGN,0
2011-04-18,21903,MAN FLU METAL SIGN,0
2011-04-19,21903,MAN FLU METAL SIGN,2
2011-04-20,21903,MAN FLU METAL SIGN,0
2011-04-21,21903,MAN FLU METAL SIGN,0
2011-04-22,21903,MAN FLU METAL SIGN,0
2011-04-23,21903,MAN FLU METAL SIGN,0
2011-04-24,21903,MAN FLU METAL SIGN,0
2011-04-25,21903,MAN FLU METAL SIGN,0
2011-04-26,21903,MAN FLU METAL SIGN,0
2011-04-27,21903,MAN FLU METAL SIGN,0
2011-04-28,21903,MAN FLU METAL SIGN,0
2011-04-29,21903,MAN FLU METAL SIGN,0
2011-04-30,21903,MAN FLU METAL SIGN,0
2011-05-01,21903,MAN FLU METAL SIGN,4
2011-05-02,21903,MAN FLU METAL SIGN,0
2011-05-03,21903,MAN FLU METAL SIGN,12
2011-05-04,21903,MAN FLU METAL SIGN,0
2011-05-05,21903,MAN FLU METAL SIGN,12
2011-05-06,21903,MAN FLU METAL SIGN,2
2011-05-07,21903,MAN FLU METAL SIGN,0
2011-05-08,21903,MAN FLU METAL SIGN,0
2011-05-09,21903,MAN FLU METAL SIGN,5
2011-05-10,21903,MAN FLU METAL SIGN,2
2011-05-11,21903,MAN FLU METAL SIGN,0
2011-05-12,21903,MAN FLU METAL SIGN,0
2011-05-13,21903,MAN FLU METAL SIGN,0
2011-05-14,21903,MAN FLU METAL SIGN,0
2011-05-15,21903,MAN FLU METAL SIGN,0
2011-05-16,21903,MAN FLU METAL SIGN,0
2011-05-17,21903,MAN FLU METAL SIGN,2
2011-05-18,21903,MAN FLU METAL SIGN,12
2011-05-19,21903,MAN FLU METAL SIGN,1
2011-05-20,21903,MAN FLU METAL SIGN,12
2011-05-21,21903,MAN FLU METAL SIGN,0
2011-05-22,21903,MAN FLU METAL SIGN,0
2011-05-23,21903,MAN FLU METAL SIGN,2
2011-05-24,21903,MAN FLU METAL SIGN,0
2011-05-25,21903,MAN FLU METAL SIGN,0
2011-05-26,21903,MAN FLU METAL SIGN,0
2011-05-27,21903,MAN FLU METAL SIGN,0
2011-05-28,21903,MAN FLU METAL SIGN,0
2011-05-29,21903,MAN FLU METAL SIGN,0
2011-05-30,21903,MAN FLU METAL SIGN,0
2011-05-31,21903,MAN FLU METAL SIGN,2
2011-06-01,21903,MAN FLU METAL SIGN,0
2011-06-02,21903,MAN FLU METAL SIGN,0
2011-06-03,21903,MAN FLU METAL SIGN,0
2011-06-04,21903,MAN FLU METAL SIGN,0
2011-06-05,21903,MAN FLU METAL SIGN,4
2011-06-06,21903,MAN FLU METAL SIGN,1
2011-06-07,21903,MAN FLU METAL SIGN,12
2011-06-08,21903,MAN FLU METAL SIGN,0
2011-06-09,21903,MAN FLU METAL SIGN,16
2011-06-10,21903,MAN FLU METAL SIGN,0
2011-06-11,21903,MAN FLU METAL SIGN,0
2011-06-12,21903,MAN FLU METAL SIGN,0
2011-06-13,21903,MAN FLU METAL SIGN,0
2011-06-14,21903,MAN FLU METAL SIGN,2
2011-06-15,21903,MAN FLU METAL SIGN,0
2011-06-16,21903,MAN FLU METAL SIGN,0
2011-06-17,21903,MAN FLU METAL SIGN,0
2011-06-18,21903,MAN FLU METAL SIGN,0
2011-06-19,21903,MAN FLU METAL SIGN,0
2011-06-20,21903,MAN FLU METAL SIGN,1
2011-06-21,21903,MAN FLU METAL SIGN,0
2011-06-22,21903,MAN FLU METAL SIGN,0
2011-06-23,21903,MAN FLU METAL SIGN,0
2011-06-24,21903,MAN FLU METAL SIGN,0
2011-06-25,21903,MAN FLU METAL SIGN,0
2011-06-26,21903,MAN FLU METAL SIGN,0
2011-06-27,21903,MAN FLU METAL SIGN,0
2011-06-28,21903,MAN FLU METAL SIGN,2
2011-06-29,21903,MAN FLU METAL SIGN,144
2011-06-30,21903,MAN FLU METAL SIGN,0
2011-07-01,21903,MAN FLU METAL SIGN,12
2011-07-02,21903,MAN FLU METAL SIGN,0
2011-07-03,21903,MAN FLU METAL SIGN,0
2011-07-04,21903,MAN FLU METAL SIGN,0
2011-07-05,21903,MAN FLU METAL SIGN,0
2011-07-06,21903,MAN FLU METAL SIGN,0
2011-07-07,21903,MAN FLU METAL SIGN,12
2011-07-08,21903,MAN FLU METAL SIGN,0
2011-07-09,21903,MAN FLU METAL SIGN,0
2011-07-10,21903,MAN FLU METAL SIGN,0
2011-07-11,21903,MAN FLU METAL SIGN,0
2011-07-12,21903,MAN FLU METAL SIGN,0
2011-07-13,21903,MAN FLU METAL SIGN,12
2011-07-14,21903,MAN FLU METAL SIGN,14
2011-07-15,21903,MAN FLU METAL SIGN,13
2011-07-16,21903,MAN FLU METAL SIGN,0
2011-07-17,21903,MAN FLU METAL SIGN,0
2011-07-18,21903,MAN FLU METAL SIGN,0
2011-07-19,21903,MAN FLU METAL SIGN,0
2011-07-20,21903,MAN FLU METAL SIGN,0
2011-07-21,21903,MAN FLU METAL SIGN,0
2011-07-22,21903,MAN FLU METAL SIGN,1
2011-07-23,21903,MAN FLU METAL SIGN,0
2011-07-24,21903,MAN FLU METAL SIGN,2
2011-07-25,21903,MAN FLU METAL SIGN,12
2011-07-26,21903,MAN FLU METAL SIGN,0
2011-07-27,21903,MAN FLU METAL SIGN,12
2011-07-28,21903,MAN FLU METAL SIGN,12
2011-07-29,21903,MAN FLU METAL SIGN,0
2011-07-30,21903,MAN FLU METAL SIGN,0
2011-07-31,21903,MAN FLU METAL SIGN,1
2011-08-01,21903,MAN FLU METAL SIGN,2
2011-08-02,21903,MAN FLU METAL SIGN,0
2011-08-03,21903,MAN FLU METAL SIGN,12
2011-08-04,21903,MAN FLU METAL SIGN,0
2011-08-05,21903,MAN FLU METAL SIGN,3
2011-08-06,21903,MAN FLU METAL SIGN,0
2011-08-07,21903,MAN FLU METAL SIGN,0
2011-08-08,21903,MAN FLU METAL SIGN,1
2011-08-09,21903,MAN FLU METAL SIGN,0
2011-08-10,21903,MAN FLU METAL SIGN,0
2011-08-11,21903,MAN FLU METAL SIGN,0
2011-08-12,21903,MAN FLU METAL SIGN,0
2011-08-13,21903,MAN FLU METAL SIGN,0
2011-08-14,21903,MAN FLU METAL SIGN,0
2011-08-15,21903,MAN FLU METAL SIGN,0
2011-08-16,21903,MAN FLU METAL SIGN,2
2011-08-17,21903,MAN FLU METAL SIGN,12
2011-08-18,21903,MAN FLU METAL SIGN,2
2011-08-19,21903,MAN FLU METAL SIGN,0
2011-08-20,21903,MAN FLU METAL SIGN,0
2011-08-21,21903,MAN FLU METAL SIGN,1
2011-08-22,21903,MAN FLU METAL SIGN,0
2011-08-23,21903,MAN FLU METAL SIGN,0
2011-08-24,21903,MAN FLU METAL SIGN,0
2011-08-25,21903,MAN FLU METAL SIGN,19
2011-08-26,21903,MAN FLU METAL SIGN,0
2011-08-27,21903,MAN FLU METAL SIGN,0
2011-08-28,21903,MAN FLU METAL SIGN,1
2011-08-29,21903,MAN FLU METAL SIGN,0
2011-08-30,21903,MAN FLU METAL SIGN,1
2011-08-31,21903,MAN FLU METAL SIGN,12
2011-09-01,21903,MAN FLU METAL SIGN,12
2011-09-02,21903,MAN FLU METAL SIGN,1
2011-09-03,21903,MAN FLU METAL SIGN,0
2011-09-04,21903,MAN FLU METAL SIGN,1
2011-09-05,21903,MAN FLU METAL SIGN,0
2011-09-06,21903,MAN FLU METAL SIGN,13
2011-09-07,21903,MAN FLU METAL SIGN,0
2011-09-08,21903,MAN FLU METAL SIGN,0
2011-09-09,21903,MAN FLU METAL SIGN,0
2011-09-10,21903,MAN FLU METAL SIGN,0
2011-09-11,21903,MAN FLU METAL SIGN,0
2011-09-12,21903,MAN FLU METAL SIGN,0
2011-09-13,21903,MAN FLU METAL SIGN,0
2011-09-14,21903,MAN FLU METAL SIGN,1
2011-09-15,21903,MAN FLU METAL SIGN,0
2011-09-16,21903,MAN FLU METAL SIGN,0
2011-09-17,21903,MAN FLU METAL SIGN,0
2011-09-18,21903,MAN FLU METAL SIGN,0
2011-09-19,21903,MAN FLU METAL SIGN,0
2011-09-20,21903,MAN FLU METAL SIGN,0
2011-09-21,21903,MAN FLU METAL SIGN,5
2011-09-22,21903,MAN FLU METAL SIGN,7
2011-09-23,21903,MAN FLU METAL SIGN,0
2011-09-24,21903,MAN FLU METAL SIGN,0
2011-09-25,21903,MAN FLU METAL SIGN,0
2011-09-26,21903,MAN FLU METAL SIGN,1
2011-09-27,21903,MAN FLU METAL SIGN,2
2011-09-28,21903,MAN FLU METAL SIGN,12
2011-09-29,21903,MAN FLU METAL SIGN,24
2011-09-30,21903,MAN FLU METAL SIGN,12
2011-10-01,21903,MAN FLU METAL SIGN,0
2011-10-02,21903,MAN FLU METAL SIGN,0
2011-10-03,21903,MAN FLU METAL SIGN,5
2011-10-04,21903,MAN FLU METAL SIGN,0
2011-10-05,21903,MAN FLU METAL SIGN,0
2011-10-06,21903,MAN FLU METAL SIGN,0
2011-10-07,21903,MAN FLU METAL SIGN,0
2011-10-08,21903,MAN FLU METAL SIGN,0
2011-10-09,21903,MAN FLU METAL SIGN,0
2011-10-10,21903,MAN FLU METAL SIGN,1
2011-10-11,21903,MAN FLU METAL SIGN,2
2011-10-12,21903,MAN FLU METAL SIGN,1
2011-10-13,21903,MAN FLU METAL SIGN,0
2011-10-14,21903,MAN FLU METAL SIGN,0
2011-10-15,21903,MAN FLU METAL SIGN,0
2011-10-16,21903,MAN FLU METAL SIGN,0
2011-10-17,21903,MAN FLU METAL SIGN,15
2011-10-18,21903,MAN FLU METAL SIGN,2
2011-10-19,21903,MAN FLU METAL SIGN,0
2011-10-20,21903,MAN FLU METAL SIGN,0
2011-10-21,21903,MAN FLU METAL SIGN,0
2011-10-22,21903,MAN FLU METAL SIGN,0
2011-10-23,21903,MAN FLU METAL SIGN,0
2011-10-24,21903,MAN FLU METAL SIGN,3
2011-10-25,21903,MAN FLU METAL SIGN,3
2011-10-26,21903,MAN FLU METAL SIGN,0
2011-10-27,21903,MAN FLU METAL SIGN,0
2011-10-28,21903,MAN FLU METAL SIGN,0
2011-10-29,21903,MAN FLU METAL SIGN,0
2011-10-30,21903,MAN FLU METAL SIGN,3
2011-10-31,21903,MAN FLU METAL SIGN,5
2011-11-01,21903,MAN FLU METAL SIGN,0
2011-11-02,21903,MAN FLU METAL SIGN,0
2011-11-03,21903,MAN FLU METAL SIGN,0
2011-11-04,21903,MAN FLU METAL SIGN,0
2011-11-05,21903,MAN FLU METAL SIGN,0
2011-11-06,21903,MAN FLU METAL SIGN,16
2011-11-07,21903,MAN FLU METAL SIGN,4
2011-11-08,21903,MAN FLU METAL SIGN,0
2011-11-09,21903,MAN FLU METAL SIGN,17
2011-11-10,21903,MAN FLU METAL SIGN,3
2010-12-01,22086,PAPER CHAIN KIT 50'S CHRISTMAS ,274
2010-12-02,22086,PAPER CHAIN KIT 50'S CHRISTMAS ,136
2010-12-03,22086,PAPER CHAIN KIT 50'S CHRISTMAS ,140
2010-12-04,22086,PAPER CHAIN KIT 50'S CHRISTMAS ,0
2010-12-05,22086,PAPER CHAIN KIT 50'S CHRISTMAS ,133
2010-12-06,22086,PAPER CHAIN KIT 50'S CHRISTMAS ,237
2010-12-07,22086,PAPER CHAIN KIT 50'S CHRISTMAS ,274
2010-12-08,22086,PAPER CHAIN KIT 50'S CHRISTMAS ,107
2010-12-09,22086,PAPER CHAIN KIT 50'S CHRISTMAS ,154
2010-12-10,22086,PAPER CHAIN KIT 50'S CHRISTMAS ,223
2010-12-11,22086,PAPER CHAIN KIT 50'S CHRISTMAS ,0
2010-12-12,22086,PAPER CHAIN KIT 50'S CHRISTMAS ,60
2010-12-13,22086,PAPER CHAIN KIT 50'S CHRISTMAS ,205
2010-12-14,22086,PAPER CHAIN KIT 50'S CHRISTMAS ,115
2010-12-15,22086,PAPER CHAIN KIT 50'S CHRISTMAS ,91
2010-12-16,22086,PAPER CHAIN KIT 50'S CHRISTMAS ,131
2010-12-17,22086,PAPER CHAIN KIT 50'S CHRISTMAS ,55
2010-12-18,22086,PAPER CHAIN KIT 50'S CHRISTMAS ,0
2010-12-19,22086,PAPER CHAIN KIT 50'S CHRISTMAS ,0
2010-12-20,22086,PAPER CHAIN KIT 50'S CHRISTMAS ,51
2010-12-21,22086,PAPER CHAIN KIT 50'S CHRISTMAS ,70
2010-12-22,22086,PAPER CHAIN KIT 50'S CHRISTMAS ,0
2010-12-23,22086,PAPER CHAIN KIT 50'S CHRISTMAS ,4
2010-12-24,22086,PAPER CHAIN KIT 50'S CHRISTMAS ,0
2010-12-25,22086,PAPER CHAIN KIT 50'S CHRISTMAS ,0
2010-12-26,22086,PAPER CHAIN KIT 50'S CHRISTMAS ,0
2010-12-27,22086,PAPER CHAIN KIT 50'S CHRISTMAS ,0
2010-12-28,22086,PAPER CHAIN KIT 50'S CHRISTMAS ,0
2010-12-29,22086,PAPER CHAIN KIT 50'S CHRISTMAS ,0
2010-12-30,22086,PAPER CHAIN KIT 50'S CHRISTMAS ,0
2010-12-31,22086,PAPER CHAIN KIT 50'S CHRISTMAS ,0
2011-01-01,22086,PAPER CHAIN KIT 50'S CHRISTMAS ,0
2011-01-02,22086,PAPER CHAIN KIT 50'S CHRISTMAS ,0
2011-01-03,22086,PAPER CHAIN KIT 50'S CHRISTMAS ,0
2011-01-04,22086,PAPER CHAIN KIT 50'S CHRISTMAS ,1
2011-01-05,22086,PAPER CHAIN KIT 50'S CHRISTMAS ,10
2011-01-06,22086,PAPER CHAIN KIT 50'S CHRISTMAS ,3
2011-01-07,22086,PAPER CHAIN KIT 50'S CHRISTMAS ,2
2011-01-08,22086,PAPER CHAIN KIT 50'S CHRISTMAS ,0
2011-01-09,22086,PAPER CHAIN KIT 50'S CHRISTMAS ,0
2011-01-10,22086,PAPER CHAIN KIT 50'S CHRISTMAS ,1
2011-01-11,22086,PAPER CHAIN KIT 50'S CHRISTMAS ,0
2011-01-12,22086,PAPER CHAIN KIT 50'S CHRISTMAS ,5
2011-01-13,22086,PAPER CHAIN KIT 50'S CHRISTMAS ,0
2011-01-14,22086,PAPER CHAIN KIT 50'S CHRISTMAS ,0
2011-01-15,22086,PAPER CHAIN KIT 50'S CHRISTMAS ,0
2011-01-16,22086,PAPER CHAIN KIT 50'S CHRISTMAS ,0
2011-01-17,22086,PAPER CHAIN KIT 50'S CHRISTMAS ,2
2011-01-18,22086,PAPER CHAIN KIT 50'S CHRISTMAS ,0
2011-01-19,22086,PAPER CHAIN KIT 50'S CHRISTMAS ,0
2011-01-20,22086,PAPER CHAIN KIT 50'S CHRISTMAS ,0
2011-01-21,22086,PAPER CHAIN KIT 50'S CHRISTMAS ,0
2011-01-22,22086,PAPER CHAIN KIT 50'S CHRISTMAS ,0
2011-01-23,22086,PAPER CHAIN KIT 50'S CHRISTMAS ,0
2011-01-24,22086,PAPER CHAIN KIT 50'S CHRISTMAS ,0
2011-01-25,22086,PAPER CHAIN KIT 50'S CHRISTMAS ,0
2011-01-26,22086,PAPER CHAIN KIT 50'S CHRISTMAS ,0
2011-01-27,22086,PAPER CHAIN KIT 50'S CHRISTMAS ,0
2011-01-28,22086,PAPER CHAIN KIT 50'S CHRISTMAS ,0
2011-01-29,22086,PAPER CHAIN KIT 50'S CHRISTMAS ,0
2011-01-30,22086,PAPER CHAIN KIT 50'S CHRISTMAS ,0
2011-01-31,22086,PAPER CHAIN KIT 50'S CHRISTMAS ,0
2011-02-01,22086,PAPER CHAIN KIT 50'S CHRISTMAS ,0
2011-02-02,22086,PAPER CHAIN KIT 50'S CHRISTMAS ,0
2011-02-03,22086,PAPER CHAIN KIT 50'S CHRISTMAS ,0
2011-02-04,22086,PAPER CHAIN KIT 50'S CHRISTMAS ,0
2011-02-05,22086,PAPER CHAIN KIT 50'S CHRISTMAS ,0
2011-02-06,22086,PAPER CHAIN KIT 50'S CHRISTMAS ,0
2011-02-07,22086,PAPER CHAIN KIT 50'S CHRISTMAS ,0
2011-02-08,22086,PAPER CHAIN KIT 50'S CHRISTMAS ,0
2011-02-09,22086,PAPER CHAIN KIT 50'S CHRISTMAS ,0
2011-02-10,22086,PAPER CHAIN KIT 50'S CHRISTMAS ,0
2011-02-11,22086,PAPER CHAIN KIT 50'S CHRISTMAS ,0
2011-02-12,22086,PAPER CHAIN KIT 50'S CHRISTMAS ,0
2011-02-13,22086,PAPER CHAIN KIT 50'S CHRISTMAS ,0
2011-02-14,22086,PAPER CHAIN KIT 50'S CHRISTMAS ,0
2011-02-15,22086,PAPER CHAIN KIT 50'S CHRISTMAS ,0
2011-02-16,22086,PAPER CHAIN KIT 50'S CHRISTMAS ,0
2011-02-17,22086,PAPER CHAIN KIT 50'S CHRISTMAS ,2
2011-02-18,22086,PAPER CHAIN KIT 50'S CHRISTMAS ,0
2011-02-19,22086,PAPER CHAIN KIT 50'S CHRISTMAS ,0
2011-02-20,22086,PAPER CHAIN KIT 50'S CHRISTMAS ,0
2011-02-21,22086,PAPER CHAIN KIT 50'S CHRISTMAS ,0
2011-02-22,22086,PAPER CHAIN KIT 50'S CHRISTMAS ,2
2011-02-23,22086,PAPER CHAIN KIT 50'S CHRISTMAS ,0
2011-02-24,22086,PAPER CHAIN KIT 50'S CHRISTMAS ,0
2011-02-25,22086,PAPER CHAIN KIT 50'S CHRISTMAS ,0
2011-02-26,22086,PAPER CHAIN KIT 50'S CHRISTMAS ,0
2011-02-27,22086,PAPER CHAIN KIT 50'S CHRISTMAS ,0
2011-02-28,22086,PAPER CHAIN KIT 50'S CHRISTMAS ,1
2011-03-01,22086,PAPER CHAIN KIT 50'S CHRISTMAS ,4
2011-03-02,22086,PAPER CHAIN KIT 50'S CHRISTMAS ,40
2011-03-03,22086,PAPER CHAIN KIT 50'S CHRISTMAS ,0
2011-03-04,22086,PAPER CHAIN KIT 50'S CHRISTMAS ,0
2011-03-05,22086,PAPER CHAIN KIT 50'S CHRISTMAS ,0
2011-03-06,22086,PAPER CHAIN KIT 50'S CHRISTMAS ,0
2011-03-07,22086,PAPER CHAIN KIT 50'S CHRISTMAS ,0
2011-03-08,22086,PAPER CHAIN KIT 50'S CHRISTMAS ,1
2011-03-09,22086,PAPER CHAIN KIT 50'S CHRISTMAS ,0
2011-03-10,22086,PAPER CHAIN KIT 50'S CHRISTMAS ,0
2011-03-11,22086,PAPER CHAIN KIT 50'S CHRISTMAS ,0
2011-03-12,22086,PAPER CHAIN KIT 50'S CHRISTMAS ,0
2011-03-13,22086,PAPER CHAIN KIT 50'S CHRISTMAS ,0
2011-03-14,22086,PAPER CHAIN KIT 50'S CHRISTMAS ,0
2011-03-15,22086,PAPER CHAIN KIT 50'S CHRISTMAS ,0
2011-03-16,22086,PAPER CHAIN KIT 50'S CHRISTMAS ,0
2011-03-17,22086,PAPER CHAIN KIT 50'S CHRISTMAS ,0
2011-03-18,22086,PAPER CHAIN KIT 50'S CHRISTMAS ,0
2011-03-19,22086,PAPER CHAIN KIT 50'S CHRISTMAS ,0
2011-03-20,22086,PAPER CHAIN KIT 50'S CHRISTMAS ,0
2011-03-21,22086,PAPER CHAIN KIT 50'S CHRISTMAS ,0
2011-03-22,22086,PAPER CHAIN KIT 50'S CHRISTMAS ,0
2011-03-23,22086,PAPER CHAIN KIT 50'S CHRISTMAS ,2
2011-03-24,22086,PAPER CHAIN KIT 50'S CHRISTMAS ,40
2011-03-25,22086,PAPER CHAIN KIT 50'S CHRISTMAS ,0
2011-03-26,22086,PAPER CHAIN KIT 50'S CHRISTMAS ,0
2011-03-27,22086,PAPER CHAIN KIT 50'S CHRISTMAS ,0
2011-03-28,22086,PAPER CHAIN KIT 50'S CHRISTMAS ,0
2011-03-29,22086,PAPER CHAIN KIT 50'S CHRISTMAS ,0
2011-03-30,22086,PAPER CHAIN KIT 50'S CHRISTMAS ,0
2011-03-31,22086,PAPER CHAIN KIT 50'S CHRISTMAS ,0
2011-04-01,22086,PAPER CHAIN KIT 50'S CHRISTMAS ,0
2011-04-02,22086,PAPER CHAIN KIT 50'S CHRISTMAS ,0
2011-04-03,22086,PAPER CHAIN KIT 50'S CHRISTMAS ,3
2011-04-04,22086,PAPER CHAIN KIT 50'S CHRISTMAS ,0
2011-04-05,22086,PAPER CHAIN KIT 50'S CHRISTMAS ,0
2011-04-06,22086,PAPER CHAIN KIT 50'S CHRISTMAS ,0
2011-04-07,22086,PAPER CHAIN KIT 50'S CHRISTMAS ,9
2011-04-08,22086,PAPER CHAIN KIT 50'S CHRISTMAS ,0
2011-04-09,22086,PAPER CHAIN KIT 50'S CHRISTMAS ,0
2011-04-10,22086,PAPER CHAIN KIT 50'S CHRISTMAS ,0
2011-04-11,22086,PAPER CHAIN KIT 50'S CHRISTMAS ,0
2011-04-12,22086,PAPER CHAIN KIT 50'S CHRISTMAS ,0
2011-04-13,22086,PAPER CHAIN KIT 50'S CHRISTMAS ,0
2011-04-14,22086,PAPER CHAIN KIT 50'S CHRISTMAS ,0
2011-04-15,22086,PAPER CHAIN KIT 50'S CHRISTMAS ,0
2011-04-16,22086,PAPER CHAIN KIT 50'S CHRISTMAS ,0
2011-04-17,22086,PAPER CHAIN KIT 50'S CHRISTMAS ,0
2011-04-18,22086,PAPER CHAIN KIT 50'S CHRISTMAS ,1
2011-04-19,22086,PAPER CHAIN KIT 50'S CHRISTMAS ,0
2011-04-20,22086,PAPER CHAIN KIT 50'S CHRISTMAS ,0
2011-04-21,22086,PAPER CHAIN KIT 50'S CHRISTMAS ,0
2011-04-22,22086,PAPER CHAIN KIT 50'S CHRISTMAS ,0
2011-04-23,22086,PAPER CHAIN KIT 50'S CHRISTMAS ,0
2011-04-24,22086,PAPER CHAIN KIT 50'S CHRISTMAS ,0
2011-04-25,22086,PAPER CHAIN KIT 50'S CHRISTMAS ,0
2011-04-26,22086,PAPER CHAIN KIT 50'S CHRISTMAS ,0
2011-04-27,22086,PAPER CHAIN KIT 50'S CHRISTMAS ,0
2011-04-28,22086,PAPER CHAIN KIT 50'S CHRISTMAS ,0
2011-04-29,22086,PAPER CHAIN KIT 50'S CHRISTMAS ,0
2011-04-30,22086,PAPER CHAIN KIT 50'S CHRISTMAS ,0
2011-05-01,22086,PAPER CHAIN KIT 50'S CHRISTMAS ,0
2011-05-02,22086,PAPER CHAIN KIT 50'S CHRISTMAS ,0
2011-05-03,22086,PAPER CHAIN KIT 50'S CHRISTMAS ,0
2011-05-04,22086,PAPER CHAIN KIT 50'S CHRISTMAS ,0
2011-05-05,22086,PAPER CHAIN KIT 50'S CHRISTMAS ,0
2011-05-06,22086,PAPER CHAIN KIT 50'S CHRISTMAS ,4
2011-05-07,22086,PAPER CHAIN KIT 50'S CHRISTMAS ,0
2011-05-08,22086,PAPER CHAIN KIT 50'S CHRISTMAS ,0
2011-05-09,22086,PAPER CHAIN KIT 50'S CHRISTMAS ,0
2011-05-10,22086,PAPER CHAIN KIT 50'S CHRISTMAS ,13
2011-05-11,22086,PAPER CHAIN KIT 50'S CHRISTMAS ,0
2011-05-12,22086,PAPER CHAIN KIT 50'S CHRISTMAS ,0
2011-05-13,22086,PAPER CHAIN KIT 50'S CHRISTMAS ,0
2011-05-14,22086,PAPER CHAIN KIT 50'S CHRISTMAS ,0
2011-05-15,22086,PAPER CHAIN KIT 50'S CHRISTMAS ,0
2011-05-16,22086,PAPER CHAIN KIT 50'S CHRISTMAS ,0
2011-05-17,22086,PAPER CHAIN KIT 50'S CHRISTMAS ,0
2011-05-18,22086,PAPER CHAIN KIT 50'S CHRISTMAS ,0
2011-05-19,22086,PAPER CHAIN KIT 50'S CHRISTMAS ,0
2011-05-20,22086,PAPER CHAIN KIT 50'S CHRISTMAS ,0
2011-05-21,22086,PAPER CHAIN KIT 50'S CHRISTMAS ,0
2011-05-22,22086,PAPER CHAIN KIT 50'S CHRISTMAS ,0
2011-05-23,22086,PAPER CHAIN KIT 50'S CHRISTMAS ,0
2011-05-24,22086,PAPER CHAIN KIT 50'S CHRISTMAS ,0
2011-05-25,22086,PAPER CHAIN KIT 50'S CHRISTMAS ,0
2011-05-26,22086,PAPER CHAIN KIT 50'S CHRISTMAS ,0
2011-05-27,22086,PAPER CHAIN KIT 50'S CHRISTMAS ,0
2011-05-28,22086,PAPER CHAIN KIT 50'S CHRISTMAS ,0
2011-05-29,22086,PAPER CHAIN KIT 50'S CHRISTMAS ,0
2011-05-30,22086,PAPER CHAIN KIT 50'S CHRISTMAS ,0
2011-05-31,22086,PAPER CHAIN KIT 50'S CHRISTMAS ,0
2011-06-01,22086,PAPER CHAIN KIT 50'S CHRISTMAS ,0
2011-06-02,22086,PAPER CHAIN KIT 50'S CHRISTMAS ,0
2011-06-03,22086,PAPER CHAIN KIT 50'S CHRISTMAS ,0
2011-06-04,22086,PAPER CHAIN KIT 50'S CHRISTMAS ,0
2011-06-05,22086,PAPER CHAIN KIT 50'S CHRISTMAS ,0
2011-06-06,22086,PAPER CHAIN KIT 50'S CHRISTMAS ,0
2011-06-07,22086,PAPER CHAIN KIT 50'S CHRISTMAS ,1
2011-06-08,22086,PAPER CHAIN KIT 50'S CHRISTMAS ,1
2011-06-09,22086,PAPER CHAIN KIT 50'S CHRISTMAS ,0
2011-06-10,22086,PAPER CHAIN KIT 50'S CHRISTMAS ,0
2011-06-11,22086,PAPER CHAIN KIT 50'S CHRISTMAS ,0
2011-06-12,22086,PAPER CHAIN KIT 50'S CHRISTMAS ,0
2011-06-13,22086,PAPER CHAIN KIT 50'S CHRISTMAS ,0
2011-06-14,22086,PAPER CHAIN KIT 50'S CHRISTMAS ,1
2011-06-15,22086,PAPER CHAIN KIT 50'S CHRISTMAS ,0
2011-06-16,22086,PAPER CHAIN KIT 50'S CHRISTMAS ,0
2011-06-17,22086,PAPER CHAIN KIT 50'S CHRISTMAS ,0
2011-06-18,22086,PAPER CHAIN KIT 50'S CHRISTMAS ,0
2011-06-19,22086,PAPER CHAIN KIT 50'S CHRISTMAS ,0
2011-06-20,22086,PAPER CHAIN KIT 50'S CHRISTMAS ,0
2011-06-21,22086,PAPER CHAIN KIT 50'S CHRISTMAS ,0
2011-06-22,22086,PAPER CHAIN KIT 50'S CHRISTMAS ,0
2011-06-23,22086,PAPER CHAIN KIT 50'S CHRISTMAS ,6
2011-06-24,22086,PAPER CHAIN KIT 50'S CHRISTMAS ,0
2011-06-25,22086,PAPER CHAIN KIT 50'S CHRISTMAS ,0
2011-06-26,22086,PAPER CHAIN KIT 50'S CHRISTMAS ,0
2011-06-27,22086,PAPER CHAIN KIT 50'S CHRISTMAS ,4
2011-06-28,22086,PAPER CHAIN KIT 50'S CHRISTMAS ,320
2011-06-29,22086,PAPER CHAIN KIT 50'S CHRISTMAS ,11
2011-06-30,22086,PAPER CHAIN KIT 50'S CHRISTMAS ,0
2011-07-01,22086,PAPER CHAIN KIT 50'S CHRISTMAS ,0
2011-07-02,22086,PAPER CHAIN KIT 50'S CHRISTMAS ,0
2011-07-03,22086,PAPER CHAIN KIT 50'S CHRISTMAS ,30
2011-07-04,22086,PAPER CHAIN KIT 50'S CHRISTMAS ,0
2011-07-05,22086,PAPER CHAIN KIT 50'S CHRISTMAS ,18
2011-07-06,22086,PAPER CHAIN KIT 50'S CHRISTMAS ,0
2011-07-07,22086,PAPER CHAIN KIT 50'S CHRISTMAS ,0
2011-07-08,22086,PAPER CHAIN KIT 50'S CHRISTMAS ,0
2011-07-09,22086,PAPER CHAIN KIT 50'S CHRISTMAS ,0
2011-07-10,22086,PAPER CHAIN KIT 50'S CHRISTMAS ,0
2011-07-11,22086,PAPER CHAIN KIT 50'S CHRISTMAS ,0
2011-07-12,22086,PAPER CHAIN KIT 50'S CHRISTMAS ,2
2011-07-13,22086,PAPER CHAIN KIT 50'S CHRISTMAS ,0
2011-07-14,22086,PAPER CHAIN KIT 50'S CHRISTMAS ,13
2011-07-15,22086,PAPER CHAIN KIT 50'S CHRISTMAS ,1
2011-07-16,22086,PAPER CHAIN KIT 50'S CHRISTMAS ,0
2011-07-17,22086,PAPER CHAIN KIT 50'S CHRISTMAS ,0
2011-07-18,22086,PAPER CHAIN KIT 50'S CHRISTMAS ,19
2011-07-19,22086,PAPER CHAIN KIT 50'S CHRISTMAS ,0
2011-07-20,22086,PAPER CHAIN KIT 50'S CHRISTMAS ,3
2011-07-21,22086,PAPER CHAIN KIT 50'S CHRISTMAS ,8
2011-07-22,22086,PAPER CHAIN KIT 50'S CHRISTMAS ,0
2011-07-23,22086,PAPER CHAIN KIT 50'S CHRISTMAS ,0
2011-07-24,22086,PAPER CHAIN KIT 50'S CHRISTMAS ,2
2011-07-25,22086,PAPER CHAIN KIT 50'S CHRISTMAS ,0
2011-07-26,22086,PAPER CHAIN KIT 50'S CHRISTMAS ,22
2011-07-27,22086,PAPER CHAIN KIT 50'S CHRISTMAS ,7
2011-07-28,22086,PAPER CHAIN KIT 50'S CHRISTMAS ,190
2011-07-29,22086,PAPER CHAIN KIT 50'S CHRISTMAS ,6
2011-07-30,22086,PAPER CHAIN KIT 50'S CHRISTMAS ,0
2011-07-31,22086,PAPER CHAIN KIT 50'S CHRISTMAS ,62
2011-08-01,22086,PAPER CHAIN KIT 50'S CHRISTMAS ,0
2011-08-02,22086,PAPER CHAIN KIT 50'S CHRISTMAS ,46
2011-08-03,22086,PAPER CHAIN KIT 50'S CHRISTMAS ,44
2011-08-04,22086,PAPER CHAIN KIT 50'S CHRISTMAS ,145
2011-08-05,22086,PAPER CHAIN KIT 50'S CHRISTMAS ,46
2011-08-06,22086,PAPER CHAIN KIT 50'S CHRISTMAS ,0
2011-08-07,22086,PAPER CHAIN KIT 50'S CHRISTMAS ,0
2011-08-08,22086,PAPER CHAIN KIT 50'S CHRISTMAS ,0
2011-08-09,22086,PAPER CHAIN KIT 50'S CHRISTMAS ,0
2011-08-10,22086,PAPER CHAIN KIT 50'S CHRISTMAS ,0
2011-08-11,22086,PAPER CHAIN KIT 50'S CHRISTMAS ,13
2011-08-12,22086,PAPER CHAIN KIT 50'S CHRISTMAS ,0
2011-08-13,22086,PAPER CHAIN KIT 50'S CHRISTMAS ,0
2011-08-14,22086,PAPER CHAIN KIT 50'S CHRISTMAS ,9
2011-08-15,22086,PAPER CHAIN KIT 50'S CHRISTMAS ,0
2011-08-16,22086,PAPER CHAIN KIT 50'S CHRISTMAS ,0
2011-08-17,22086,PAPER CHAIN KIT 50'S CHRISTMAS ,20
2011-08-18,22086,PAPER CHAIN KIT 50'S CHRISTMAS ,0
2011-08-19,22086,PAPER CHAIN KIT 50'S CHRISTMAS ,6
2011-08-20,22086,PAPER CHAIN KIT 50'S CHRISTMAS ,0
2011-08-21,22086,PAPER CHAIN KIT 50'S CHRISTMAS ,10
2011-08-22,22086,PAPER CHAIN KIT 50'S CHRISTMAS ,6
2011-08-23,22086,PAPER CHAIN KIT 50'S CHRISTMAS ,1
2011-08-24,22086,PAPER CHAIN KIT 50'S CHRISTMAS ,8
2011-08-25,22086,PAPER CHAIN KIT 50'S CHRISTMAS ,1
2011-08-26,22086,PAPER CHAIN KIT 50'S CHRISTMAS ,12
2011-08-27,22086,PAPER CHAIN KIT 50'S CHRISTMAS ,0
2011-08-28,22086,PAPER CHAIN KIT 50'S CHRISTMAS ,0
2011-08-29,22086,PAPER CHAIN KIT 50'S CHRISTMAS ,0
2011-08-30,22086,PAPER CHAIN KIT 50'S CHRISTMAS ,83
2011-08-31,22086,PAPER CHAIN KIT 50'S CHRISTMAS ,40
2011-09-01,22086,PAPER CHAIN KIT 50'S CHRISTMAS ,40
2011-09-02,22086,PAPER CHAIN KIT 50'S CHRISTMAS ,5
2011-09-03,22086,PAPER CHAIN KIT 50'S CHRISTMAS ,0
2011-09-04,22086,PAPER CHAIN KIT 50'S CHRISTMAS ,24
2011-09-05,22086,PAPER CHAIN KIT 50'S CHRISTMAS ,210
2011-09-06,22086,PAPER CHAIN KIT 50'S CHRISTMAS ,24
2011-09-07,22086,PAPER CHAIN KIT 50'S CHRISTMAS ,15
2011-09-08,22086,PAPER CHAIN KIT 50'S CHRISTMAS ,10
2011-09-09,22086,PAPER CHAIN KIT 50'S CHRISTMAS ,25
2011-09-10,22086,PAPER CHAIN KIT 50'S CHRISTMAS ,0
2011-09-11,22086,PAPER CHAIN KIT 50'S CHRISTMAS ,211
2011-09-12,22086,PAPER CHAIN KIT 50'S CHRISTMAS ,118
2011-09-13,22086,PAPER CHAIN KIT 50'S CHRISTMAS ,170
2011-09-14,22086,PAPER CHAIN KIT 50'S CHRISTMAS ,50
2011-09-15,22086,PAPER CHAIN KIT 50'S CHRISTMAS ,156
2011-09-16,22086,PAPER CHAIN KIT 50'S CHRISTMAS ,99
2011-09-17,22086,PAPER CHAIN KIT 50'S CHRISTMAS ,0
2011-09-18,22086,PAPER CHAIN KIT 50'S CHRISTMAS ,8
2011-09-19,22086,PAPER CHAIN KIT 50'S CHRISTMAS ,70
2011-09-20,22086,PAPER CHAIN KIT 50'S CHRISTMAS ,63
2011-09-21,22086,PAPER CHAIN KIT 50'S CHRISTMAS ,29
2011-09-22,22086,PAPER CHAIN KIT 50'S CHRISTMAS ,175
2011-09-23,22086,PAPER CHAIN KIT 50'S CHRISTMAS ,122
2011-09-24,22086,PAPER CHAIN KIT 50'S CHRISTMAS ,0
2011-09-25,22086,PAPER CHAIN KIT 50'S CHRISTMAS ,143
2011-09-26,22086,PAPER CHAIN KIT 50'S CHRISTMAS ,38
2011-09-27,22086,PAPER CHAIN KIT 50'S CHRISTMAS ,105
2011-09-28,22086,PAPER CHAIN KIT 50'S CHRISTMAS ,22
2011-09-29,22086,PAPER CHAIN KIT 50'S CHRISTMAS ,96
2011-09-30,22086,PAPER CHAIN KIT 50'S CHRISTMAS ,78
2011-10-01,22086,PAPER CHAIN KIT 50'S CHRISTMAS ,0
2011-10-02,22086,PAPER CHAIN KIT 50'S CHRISTMAS ,20
2011-10-03,22086,PAPER CHAIN KIT 50'S CHRISTMAS ,70
2011-10-04,22086,PAPER CHAIN KIT 50'S CHRISTMAS ,743
2011-10-05,22086,PAPER CHAIN KIT 50'S CHRISTMAS ,45
2011-10-06,22086,PAPER CHAIN KIT 50'S CHRISTMAS ,60
2011-10-07,22086,PAPER CHAIN KIT 50'S CHRISTMAS ,33
2011-10-08,22086,PAPER CHAIN KIT 50'S CHRISTMAS ,0
2011-10-09,22086,PAPER CHAIN KIT 50'S CHRISTMAS ,26
2011-10-10,22086,PAPER CHAIN KIT 50'S CHRISTMAS ,378
2011-10-11,22086,PAPER CHAIN KIT 50'S CHRISTMAS ,100
2011-10-12,22086,PAPER CHAIN KIT 50'S CHRISTMAS ,164
2011-10-13,22086,PAPER CHAIN KIT 50'S CHRISTMAS ,55
2011-10-14,22086,PAPER CHAIN KIT 50'S CHRISTMAS ,52
2011-10-15,22086,PAPER CHAIN KIT 50'S CHRISTMAS ,0
2011-10-16,22086,PAPER CHAIN KIT 50'S CHRISTMAS ,70
2011-10-17,22086,PAPER CHAIN KIT 50'S CHRISTMAS ,323
2011-10-18,22086,PAPER CHAIN KIT 50'S CHRISTMAS ,71
2011-10-19,22086,PAPER CHAIN KIT 50'S CHRISTMAS ,137
2011-10-20,22086,PAPER CHAIN KIT 50'S CHRISTMAS ,116
2011-10-21,22086,PAPER CHAIN KIT 50'S CHRISTMAS ,96
2011-10-22,22086,PAPER CHAIN KIT 50'S CHRISTMAS ,0
2011-10-23,22086,PAPER CHAIN KIT 50'S CHRISTMAS ,13
2011-10-24,22086,PAPER CHAIN KIT 50'S CHRISTMAS ,391
2011-10-25,22086,PAPER CHAIN KIT 50'S CHRISTMAS ,130
2011-10-26,22086,PAPER CHAIN KIT 50'S CHRISTMAS ,48
2011-10-27,22086,PAPER CHAIN KIT 50'S CHRISTMAS ,71
2011-10-28,22086,PAPER CHAIN KIT 50'S CHRISTMAS ,30
2011-10-29,22086,PAPER CHAIN KIT 50'S CHRISTMAS ,0
2011-10-30,22086,PAPER CHAIN KIT 50'S CHRISTMAS ,94
2011-10-31,22086,PAPER CHAIN KIT 50'S CHRISTMAS ,93
2011-11-01,22086,PAPER CHAIN KIT 50'S CHRISTMAS ,82
2011-11-02,22086,PAPER CHAIN KIT 50'S CHRISTMAS ,254
2011-11-03,22086,PAPER CHAIN KIT 50'S CHRISTMAS ,1079
2011-11-04,22086,PAPER CHAIN KIT 50'S CHRISTMAS ,144
2011-11-05,22086,PAPER CHAIN KIT 50'S CHRISTMAS ,0
2011-11-06,22086,PAPER CHAIN KIT 50'S CHRISTMAS ,93
2011-11-07,22086,PAPER CHAIN KIT 50'S CHRISTMAS ,539
2011-11-08,22086,PAPER CHAIN KIT 50'S CHRISTMAS ,140
2011-11-09,22086,PAPER CHAIN KIT 50'S CHRISTMAS ,265
2011-11-10,22086,PAPER CHAIN KIT 50'S CHRISTMAS ,138
2010-12-01,22117,METAL SIGN HER DINNER IS SERVED ,2
2010-12-02,22117,METAL SIGN HER DINNER IS SERVED ,0
2010-12-03,22117,METAL SIGN HER DINNER IS SERVED ,1
2010-12-04,22117,METAL SIGN HER DINNER IS SERVED ,0
2010-12-05,22117,METAL SIGN HER DINNER IS SERVED ,0
2010-12-06,22117,METAL SIGN HER DINNER IS SERVED ,0
2010-12-07,22117,METAL SIGN HER DINNER IS SERVED ,0
2010-12-08,22117,METAL SIGN HER DINNER IS SERVED ,0
2010-12-09,22117,METAL SIGN HER DINNER IS SERVED ,1
2010-12-10,22117,METAL SIGN HER DINNER IS SERVED ,1
2010-12-11,22117,METAL SIGN HER DINNER IS SERVED ,0
2010-12-12,22117,METAL SIGN HER DINNER IS SERVED ,0
2010-12-13,22117,METAL SIGN HER DINNER IS SERVED ,12
2010-12-14,22117,METAL SIGN HER DINNER IS SERVED ,12
2010-12-15,22117,METAL SIGN HER DINNER IS SERVED ,0
2010-12-16,22117,METAL SIGN HER DINNER IS SERVED ,0
2010-12-17,22117,METAL SIGN HER DINNER IS SERVED ,1
2010-12-18,22117,METAL SIGN HER DINNER IS SERVED ,0
2010-12-19,22117,METAL SIGN HER DINNER IS SERVED ,12
2010-12-20,22117,METAL SIGN HER DINNER IS SERVED ,1
2010-12-21,22117,METAL SIGN HER DINNER IS SERVED ,0
2010-12-22,22117,METAL SIGN HER DINNER IS SERVED ,0
2010-12-23,22117,METAL SIGN HER DINNER IS SERVED ,1
2010-12-24,22117,METAL SIGN HER DINNER IS SERVED ,0
2010-12-25,22117,METAL SIGN HER DINNER IS SERVED ,0
2010-12-26,22117,METAL SIGN HER DINNER IS SERVED ,0
2010-12-27,22117,METAL SIGN HER DINNER IS SERVED ,0
2010-12-28,22117,METAL SIGN HER DINNER IS SERVED ,0
2010-12-29,22117,METAL SIGN HER DINNER IS SERVED ,0
2010-12-30,22117,METAL SIGN HER DINNER IS SERVED ,0
2010-12-31,22117,METAL SIGN HER DINNER IS SERVED ,0
2011-01-01,22117,METAL SIGN HER DINNER IS SERVED ,0
2011-01-02,22117,METAL SIGN HER DINNER IS SERVED ,0
2011-01-03,22117,METAL SIGN HER DINNER IS SERVED ,0
2011-01-04,22117,METAL SIGN HER DINNER IS SERVED ,5
2011-01-05,22117,METAL SIGN HER DINNER IS SERVED ,0
2011-01-06,22117,METAL SIGN HER DINNER IS SERVED ,3
2011-01-07,22117,METAL SIGN HER DINNER IS SERVED ,2
2011-01-08,22117,METAL SIGN HER DINNER IS SERVED ,0
2011-01-09,22117,METAL SIGN HER DINNER IS SERVED ,2
2011-01-10,22117,METAL SIGN HER DINNER IS SERVED ,3
2011-01-11,22117,METAL SIGN HER DINNER IS SERVED ,1
2011-01-12,22117,METAL SIGN HER DINNER IS SERVED ,2
2011-01-13,22117,METAL SIGN HER DINNER IS SERVED ,1
2011-01-14,22117,METAL SIGN HER DINNER IS SERVED ,1
2011-01-15,22117,METAL SIGN HER DINNER IS SERVED ,0
2011-01-16,22117,METAL SIGN HER DINNER IS SERVED ,1
2011-01-17,22117,METAL SIGN HER DINNER IS SERVED ,2
2011-01-18,22117,METAL SIGN HER DINNER IS SERVED ,0
2011-01-19,22117,METAL SIGN HER DINNER IS SERVED ,60
2011-01-20,22117,METAL SIGN HER DINNER IS SERVED ,2
2011-01-21,22117,METAL SIGN HER DINNER IS SERVED ,1
2011-01-22,22117,METAL SIGN HER DINNER IS SERVED ,0
2011-01-23,22117,METAL SIGN HER DINNER IS SERVED ,0
2011-01-24,22117,METAL SIGN HER DINNER IS SERVED ,0
2011-01-25,22117,METAL SIGN HER DINNER IS SERVED ,2
2011-01-26,22117,METAL SIGN HER DINNER IS SERVED ,1
2011-01-27,22117,METAL SIGN HER DINNER IS SERVED ,0
2011-01-28,22117,METAL SIGN HER DINNER IS SERVED ,0
2011-01-29,22117,METAL SIGN HER DINNER IS SERVED ,0
2011-01-30,22117,METAL SIGN HER DINNER IS SERVED ,13
2011-01-31,22117,METAL SIGN HER DINNER IS SERVED ,0
2011-02-01,22117,METAL SIGN HER DINNER IS SERVED ,0
2011-02-02,22117,METAL SIGN HER DINNER IS SERVED ,0
2011-02-03,22117,METAL SIGN HER DINNER IS SERVED ,2
2011-02-04,22117,METAL SIGN HER DINNER IS SERVED ,0
2011-02-05,22117,METAL SIGN HER DINNER IS SERVED ,0
2011-02-06,22117,METAL SIGN HER DINNER IS SERVED ,1
2011-02-07,22117,METAL SIGN HER DINNER IS SERVED ,0
2011-02-08,22117,METAL SIGN HER DINNER IS SERVED ,0
2011-02-09,22117,METAL SIGN HER DINNER IS SERVED ,0
2011-02-10,22117,METAL SIGN HER DINNER IS SERVED ,0
2011-02-11,22117,METAL SIGN HER DINNER IS SERVED ,0
2011-02-12,22117,METAL SIGN HER DINNER IS SERVED ,0
2011-02-13,22117,METAL SIGN HER DINNER IS SERVED ,0
2011-02-14,22117,METAL SIGN HER DINNER IS SERVED ,12
2011-02-15,22117,METAL SIGN HER DINNER IS SERVED ,3
2011-02-16,22117,METAL SIGN HER DINNER IS SERVED ,2
2011-02-17,22117,METAL SIGN HER DINNER IS SERVED ,0
2011-02-18,22117,METAL SIGN HER DINNER IS SERVED ,0
2011-02-19,22117,METAL SIGN HER DINNER IS SERVED ,0
2011-02-20,22117,METAL SIGN HER DINNER IS SERVED ,3
2011-02-21,22117,METAL SIGN HER DINNER IS SERVED ,0
2011-02-22,22117,METAL SIGN HER DINNER IS SERVED ,0
2011-02-23,22117,METAL SIGN HER DINNER IS SERVED ,1
2011-02-24,22117,METAL SIGN HER DINNER IS SERVED ,24
2011-02-25,22117,METAL SIGN HER DINNER IS SERVED ,0
2011-02-26,22117,METAL SIGN HER DINNER IS SERVED ,0
2011-02-27,22117,METAL SIGN HER DINNER IS SERVED ,1
2011-02-28,22117,METAL SIGN HER DINNER IS SERVED ,0
2011-03-01,22117,METAL SIGN HER DINNER IS SERVED ,0
2011-03-02,22117,METAL SIGN HER DINNER IS SERVED ,0
2011-03-03,22117,METAL SIGN HER DINNER IS SERVED ,0
2011-03-04,22117,METAL SIGN HER DINNER IS SERVED ,0
2011-03-05,22117,METAL SIGN HER DINNER IS SERVED ,0
2011-03-06,22117,METAL SIGN HER DINNER IS SERVED ,0
2011-03-07,22117,METAL SIGN HER DINNER IS SERVED ,0
2011-03-08,22117,METAL SIGN HER DINNER IS SERVED ,0
2011-03-09,22117,METAL SIGN HER DINNER IS SERVED ,0
2011-03-10,22117,METAL SIGN HER DINNER IS SERVED ,0
2011-03-11,22117,METAL SIGN HER DINNER IS SERVED ,0
2011-03-12,22117,METAL SIGN HER DINNER IS SERVED ,0
2011-03-13,22117,METAL SIGN HER DINNER IS SERVED ,0
2011-03-14,22117,METAL SIGN HER DINNER IS SERVED ,0
2011-03-15,22117,METAL SIGN HER DINNER IS SERVED ,0
2011-03-16,22117,METAL SIGN HER DINNER IS SERVED ,0
2011-03-17,22117,METAL SIGN HER DINNER IS SERVED ,0
2011-03-18,22117,METAL SIGN HER DINNER IS SERVED ,0
2011-03-19,22117,METAL SIGN HER DINNER IS SERVED ,0
2011-03-20,22117,METAL SIGN HER DINNER IS SERVED ,1
2011-03-21,22117,METAL SIGN HER DINNER IS SERVED ,0
2011-03-22,22117,METAL SIGN HER DINNER IS SERVED ,0
2011-03-23,22117,METAL SIGN HER DINNER IS SERVED ,0
2011-03-24,22117,METAL SIGN HER DINNER IS SERVED ,1
2011-03-25,22117,METAL SIGN HER DINNER IS SERVED ,0
2011-03-26,22117,METAL SIGN HER DINNER IS SERVED ,0
2011-03-27,22117,METAL SIGN HER DINNER IS SERVED ,0
2011-03-28,22117,METAL SIGN HER DINNER IS SERVED ,0
2011-03-29,22117,METAL SIGN HER DINNER IS SERVED ,0
2011-03-30,22117,METAL SIGN HER DINNER IS SERVED ,0
2011-03-31,22117,METAL SIGN HER DINNER IS SERVED ,6
2011-04-01,22117,METAL SIGN HER DINNER IS SERVED ,0
2011-04-02,22117,METAL SIGN HER DINNER IS SERVED ,0
2011-04-03,22117,METAL SIGN HER DINNER IS SERVED ,2
2011-04-04,22117,METAL SIGN HER DINNER IS SERVED ,2
2011-04-05,22117,METAL SIGN HER DINNER IS SERVED ,0
2011-04-06,22117,METAL SIGN HER DINNER IS SERVED ,1
2011-04-07,22117,METAL SIGN HER DINNER IS SERVED ,0
2011-04-08,22117,METAL SIGN HER DINNER IS SERVED ,0
2011-04-09,22117,METAL SIGN HER DINNER IS SERVED ,0
2011-04-10,22117,METAL SIGN HER DINNER IS SERVED ,8
2011-04-11,22117,METAL SIGN HER DINNER IS SERVED ,1
2011-04-12,22117,METAL SIGN HER DINNER IS SERVED ,0
2011-04-13,22117,METAL SIGN HER DINNER IS SERVED ,0
2011-04-14,22117,METAL SIGN HER DINNER IS SERVED ,0
2011-04-15,22117,METAL SIGN HER DINNER IS SERVED ,0
2011-04-16,22117,METAL SIGN HER DINNER IS SERVED ,0
2011-04-17,22117,METAL SIGN HER DINNER IS SERVED ,0
2011-04-18,22117,METAL SIGN HER DINNER IS SERVED ,6
2011-04-19,22117,METAL SIGN HER DINNER IS SERVED ,0
2011-04-20,22117,METAL SIGN HER DINNER IS SERVED ,0
2011-04-21,22117,METAL SIGN HER DINNER IS SERVED ,0
2011-04-22,22117,METAL SIGN HER DINNER IS SERVED ,0
2011-04-23,22117,METAL SIGN HER DINNER IS SERVED ,0
2011-04-24,22117,METAL SIGN HER DINNER IS SERVED ,0
2011-04-25,22117,METAL SIGN HER DINNER IS SERVED ,0
2011-04-26,22117,METAL SIGN HER DINNER IS SERVED ,0
2011-04-27,22117,METAL SIGN HER DINNER IS SERVED ,2
2011-04-28,22117,METAL SIGN HER DINNER IS SERVED ,0
2011-04-29,22117,METAL SIGN HER DINNER IS SERVED ,0
2011-04-30,22117,METAL SIGN HER DINNER IS SERVED ,0
2011-05-01,22117,METAL SIGN HER DINNER IS SERVED ,0
2011-05-02,22117,METAL SIGN HER DINNER IS SERVED ,0
2011-05-03,22117,METAL SIGN HER DINNER IS SERVED ,1
2011-05-04,22117,METAL SIGN HER DINNER IS SERVED ,0
2011-05-05,22117,METAL SIGN HER DINNER IS SERVED ,0
2011-05-06,22117,METAL SIGN HER DINNER IS SERVED ,0
2011-05-07,22117,METAL SIGN HER DINNER IS SERVED ,0
2011-05-08,22117,METAL SIGN HER DINNER IS SERVED ,0
2011-05-09,22117,METAL SIGN HER DINNER IS SERVED ,2
2011-05-10,22117,METAL SIGN HER DINNER IS SERVED ,0
2011-05-11,22117,METAL SIGN HER DINNER IS SERVED ,0
2011-05-12,22117,METAL SIGN HER DINNER IS SERVED ,0
2011-05-13,22117,METAL SIGN HER DINNER IS SERVED ,0
2011-05-14,22117,METAL SIGN HER DINNER IS SERVED ,0
2011-05-15,22117,METAL SIGN HER DINNER IS SERVED ,0
2011-05-16,22117,METAL SIGN HER DINNER IS SERVED ,0
2011-05-17,22117,METAL SIGN HER DINNER IS SERVED ,0
2011-05-18,22117,METAL SIGN HER DINNER IS SERVED ,0
2011-05-19,22117,METAL SIGN HER DINNER IS SERVED ,1
2011-05-20,22117,METAL SIGN HER DINNER IS SERVED ,0
2011-05-21,22117,METAL SIGN HER DINNER IS SERVED ,0
2011-05-22,22117,METAL SIGN HER DINNER IS SERVED ,0
2011-05-23,22117,METAL SIGN HER DINNER IS SERVED ,0
2011-05-24,22117,METAL SIGN HER DINNER IS SERVED ,0
2011-05-25,22117,METAL SIGN HER DINNER IS SERVED ,0
2011-05-26,22117,METAL SIGN HER DINNER IS SERVED ,0
2011-05-27,22117,METAL SIGN HER DINNER IS SERVED ,0
2011-05-28,22117,METAL SIGN HER DINNER IS SERVED ,0
2011-05-29,22117,METAL SIGN HER DINNER IS SERVED ,0
2011-05-30,22117,METAL SIGN HER DINNER IS SERVED ,0
2011-05-31,22117,METAL SIGN HER DINNER IS SERVED ,0
2011-06-01,22117,METAL SIGN HER DINNER IS SERVED ,0
2011-06-02,22117,METAL SIGN HER DINNER IS SERVED ,0
2011-06-03,22117,METAL SIGN HER DINNER IS SERVED ,0
2011-06-04,22117,METAL SIGN HER DINNER IS SERVED ,0
2011-06-05,22117,METAL SIGN HER DINNER IS SERVED ,0
2011-06-06,22117,METAL SIGN HER DINNER IS SERVED ,0
2011-06-07,22117,METAL SIGN HER DINNER IS SERVED ,0
2011-06-08,22117,METAL SIGN HER DINNER IS SERVED ,0
2011-06-09,22117,METAL SIGN HER DINNER IS SERVED ,0
2011-06-10,22117,METAL SIGN HER DINNER IS SERVED ,0
2011-06-11,22117,METAL SIGN HER DINNER IS SERVED ,0
2011-06-12,22117,METAL SIGN HER DINNER IS SERVED ,2
2011-06-13,22117,METAL SIGN HER DINNER IS SERVED ,6
2011-06-14,22117,METAL SIGN HER DINNER IS SERVED ,4
2011-06-15,22117,METAL SIGN HER DINNER IS SERVED ,0
2011-06-16,22117,METAL SIGN HER DINNER IS SERVED ,0
2011-06-17,22117,METAL SIGN HER DINNER IS SERVED ,0
2011-06-18,22117,METAL SIGN HER DINNER IS SERVED ,0
2011-06-19,22117,METAL SIGN HER DINNER IS SERVED ,1
2011-06-20,22117,METAL SIGN HER DINNER IS SERVED ,0
2011-06-21,22117,METAL SIGN HER DINNER IS SERVED ,0
2011-06-22,22117,METAL SIGN HER DINNER IS SERVED ,0
2011-06-23,22117,METAL SIGN HER DINNER IS SERVED ,1
2011-06-24,22117,METAL SIGN HER DINNER IS SERVED ,0
2011-06-25,22117,METAL SIGN HER DINNER IS SERVED ,0
2011-06-26,22117,METAL SIGN HER DINNER IS SERVED ,1
2011-06-27,22117,METAL SIGN HER DINNER IS SERVED ,0
2011-06-28,22117,METAL SIGN HER DINNER IS SERVED ,0
2011-06-29,22117,METAL SIGN HER DINNER IS SERVED ,0
2011-06-30,22117,METAL SIGN HER DINNER IS SERVED ,0
2011-07-01,22117,METAL SIGN HER DINNER IS SERVED ,0
2011-07-02,22117,METAL SIGN HER DINNER IS SERVED ,0
2011-07-03,22117,METAL SIGN HER DINNER IS SERVED ,0
2011-07-04,22117,METAL SIGN HER DINNER IS SERVED ,0
2011-07-05,22117,METAL SIGN HER DINNER IS SERVED ,0
2011-07-06,22117,METAL SIGN HER DINNER IS SERVED ,0
2011-07-07,22117,METAL SIGN HER DINNER IS SERVED ,9
2011-07-08,22117,METAL SIGN HER DINNER IS SERVED ,0
2011-07-09,22117,METAL SIGN HER DINNER IS SERVED ,0
2011-07-10,22117,METAL SIGN HER DINNER IS SERVED ,0
2011-07-11,22117,METAL SIGN HER DINNER IS SERVED ,0
2011-07-12,22117,METAL SIGN HER DINNER IS SERVED ,0
2011-07-13,22117,METAL SIGN HER DINNER IS SERVED ,0
2011-07-14,22117,METAL SIGN HER DINNER IS SERVED ,1
2011-07-15,22117,METAL SIGN HER DINNER IS SERVED ,0
2011-07-16,22117,METAL SIGN HER DINNER IS SERVED ,0
2011-07-17,22117,METAL SIGN HER DINNER IS SERVED ,0
2011-07-18,22117,METAL SIGN HER DINNER IS SERVED ,0
2011-07-19,22117,METAL SIGN HER DINNER IS SERVED ,0
2011-07-20,22117,METAL SIGN HER DINNER IS SERVED ,0
2011-07-21,22117,METAL SIGN HER DINNER IS SERVED ,0
2011-07-22,22117,METAL SIGN HER DINNER IS SERVED ,0
2011-07-23,22117,METAL SIGN HER DINNER IS SERVED ,0
2011-07-24,22117,METAL SIGN HER DINNER IS SERVED ,0
2011-07-25,22117,METAL SIGN HER DINNER IS SERVED ,0
2011-07-26,22117,METAL SIGN HER DINNER IS SERVED ,0
2011-07-27,22117,METAL SIGN HER DINNER IS SERVED ,0
2011-07-28,22117,METAL SIGN HER DINNER IS SERVED ,0
2011-07-29,22117,METAL SIGN HER DINNER IS SERVED ,0
2011-07-30,22117,METAL SIGN HER DINNER IS SERVED ,0
2011-07-31,22117,METAL SIGN HER DINNER IS SERVED ,0
2011-08-01,22117,METAL SIGN HER DINNER IS SERVED ,1
2011-08-02,22117,METAL SIGN HER DINNER IS SERVED ,0
2011-08-03,22117,METAL SIGN HER DINNER IS SERVED ,0
2011-08-04,22117,METAL SIGN HER DINNER IS SERVED ,0
2011-08-05,22117,METAL SIGN HER DINNER IS SERVED ,0
2011-08-06,22117,METAL SIGN HER DINNER IS SERVED ,0
2011-08-07,22117,METAL SIGN HER DINNER IS SERVED ,0
2011-08-08,22117,METAL SIGN HER DINNER IS SERVED ,0
2011-08-09,22117,METAL SIGN HER DINNER IS SERVED ,0
2011-08-10,22117,METAL SIGN HER DINNER IS SERVED ,0
2011-08-11,22117,METAL SIGN HER DINNER IS SERVED ,0
2011-08-12,22117,METAL SIGN HER DINNER IS SERVED ,0
2011-08-13,22117,METAL SIGN HER DINNER IS SERVED ,0
2011-08-14,22117,METAL SIGN HER DINNER IS SERVED ,0
2011-08-15,22117,METAL SIGN HER DINNER IS SERVED ,0
2011-08-16,22117,METAL SIGN HER DINNER IS SERVED ,0
2011-08-17,22117,METAL SIGN HER DINNER IS SERVED ,248
2011-08-18,22117,METAL SIGN HER DINNER IS SERVED ,0
2011-08-19,22117,METAL SIGN HER DINNER IS SERVED ,0
2011-08-20,22117,METAL SIGN HER DINNER IS SERVED ,0
2011-08-21,22117,METAL SIGN HER DINNER IS SERVED ,0
2011-08-22,22117,METAL SIGN HER DINNER IS SERVED ,0
2011-08-23,22117,METAL SIGN HER DINNER IS SERVED ,0
2011-08-24,22117,METAL SIGN HER DINNER IS SERVED ,0
2011-08-25,22117,METAL SIGN HER DINNER IS SERVED ,0
2011-08-26,22117,METAL SIGN HER DINNER IS SERVED ,0
2011-08-27,22117,METAL SIGN HER DINNER IS SERVED ,0
2011-08-28,22117,METAL SIGN HER DINNER IS SERVED ,0
2011-08-29,22117,METAL SIGN HER DINNER IS SERVED ,0
2011-08-30,22117,METAL SIGN HER DINNER IS SERVED ,0
2011-08-31,22117,METAL SIGN HER DINNER IS SERVED ,0
2011-09-01,22117,METAL SIGN HER DINNER IS SERVED ,0
2011-09-02,22117,METAL SIGN HER DINNER IS SERVED ,0
2011-09-03,22117,METAL SIGN HER DINNER IS SERVED ,0
2011-09-04,22117,METAL SIGN HER DINNER IS SERVED ,0
2011-09-05,22117,METAL SIGN HER DINNER IS SERVED ,0
2011-09-06,22117,METAL SIGN HER DINNER IS SERVED ,0
2011-09-07,22117,METAL SIGN HER DINNER IS SERVED ,2
2011-09-08,22117,METAL SIGN HER DINNER IS SERVED ,0
2011-09-09,22117,METAL SIGN HER DINNER IS SERVED ,6
2011-09-10,22117,METAL SIGN HER DINNER IS SERVED ,0
2011-09-11,22117,METAL SIGN HER DINNER IS SERVED ,0
2011-09-12,22117,METAL SIGN HER DINNER IS SERVED ,0
2011-09-13,22117,METAL SIGN HER DINNER IS SERVED ,0
2011-09-14,22117,METAL SIGN HER DINNER IS SERVED ,1
2011-09-15,22117,METAL SIGN HER DINNER IS SERVED ,1
2011-09-16,22117,METAL SIGN HER DINNER IS SERVED ,0
2011-09-17,22117,METAL SIGN HER DINNER IS SERVED ,0
2011-09-18,22117,METAL SIGN HER DINNER IS SERVED ,0
2011-09-19,22117,METAL SIGN HER DINNER IS SERVED ,0
2011-09-20,22117,METAL SIGN HER DINNER IS SERVED ,754
2011-09-21,22117,METAL SIGN HER DINNER IS SERVED ,0
2011-09-22,22117,METAL SIGN HER DINNER IS SERVED ,0
2011-09-23,22117,METAL SIGN HER DINNER IS SERVED ,0
2011-09-24,22117,METAL SIGN HER DINNER IS SERVED ,0
2011-09-25,22117,METAL SIGN HER DINNER IS SERVED ,1
2011-09-26,22117,METAL SIGN HER DINNER IS SERVED ,12
2011-09-27,22117,METAL SIGN HER DINNER IS SERVED ,0
2011-09-28,22117,METAL SIGN HER DINNER IS SERVED ,1
2011-09-29,22117,METAL SIGN HER DINNER IS SERVED ,7
2011-09-30,22117,METAL SIGN HER DINNER IS SERVED ,0
2011-10-01,22117,METAL SIGN HER DINNER IS SERVED ,0
2011-10-02,22117,METAL SIGN HER DINNER IS SERVED ,0
2011-10-03,22117,METAL SIGN HER DINNER IS SERVED ,0
2011-10-04,22117,METAL SIGN HER DINNER IS SERVED ,0
2011-10-05,22117,METAL SIGN HER DINNER IS SERVED ,0
2011-10-06,22117,METAL SIGN HER DINNER IS SERVED ,0
2011-10-07,22117,METAL SIGN HER DINNER IS SERVED ,0
2011-10-08,22117,METAL SIGN HER DINNER IS SERVED ,0
2011-10-09,22117,METAL SIGN HER DINNER IS SERVED ,0
2011-10-10,22117,METAL SIGN HER DINNER IS SERVED ,0
2011-10-11,22117,METAL SIGN HER DINNER IS SERVED ,0
2011-10-12,22117,METAL SIGN HER DINNER IS SERVED ,0
2011-10-13,22117,METAL SIGN HER DINNER IS SERVED ,0
2011-10-14,22117,METAL SIGN HER DINNER IS SERVED ,0
2011-10-15,22117,METAL SIGN HER DINNER IS SERVED ,0
2011-10-16,22117,METAL SIGN HER DINNER IS SERVED ,0
2011-10-17,22117,METAL SIGN HER DINNER IS SERVED ,12
2011-10-18,22117,METAL SIGN HER DINNER IS SERVED ,0
2011-10-19,22117,METAL SIGN HER DINNER IS SERVED ,0
2011-10-20,22117,METAL SIGN HER DINNER IS SERVED ,0
2011-10-21,22117,METAL SIGN HER DINNER IS SERVED ,0
2011-10-22,22117,METAL SIGN HER DINNER IS SERVED ,0
2011-10-23,22117,METAL SIGN HER DINNER IS SERVED ,0
2011-10-24,22117,METAL SIGN HER DINNER IS SERVED ,0
2011-10-25,22117,METAL SIGN HER DINNER IS SERVED ,0
2011-10-26,22117,METAL SIGN HER DINNER IS SERVED ,0
2011-10-27,22117,METAL SIGN HER DINNER IS SERVED ,0
2011-10-28,22117,METAL SIGN HER DINNER IS SERVED ,2
2011-10-29,22117,METAL SIGN HER DINNER IS SERVED ,0
2011-10-30,22117,METAL SIGN HER DINNER IS SERVED ,1
2011-10-31,22117,METAL SIGN HER DINNER IS SERVED ,0
2011-11-01,22117,METAL SIGN HER DINNER IS SERVED ,0
2011-11-02,22117,METAL SIGN HER DINNER IS SERVED ,0
2011-11-03,22117,METAL SIGN HER DINNER IS SERVED ,0
2011-11-04,22117,METAL SIGN HER DINNER IS SERVED ,1
2011-11-05,22117,METAL SIGN HER DINNER IS SERVED ,0
2011-11-06,22117,METAL SIGN HER DINNER IS SERVED ,0
2011-11-07,22117,METAL SIGN HER DINNER IS SERVED ,0
2011-11-08,22117,METAL SIGN HER DINNER IS SERVED ,0
2011-11-09,22117,METAL SIGN HER DINNER IS SERVED ,6
2011-11-10,22117,METAL SIGN HER DINNER IS SERVED ,0
2010-12-01,22190,LOCAL CAFE MUG,6
2010-12-02,22190,LOCAL CAFE MUG,1
2010-12-03,22190,LOCAL CAFE MUG,1
2010-12-04,22190,LOCAL CAFE MUG,0
2010-12-05,22190,LOCAL CAFE MUG,3
2010-12-06,22190,LOCAL CAFE MUG,8
2010-12-07,22190,LOCAL CAFE MUG,4
2010-12-08,22190,LOCAL CAFE MUG,1
2010-12-09,22190,LOCAL CAFE MUG,4
2010-12-10,22190,LOCAL CAFE MUG,9
2010-12-11,22190,LOCAL CAFE MUG,0
2010-12-12,22190,LOCAL CAFE MUG,3
2010-12-13,22190,LOCAL CAFE MUG,6
2010-12-14,22190,LOCAL CAFE MUG,1
2010-12-15,22190,LOCAL CAFE MUG,0
2010-12-16,22190,LOCAL CAFE MUG,48
2010-12-17,22190,LOCAL CAFE MUG,29
2010-12-18,22190,LOCAL CAFE MUG,0
2010-12-19,22190,LOCAL CAFE MUG,0
2010-12-20,22190,LOCAL CAFE MUG,15
2010-12-21,22190,LOCAL CAFE MUG,0
2010-12-22,22190,LOCAL CAFE MUG,0
2010-12-23,22190,LOCAL CAFE MUG,0
2010-12-24,22190,LOCAL CAFE MUG,0
2010-12-25,22190,LOCAL CAFE MUG,0
2010-12-26,22190,LOCAL CAFE MUG,0
2010-12-27,22190,LOCAL CAFE MUG,0
2010-12-28,22190,LOCAL CAFE MUG,0
2010-12-29,22190,LOCAL CAFE MUG,0
2010-12-30,22190,LOCAL CAFE MUG,0
2010-12-31,22190,LOCAL CAFE MUG,0
2011-01-01,22190,LOCAL CAFE MUG,0
2011-01-02,22190,LOCAL CAFE MUG,0
2011-01-03,22190,LOCAL CAFE MUG,0
2011-01-04,22190,LOCAL CAFE MUG,1
2011-01-05,22190,LOCAL CAFE MUG,0
2011-01-06,22190,LOCAL CAFE MUG,1
2011-01-07,22190,LOCAL CAFE MUG,0
2011-01-08,22190,LOCAL CAFE MUG,0
2011-01-09,22190,LOCAL CAFE MUG,0
2011-01-10,22190,LOCAL CAFE MUG,0
2011-01-11,22190,LOCAL CAFE MUG,1
2011-01-12,22190,LOCAL CAFE MUG,0
2011-01-13,22190,LOCAL CAFE MUG,12
2011-01-14,22190,LOCAL CAFE MUG,1
2011-01-15,22190,LOCAL CAFE MUG,0
2011-01-16,22190,LOCAL CAFE MUG,0
2011-01-17,22190,LOCAL CAFE MUG,1
2011-01-18,22190,LOCAL CAFE MUG,0
2011-01-19,22190,LOCAL CAFE MUG,24
2011-01-20,22190,LOCAL CAFE MUG,4
2011-01-21,22190,LOCAL CAFE MUG,2
2011-01-22,22190,LOCAL CAFE MUG,0
2011-01-23,22190,LOCAL CAFE MUG,1
2011-01-24,22190,LOCAL CAFE MUG,0
2011-01-25,22190,LOCAL CAFE MUG,24
2011-01-26,22190,LOCAL CAFE MUG,1
2011-01-27,22190,LOCAL CAFE MUG,0
2011-01-28,22190,LOCAL CAFE MUG,0
2011-01-29,22190,LOCAL CAFE MUG,0
2011-01-30,22190,LOCAL CAFE MUG,0
2011-01-31,22190,LOCAL CAFE MUG,0
2011-02-01,22190,LOCAL CAFE MUG,0
2011-02-02,22190,LOCAL CAFE MUG,0
2011-02-03,22190,LOCAL CAFE MUG,0
2011-02-04,22190,LOCAL CAFE MUG,0
2011-02-05,22190,LOCAL CAFE MUG,0
2011-02-06,22190,LOCAL CAFE MUG,0
2011-02-07,22190,LOCAL CAFE MUG,0
2011-02-08,22190,LOCAL CAFE MUG,0
2011-02-09,22190,LOCAL CAFE MUG,0
2011-02-10,22190,LOCAL CAFE MUG,0
2011-02-11,22190,LOCAL CAFE MUG,0
2011-02-12,22190,LOCAL CAFE MUG,0
2011-02-13,22190,LOCAL CAFE MUG,0
2011-02-14,22190,LOCAL CAFE MUG,0
2011-02-15,22190,LOCAL CAFE MUG,0
2011-02-16,22190,LOCAL CAFE MUG,0
2011-02-17,22190,LOCAL CAFE MUG,0
2011-02-18,22190,LOCAL CAFE MUG,48
2011-02-19,22190,LOCAL CAFE MUG,0
2011-02-20,22190,LOCAL CAFE MUG,0
2011-02-21,22190,LOCAL CAFE MUG,1
2011-02-22,22190,LOCAL CAFE MUG,0
2011-02-23,22190,LOCAL CAFE MUG,0
2011-02-24,22190,LOCAL CAFE MUG,0
2011-02-25,22190,LOCAL CAFE MUG,0
2011-02-26,22190,LOCAL CAFE MUG,0
2011-02-27,22190,LOCAL CAFE MUG,0
2011-02-28,22190,LOCAL CAFE MUG,0
2011-03-01,22190,LOCAL CAFE MUG,0
2011-03-02,22190,LOCAL CAFE MUG,0
2011-03-03,22190,LOCAL CAFE MUG,0
2011-03-04,22190,LOCAL CAFE MUG,0
2011-03-05,22190,LOCAL CAFE MUG,0
2011-03-06,22190,LOCAL CAFE MUG,0
2011-03-07,22190,LOCAL CAFE MUG,0
2011-03-08,22190,LOCAL CAFE MUG,0
2011-03-09,22190,LOCAL CAFE MUG,0
2011-03-10,22190,LOCAL CAFE MUG,0
2011-03-11,22190,LOCAL CAFE MUG,0
2011-03-12,22190,LOCAL CAFE MUG,0
2011-03-13,22190,LOCAL CAFE MUG,0
2011-03-14,22190,LOCAL CAFE MUG,0
2011-03-15,22190,LOCAL CAFE MUG,0
2011-03-16,22190,LOCAL CAFE MUG,0
2011-03-17,22190,LOCAL CAFE MUG,1
2011-03-18,22190,LOCAL CAFE MUG,0
2011-03-19,22190,LOCAL CAFE MUG,0
2011-03-20,22190,LOCAL CAFE MUG,0
2011-03-21,22190,LOCAL CAFE MUG,0
2011-03-22,22190,LOCAL CAFE MUG,0
2011-03-23,22190,LOCAL CAFE MUG,0
2011-03-24,22190,LOCAL CAFE MUG,0
2011-03-25,22190,LOCAL CAFE MUG,0
2011-03-26,22190,LOCAL CAFE MUG,0
2011-03-27,22190,LOCAL CAFE MUG,0
2011-03-28,22190,LOCAL CAFE MUG,0
2011-03-29,22190,LOCAL CAFE MUG,0
2011-03-30,22190,LOCAL CAFE MUG,0
2011-03-31,22190,LOCAL CAFE MUG,0
2011-04-01,22190,LOCAL CAFE MUG,0
2011-04-02,22190,LOCAL CAFE MUG,0
2011-04-03,22190,LOCAL CAFE MUG,0
2011-04-04,22190,LOCAL CAFE MUG,1
2011-04-05,22190,LOCAL CAFE MUG,0
2011-04-06,22190,LOCAL CAFE MUG,0
2011-04-07,22190,LOCAL CAFE MUG,0
2011-04-08,22190,LOCAL CAFE MUG,0
2011-04-09,22190,LOCAL CAFE MUG,0
2011-04-10,22190,LOCAL CAFE MUG,0
2011-04-11,22190,LOCAL CAFE MUG,0
2011-04-12,22190,LOCAL CAFE MUG,0
2011-04-13,22190,LOCAL CAFE MUG,0
2011-04-14,22190,LOCAL CAFE MUG,1
2011-04-15,22190,LOCAL CAFE MUG,0
2011-04-16,22190,LOCAL CAFE MUG,0
2011-04-17,22190,LOCAL CAFE MUG,0
2011-04-18,22190,LOCAL CAFE MUG,2
2011-04-19,22190,LOCAL CAFE MUG,0
2011-04-20,22190,LOCAL CAFE MUG,0
2011-04-21,22190,LOCAL CAFE MUG,0
2011-04-22,22190,LOCAL CAFE MUG,0
2011-04-23,22190,LOCAL CAFE MUG,0
2011-04-24,22190,LOCAL CAFE MUG,0
2011-04-25,22190,LOCAL CAFE MUG,0
2011-04-26,22190,LOCAL CAFE MUG,0
2011-04-27,22190,LOCAL CAFE MUG,0
2011-04-28,22190,LOCAL CAFE MUG,0
2011-04-29,22190,LOCAL CAFE MUG,0
2011-04-30,22190,LOCAL CAFE MUG,0
2011-05-01,22190,LOCAL CAFE MUG,0
2011-05-02,22190,LOCAL CAFE MUG,0
2011-05-03,22190,LOCAL CAFE MUG,0
2011-05-04,22190,LOCAL CAFE MUG,0
2011-05-05,22190,LOCAL CAFE MUG,2
2011-05-06,22190,LOCAL CAFE MUG,0
2011-05-07,22190,LOCAL CAFE MUG,0
2011-05-08,22190,LOCAL CAFE MUG,0
2011-05-09,22190,LOCAL CAFE MUG,0
2011-05-10,22190,LOCAL CAFE MUG,0
2011-05-11,22190,LOCAL CAFE MUG,0
2011-05-12,22190,LOCAL CAFE MUG,4
2011-05-13,22190,LOCAL CAFE MUG,2
2011-05-14,22190,LOCAL CAFE MUG,0
2011-05-15,22190,LOCAL CAFE MUG,0
2011-05-16,22190,LOCAL CAFE MUG,1
2011-05-17,22190,LOCAL CAFE MUG,0
2011-05-18,22190,LOCAL CAFE MUG,1
2011-05-19,22190,LOCAL CAFE MUG,0
2011-05-20,22190,LOCAL CAFE MUG,6
2011-05-21,22190,LOCAL CAFE MUG,0
2011-05-22,22190,LOCAL CAFE MUG,0
2011-05-23,22190,LOCAL CAFE MUG,0
2011-05-24,22190,LOCAL CAFE MUG,2
2011-05-25,22190,LOCAL CAFE MUG,0
2011-05-26,22190,LOCAL CAFE MUG,54
2011-05-27,22190,LOCAL CAFE MUG,0
2011-05-28,22190,LOCAL CAFE MUG,0
2011-05-29,22190,LOCAL CAFE MUG,0
2011-05-30,22190,LOCAL CAFE MUG,0
2011-05-31,22190,LOCAL CAFE MUG,2
2011-06-01,22190,LOCAL CAFE MUG,0
2011-06-02,22190,LOCAL CAFE MUG,0
2011-06-03,22190,LOCAL CAFE MUG,0
2011-06-04,22190,LOCAL CAFE MUG,0
2011-06-05,22190,LOCAL CAFE MUG,0
2011-06-06,22190,LOCAL CAFE MUG,1
2011-06-07,22190,LOCAL CAFE MUG,0
2011-06-08,22190,LOCAL CAFE MUG,0
2011-06-09,22190,LOCAL CAFE MUG,0
2011-06-10,22190,LOCAL CAFE MUG,2
2011-06-11,22190,LOCAL CAFE MUG,0
2011-06-12,22190,LOCAL CAFE MUG,0
2011-06-13,22190,LOCAL CAFE MUG,0
2011-06-14,22190,LOCAL CAFE MUG,0
2011-06-15,22190,LOCAL CAFE MUG,1
2011-06-16,22190,LOCAL CAFE MUG,0
2011-06-17,22190,LOCAL CAFE MUG,0
2011-06-18,22190,LOCAL CAFE MUG,0
2011-06-19,22190,LOCAL CAFE MUG,6
2011-06-20,22190,LOCAL CAFE MUG,2
2011-06-21,22190,LOCAL CAFE MUG,0
2011-06-22,22190,LOCAL CAFE MUG,0
2011-06-23,22190,LOCAL CAFE MUG,0
2011-06-24,22190,LOCAL CAFE MUG,0
2011-06-25,22190,LOCAL CAFE MUG,0
2011-06-26,22190,LOCAL CAFE MUG,0
2011-06-27,22190,LOCAL CAFE MUG,0
2011-06-28,22190,LOCAL CAFE MUG,0
2011-06-29,22190,LOCAL CAFE MUG,1
2011-06-30,22190,LOCAL CAFE MUG,0
2011-07-01,22190,LOCAL CAFE MUG,0
2011-07-02,22190,LOCAL CAFE MUG,0
2011-07-03,22190,LOCAL CAFE MUG,0
2011-07-04,22190,LOCAL CAFE MUG,1
2011-07-05,22190,LOCAL CAFE MUG,2
2011-07-06,22190,LOCAL CAFE MUG,0
2011-07-07,22190,LOCAL CAFE MUG,0
2011-07-08,22190,LOCAL CAFE MUG,0
2011-07-09,22190,LOCAL CAFE MUG,0
2011-07-10,22190,LOCAL CAFE MUG,0
2011-07-11,22190,LOCAL CAFE MUG,0
2011-07-12,22190,LOCAL CAFE MUG,0
2011-07-13,22190,LOCAL CAFE MUG,0
2011-07-14,22190,LOCAL CAFE MUG,0
2011-07-15,22190,LOCAL CAFE MUG,0
2011-07-16,22190,LOCAL CAFE MUG,0
2011-07-17,22190,LOCAL CAFE MUG,0
2011-07-18,22190,LOCAL CAFE MUG,0
2011-07-19,22190,LOCAL CAFE MUG,0
2011-07-20,22190,LOCAL CAFE MUG,49
2011-07-21,22190,LOCAL CAFE MUG,0
2011-07-22,22190,LOCAL CAFE MUG,0
2011-07-23,22190,LOCAL CAFE MUG,0
2011-07-24,22190,LOCAL CAFE MUG,0
2011-07-25,22190,LOCAL CAFE MUG,1
2011-07-26,22190,LOCAL CAFE MUG,0
2011-07-27,22190,LOCAL CAFE MUG,0
2011-07-28,22190,LOCAL CAFE MUG,0
2011-07-29,22190,LOCAL CAFE MUG,0
2011-07-30,22190,LOCAL CAFE MUG,0
2011-07-31,22190,LOCAL CAFE MUG,0
2011-08-01,22190,LOCAL CAFE MUG,0
2011-08-02,22190,LOCAL CAFE MUG,0
2011-08-03,22190,LOCAL CAFE MUG,0
2011-08-04,22190,LOCAL CAFE MUG,0
2011-08-05,22190,LOCAL CAFE MUG,3
2011-08-06,22190,LOCAL CAFE MUG,0
2011-08-07,22190,LOCAL CAFE MUG,0
2011-08-08,22190,LOCAL CAFE MUG,0
2011-08-09,22190,LOCAL CAFE MUG,0
2011-08-10,22190,LOCAL CAFE MUG,0
2011-08-11,22190,LOCAL CAFE MUG,0
2011-08-12,22190,LOCAL CAFE MUG,0
2011-08-13,22190,LOCAL CAFE MUG,0
2011-08-14,22190,LOCAL CAFE MUG,0
2011-08-15,22190,LOCAL CAFE MUG,0
2011-08-16,22190,LOCAL CAFE MUG,0
2011-08-17,22190,LOCAL CAFE MUG,0
2011-08-18,22190,LOCAL CAFE MUG,0
2011-08-19,22190,LOCAL CAFE MUG,0
2011-08-20,22190,LOCAL CAFE MUG,0
2011-08-21,22190,LOCAL CAFE MUG,0
2011-08-22,22190,LOCAL CAFE MUG,0
2011-08-23,22190,LOCAL CAFE MUG,0
2011-08-24,22190,LOCAL CAFE MUG,0
2011-08-25,22190,LOCAL CAFE MUG,0
2011-08-26,22190,LOCAL CAFE MUG,0
2011-08-27,22190,LOCAL CAFE MUG,0
2011-08-28,22190,LOCAL CAFE MUG,0
2011-08-29,22190,LOCAL CAFE MUG,0
2011-08-30,22190,LOCAL CAFE MUG,1
2011-08-31,22190,LOCAL CAFE MUG,4
2011-09-01,22190,LOCAL CAFE MUG,0
2011-09-02,22190,LOCAL CAFE MUG,0
2011-09-03,22190,LOCAL CAFE MUG,0
2011-09-04,22190,LOCAL CAFE MUG,0
2011-09-05,22190,LOCAL CAFE MUG,0
2011-09-06,22190,LOCAL CAFE MUG,0
2011-09-07,22190,LOCAL CAFE MUG,0
2011-09-08,22190,LOCAL CAFE MUG,2
2011-09-09,22190,LOCAL CAFE MUG,0
2011-09-10,22190,LOCAL CAFE MUG,0
2011-09-11,22190,LOCAL CAFE MUG,0
2011-09-12,22190,LOCAL CAFE MUG,2
2011-09-13,22190,LOCAL CAFE MUG,1
2011-09-14,22190,LOCAL CAFE MUG,0
2011-09-15,22190,LOCAL CAFE MUG,0
2011-09-16,22190,LOCAL CAFE MUG,0
2011-09-17,22190,LOCAL CAFE MUG,0
2011-09-18,22190,LOCAL CAFE MUG,0
2011-09-19,22190,LOCAL CAFE MUG,0
2011-09-20,22190,LOCAL CAFE MUG,0
2011-09-21,22190,LOCAL CAFE MUG,0
2011-09-22,22190,LOCAL CAFE MUG,0
2011-09-23,22190,LOCAL CAFE MUG,0
2011-09-24,22190,LOCAL CAFE MUG,0
2011-09-25,22190,LOCAL CAFE MUG,0
2011-09-26,22190,LOCAL CAFE MUG,1
2011-09-27,22190,LOCAL CAFE MUG,48
2011-09-28,22190,LOCAL CAFE MUG,0
2011-09-29,22190,LOCAL CAFE MUG,1
2011-09-30,22190,LOCAL CAFE MUG,0
2011-10-01,22190,LOCAL CAFE MUG,0
2011-10-02,22190,LOCAL CAFE MUG,0
2011-10-03,22190,LOCAL CAFE MUG,0
2011-10-04,22190,LOCAL CAFE MUG,0
2011-10-05,22190,LOCAL CAFE MUG,0
2011-10-06,22190,LOCAL CAFE MUG,0
2011-10-07,22190,LOCAL CAFE MUG,0
2011-10-08,22190,LOCAL CAFE MUG,0
2011-10-09,22190,LOCAL CAFE MUG,0
2011-10-10,22190,LOCAL CAFE MUG,0
2011-10-11,22190,LOCAL CAFE MUG,0
2011-10-12,22190,LOCAL CAFE MUG,0
2011-10-13,22190,LOCAL CAFE MUG,0
2011-10-14,22190,LOCAL CAFE MUG,0
2011-10-15,22190,LOCAL CAFE MUG,0
2011-10-16,22190,LOCAL CAFE MUG,0
2011-10-17,22190,LOCAL CAFE MUG,3
2011-10-18,22190,LOCAL CAFE MUG,0
2011-10-19,22190,LOCAL CAFE MUG,0
2011-10-20,22190,LOCAL CAFE MUG,0
2011-10-21,22190,LOCAL CAFE MUG,0
2011-10-22,22190,LOCAL CAFE MUG,0
2011-10-23,22190,LOCAL CAFE MUG,0
2011-10-24,22190,LOCAL CAFE MUG,1
2011-10-25,22190,LOCAL CAFE MUG,4
2011-10-26,22190,LOCAL CAFE MUG,0
2011-10-27,22190,LOCAL CAFE MUG,0
2011-10-28,22190,LOCAL CAFE MUG,0
2011-10-29,22190,LOCAL CAFE MUG,0
2011-10-30,22190,LOCAL CAFE MUG,0
2011-10-31,22190,LOCAL CAFE MUG,3
2011-11-01,22190,LOCAL CAFE MUG,0
2011-11-02,22190,LOCAL CAFE MUG,2
2011-11-03,22190,LOCAL CAFE MUG,0
2011-11-04,22190,LOCAL CAFE MUG,1
2011-11-05,22190,LOCAL CAFE MUG,0
2011-11-06,22190,LOCAL CAFE MUG,15
2011-11-07,22190,LOCAL CAFE MUG,0
2011-11-08,22190,LOCAL CAFE MUG,0
2011-11-09,22190,LOCAL CAFE MUG,1
2011-11-10,22190,LOCAL CAFE MUG,2
2010-12-01,22244,3 HOOK HANGER MAGIC GARDEN,12
2010-12-02,22244,3 HOOK HANGER MAGIC GARDEN,0
2010-12-03,22244,3 HOOK HANGER MAGIC GARDEN,2
2010-12-04,22244,3 HOOK HANGER MAGIC GARDEN,0
2010-12-05,22244,3 HOOK HANGER MAGIC GARDEN,12
2010-12-06,22244,3 HOOK HANGER MAGIC GARDEN,2
2010-12-07,22244,3 HOOK HANGER MAGIC GARDEN,13
2010-12-08,22244,3 HOOK HANGER MAGIC GARDEN,12
2010-12-09,22244,3 HOOK HANGER MAGIC GARDEN,1
2010-12-10,22244,3 HOOK HANGER MAGIC GARDEN,0
2010-12-11,22244,3 HOOK HANGER MAGIC GARDEN,0
2010-12-12,22244,3 HOOK HANGER MAGIC GARDEN,36
2010-12-13,22244,3 HOOK HANGER MAGIC GARDEN,0
2010-12-14,22244,3 HOOK HANGER MAGIC GARDEN,0
2010-12-15,22244,3 HOOK HANGER MAGIC GARDEN,0
2010-12-16,22244,3 HOOK HANGER MAGIC GARDEN,0
2010-12-17,22244,3 HOOK HANGER MAGIC GARDEN,1
2010-12-18,22244,3 HOOK HANGER MAGIC GARDEN,0
2010-12-19,22244,3 HOOK HANGER MAGIC GARDEN,0
2010-12-20,22244,3 HOOK HANGER MAGIC GARDEN,1
2010-12-21,22244,3 HOOK HANGER MAGIC GARDEN,12
2010-12-22,22244,3 HOOK HANGER MAGIC GARDEN,0
2010-12-23,22244,3 HOOK HANGER MAGIC GARDEN,1
2010-12-24,22244,3 HOOK HANGER MAGIC GARDEN,0
2010-12-25,22244,3 HOOK HANGER MAGIC GARDEN,0
2010-12-26,22244,3 HOOK HANGER MAGIC GARDEN,0
2010-12-27,22244,3 HOOK HANGER MAGIC GARDEN,0
2010-12-28,22244,3 HOOK HANGER MAGIC GARDEN,0
2010-12-29,22244,3 HOOK HANGER MAGIC GARDEN,0
2010-12-30,22244,3 HOOK HANGER MAGIC GARDEN,0
2010-12-31,22244,3 HOOK HANGER MAGIC GARDEN,0
2011-01-01,22244,3 HOOK HANGER MAGIC GARDEN,0
2011-01-02,22244,3 HOOK HANGER MAGIC GARDEN,0
2011-01-03,22244,3 HOOK HANGER MAGIC GARDEN,0
2011-01-04,22244,3 HOOK HANGER MAGIC GARDEN,0
2011-01-05,22244,3 HOOK HANGER MAGIC GARDEN,1
2011-01-06,22244,3 HOOK HANGER MAGIC GARDEN,0
2011-01-07,22244,3 HOOK HANGER MAGIC GARDEN,12
2011-01-08,22244,3 HOOK HANGER MAGIC GARDEN,0
2011-01-09,22244,3 HOOK HANGER MAGIC GARDEN,0
2011-01-10,22244,3 HOOK HANGER MAGIC GARDEN,3
2011-01-11,22244,3 HOOK HANGER MAGIC GARDEN,12
2011-01-12,22244,3 HOOK HANGER MAGIC GARDEN,1
2011-01-13,22244,3 HOOK HANGER MAGIC GARDEN,0
2011-01-14,22244,3 HOOK HANGER MAGIC GARDEN,0
2011-01-15,22244,3 HOOK HANGER MAGIC GARDEN,0
2011-01-16,22244,3 HOOK HANGER MAGIC GARDEN,2
2011-01-17,22244,3 HOOK HANGER MAGIC GARDEN,1
2011-01-18,22244,3 HOOK HANGER MAGIC GARDEN,1
2011-01-19,22244,3 HOOK HANGER MAGIC GARDEN,192
2011-01-20,22244,3 HOOK HANGER MAGIC GARDEN,15
2011-01-21,22244,3 HOOK HANGER MAGIC GARDEN,0
2011-01-22,22244,3 HOOK HANGER MAGIC GARDEN,0
2011-01-23,22244,3 HOOK HANGER MAGIC GARDEN,0
2011-01-24,22244,3 HOOK HANGER MAGIC GARDEN,0
2011-01-25,22244,3 HOOK HANGER MAGIC GARDEN,0
2011-01-26,22244,3 HOOK HANGER MAGIC GARDEN,0
2011-01-27,22244,3 HOOK HANGER MAGIC GARDEN,25
2011-01-28,22244,3 HOOK HANGER MAGIC GARDEN,0
2011-01-29,22244,3 HOOK HANGER MAGIC GARDEN,0
2011-01-30,22244,3 HOOK HANGER MAGIC GARDEN,0
2011-01-31,22244,3 HOOK HANGER MAGIC GARDEN,0
2011-02-01,22244,3 HOOK HANGER MAGIC GARDEN,0
2011-02-02,22244,3 HOOK HANGER MAGIC GARDEN,25
2011-02-03,22244,3 HOOK HANGER MAGIC GARDEN,1
2011-02-04,22244,3 HOOK HANGER MAGIC GARDEN,0
2011-02-05,22244,3 HOOK HANGER MAGIC GARDEN,0
2011-02-06,22244,3 HOOK HANGER MAGIC GARDEN,0
2011-02-07,22244,3 HOOK HANGER MAGIC GARDEN,0
2011-02-08,22244,3 HOOK HANGER MAGIC GARDEN,5
2011-02-09,22244,3 HOOK HANGER MAGIC GARDEN,37
2011-02-10,22244,3 HOOK HANGER MAGIC GARDEN,0
2011-02-11,22244,3 HOOK HANGER MAGIC GARDEN,36
2011-02-12,22244,3 HOOK HANGER MAGIC GARDEN,0
2011-02-13,22244,3 HOOK HANGER MAGIC GARDEN,3
2011-02-14,22244,3 HOOK HANGER MAGIC GARDEN,0
2011-02-15,22244,3 HOOK HANGER MAGIC GARDEN,0
2011-02-16,22244,3 HOOK HANGER MAGIC GARDEN,16
2011-02-17,22244,3 HOOK HANGER MAGIC GARDEN,6
2011-02-18,22244,3 HOOK HANGER MAGIC GARDEN,0
2011-02-19,22244,3 HOOK HANGER MAGIC GARDEN,0
2011-02-20,22244,3 HOOK HANGER MAGIC GARDEN,0
2011-02-21,22244,3 HOOK HANGER MAGIC GARDEN,1
2011-02-22,22244,3 HOOK HANGER MAGIC GARDEN,12
2011-02-23,22244,3 HOOK HANGER MAGIC GARDEN,6
2011-02-24,22244,3 HOOK HANGER MAGIC GARDEN,0
2011-02-25,22244,3 HOOK HANGER MAGIC GARDEN,0
2011-02-26,22244,3 HOOK HANGER MAGIC GARDEN,0
2011-02-27,22244,3 HOOK HANGER MAGIC GARDEN,16
2011-02-28,22244,3 HOOK HANGER MAGIC GARDEN,12
2011-03-01,22244,3 HOOK HANGER MAGIC GARDEN,0
2011-03-02,22244,3 HOOK HANGER MAGIC GARDEN,0
2011-03-03,22244,3 HOOK HANGER MAGIC GARDEN,0
2011-03-04,22244,3 HOOK HANGER MAGIC GARDEN,0
2011-03-05,22244,3 HOOK HANGER MAGIC GARDEN,0
2011-03-06,22244,3 HOOK HANGER MAGIC GARDEN,0
2011-03-07,22244,3 HOOK HANGER MAGIC GARDEN,5
2011-03-08,22244,3 HOOK HANGER MAGIC GARDEN,0
2011-03-09,22244,3 HOOK HANGER MAGIC GARDEN,0
2011-03-10,22244,3 HOOK HANGER MAGIC GARDEN,0
2011-03-11,22244,3 HOOK HANGER MAGIC GARDEN,0
2011-03-12,22244,3 HOOK HANGER MAGIC GARDEN,0
2011-03-13,22244,3 HOOK HANGER MAGIC GARDEN,2
2011-03-14,22244,3 HOOK HANGER MAGIC GARDEN,0
2011-03-15,22244,3 HOOK HANGER MAGIC GARDEN,5
2011-03-16,22244,3 HOOK HANGER MAGIC GARDEN,0
2011-03-17,22244,3 HOOK HANGER MAGIC GARDEN,13
2011-03-18,22244,3 HOOK HANGER MAGIC GARDEN,1
2011-03-19,22244,3 HOOK HANGER MAGIC GARDEN,0
2011-03-20,22244,3 HOOK HANGER MAGIC GARDEN,12
2011-03-21,22244,3 HOOK HANGER MAGIC GARDEN,12
2011-03-22,22244,3 HOOK HANGER MAGIC GARDEN,1
2011-03-23,22244,3 HOOK HANGER MAGIC GARDEN,0
2011-03-24,22244,3 HOOK HANGER MAGIC GARDEN,2
2011-03-25,22244,3 HOOK HANGER MAGIC GARDEN,0
2011-03-26,22244,3 HOOK HANGER MAGIC GARDEN,0
2011-03-27,22244,3 HOOK HANGER MAGIC GARDEN,0
2011-03-28,22244,3 HOOK HANGER MAGIC GARDEN,0
2011-03-29,22244,3 HOOK HANGER MAGIC GARDEN,98
2011-03-30,22244,3 HOOK HANGER MAGIC GARDEN,1
2011-03-31,22244,3 HOOK HANGER MAGIC GARDEN,0
2011-04-01,22244,3 HOOK HANGER MAGIC GARDEN,0
2011-04-02,22244,3 HOOK HANGER MAGIC GARDEN,0
2011-04-03,22244,3 HOOK HANGER MAGIC GARDEN,0
2011-04-04,22244,3 HOOK HANGER MAGIC GARDEN,1
2011-04-05,22244,3 HOOK HANGER MAGIC GARDEN,108
2011-04-06,22244,3 HOOK HANGER MAGIC GARDEN,0
2011-04-07,22244,3 HOOK HANGER MAGIC GARDEN,0
2011-04-08,22244,3 HOOK HANGER MAGIC GARDEN,13
2011-04-09,22244,3 HOOK HANGER MAGIC GARDEN,0
2011-04-10,22244,3 HOOK HANGER MAGIC GARDEN,0
2011-04-11,22244,3 HOOK HANGER MAGIC GARDEN,0
2011-04-12,22244,3 HOOK HANGER MAGIC GARDEN,0
2011-04-13,22244,3 HOOK HANGER MAGIC GARDEN,12
2011-04-14,22244,3 HOOK HANGER MAGIC GARDEN,48
2011-04-15,22244,3 HOOK HANGER MAGIC GARDEN,2
2011-04-16,22244,3 HOOK HANGER MAGIC GARDEN,0
2011-04-17,22244,3 HOOK HANGER MAGIC GARDEN,2
2011-04-18,22244,3 HOOK HANGER MAGIC GARDEN,6
2011-04-19,22244,3 HOOK HANGER MAGIC GARDEN,6
2011-04-20,22244,3 HOOK HANGER MAGIC GARDEN,0
2011-04-21,22244,3 HOOK HANGER MAGIC GARDEN,0
2011-04-22,22244,3 HOOK HANGER MAGIC GARDEN,0
2011-04-23,22244,3 HOOK HANGER MAGIC GARDEN,0
2011-04-24,22244,3 HOOK HANGER MAGIC GARDEN,0
2011-04-25,22244,3 HOOK HANGER MAGIC GARDEN,0
2011-04-26,22244,3 HOOK HANGER MAGIC GARDEN,0
2011-04-27,22244,3 HOOK HANGER MAGIC GARDEN,12
2011-04-28,22244,3 HOOK HANGER MAGIC GARDEN,12
2011-04-29,22244,3 HOOK HANGER MAGIC GARDEN,0
2011-04-30,22244,3 HOOK HANGER MAGIC GARDEN,0
2011-05-01,22244,3 HOOK HANGER MAGIC GARDEN,0
2011-05-02,22244,3 HOOK HANGER MAGIC GARDEN,0
2011-05-03,22244,3 HOOK HANGER MAGIC GARDEN,12
2011-05-04,22244,3 HOOK HANGER MAGIC GARDEN,0
2011-05-05,22244,3 HOOK HANGER MAGIC GARDEN,0
2011-05-06,22244,3 HOOK HANGER MAGIC GARDEN,1
2011-05-07,22244,3 HOOK HANGER MAGIC GARDEN,0
2011-05-08,22244,3 HOOK HANGER MAGIC GARDEN,0
2011-05-09,22244,3 HOOK HANGER MAGIC GARDEN,2
2011-05-10,22244,3 HOOK HANGER MAGIC GARDEN,0
2011-05-11,22244,3 HOOK HANGER MAGIC GARDEN,0
2011-05-12,22244,3 HOOK HANGER MAGIC GARDEN,96
2011-05-13,22244,3 HOOK HANGER MAGIC GARDEN,0
2011-05-14,22244,3 HOOK HANGER MAGIC GARDEN,0
2011-05-15,22244,3 HOOK HANGER MAGIC GARDEN,0
2011-05-16,22244,3 HOOK HANGER MAGIC GARDEN,0
2011-05-17,22244,3 HOOK HANGER MAGIC GARDEN,37
2011-05-18,22244,3 HOOK HANGER MAGIC GARDEN,12
2011-05-19,22244,3 HOOK HANGER MAGIC GARDEN,0
2011-05-20,22244,3 HOOK HANGER MAGIC GARDEN,0
2011-05-21,22244,3 HOOK HANGER MAGIC GARDEN,0
2011-05-22,22244,3 HOOK HANGER MAGIC GARDEN,12
2011-05-23,22244,3 HOOK HANGER MAGIC GARDEN,12
2011-05-24,22244,3 HOOK HANGER MAGIC GARDEN,15
2011-05-25,22244,3 HOOK HANGER MAGIC GARDEN,0
2011-05-26,22244,3 HOOK HANGER MAGIC GARDEN,0
2011-05-27,22244,3 HOOK HANGER MAGIC GARDEN,0
2011-05-28,22244,3 HOOK HANGER MAGIC GARDEN,0
2011-05-29,22244,3 HOOK HANGER MAGIC GARDEN,0
2011-05-30,22244,3 HOOK HANGER MAGIC GARDEN,0
2011-05-31,22244,3 HOOK HANGER MAGIC GARDEN,1
2011-06-01,22244,3 HOOK HANGER MAGIC GARDEN,1
2011-06-02,22244,3 HOOK HANGER MAGIC GARDEN,3
2011-06-03,22244,3 HOOK HANGER MAGIC GARDEN,0
2011-06-04,22244,3 HOOK HANGER MAGIC GARDEN,0
2011-06-05,22244,3 HOOK HANGER MAGIC GARDEN,12
2011-06-06,22244,3 HOOK HANGER MAGIC GARDEN,0
2011-06-07,22244,3 HOOK HANGER MAGIC GARDEN,1
2011-06-08,22244,3 HOOK HANGER MAGIC GARDEN,12
2011-06-09,22244,3 HOOK HANGER MAGIC GARDEN,0
2011-06-10,22244,3 HOOK HANGER MAGIC GARDEN,0
2011-06-11,22244,3 HOOK HANGER MAGIC GARDEN,0
2011-06-12,22244,3 HOOK HANGER MAGIC GARDEN,1
2011-06-13,22244,3 HOOK HANGER MAGIC GARDEN,0
2011-06-14,22244,3 HOOK HANGER MAGIC GARDEN,0
2011-06-15,22244,3 HOOK HANGER MAGIC GARDEN,1
2011-06-16,22244,3 HOOK HANGER MAGIC GARDEN,0
2011-06-17,22244,3 HOOK HANGER MAGIC GARDEN,0
2011-06-18,22244,3 HOOK HANGER MAGIC GARDEN,0
2011-06-19,22244,3 HOOK HANGER MAGIC GARDEN,0
2011-06-20,22244,3 HOOK HANGER MAGIC GARDEN,1
2011-06-21,22244,3 HOOK HANGER MAGIC GARDEN,0
2011-06-22,22244,3 HOOK HANGER MAGIC GARDEN,0
2011-06-23,22244,3 HOOK HANGER MAGIC GARDEN,12
2011-06-24,22244,3 HOOK HANGER MAGIC GARDEN,0
2011-06-25,22244,3 HOOK HANGER MAGIC GARDEN,0
2011-06-26,22244,3 HOOK HANGER MAGIC GARDEN,0
2011-06-27,22244,3 HOOK HANGER MAGIC GARDEN,0
2011-06-28,22244,3 HOOK HANGER MAGIC GARDEN,0
2011-06-29,22244,3 HOOK HANGER MAGIC GARDEN,1
2011-06-30,22244,3 HOOK HANGER MAGIC GARDEN,0
2011-07-01,22244,3 HOOK HANGER MAGIC GARDEN,1
2011-07-02,22244,3 HOOK HANGER MAGIC GARDEN,0
2011-07-03,22244,3 HOOK HANGER MAGIC GARDEN,0
2011-07-04,22244,3 HOOK HANGER MAGIC GARDEN,2
2011-07-05,22244,3 HOOK HANGER MAGIC GARDEN,3
2011-07-06,22244,3 HOOK HANGER MAGIC GARDEN,4
2011-07-07,22244,3 HOOK HANGER MAGIC GARDEN,3
2011-07-08,22244,3 HOOK HANGER MAGIC GARDEN,0
2011-07-09,22244,3 HOOK HANGER MAGIC GARDEN,0
2011-07-10,22244,3 HOOK HANGER MAGIC GARDEN,0
2011-07-11,22244,3 HOOK HANGER MAGIC GARDEN,0
2011-07-12,22244,3 HOOK HANGER MAGIC GARDEN,0
2011-07-13,22244,3 HOOK HANGER MAGIC GARDEN,1
2011-07-14,22244,3 HOOK HANGER MAGIC GARDEN,3
2011-07-15,22244,3 HOOK HANGER MAGIC GARDEN,15
2011-07-16,22244,3 HOOK HANGER MAGIC GARDEN,0
2011-07-17,22244,3 HOOK HANGER MAGIC GARDEN,0
2011-07-18,22244,3 HOOK HANGER MAGIC GARDEN,1
2011-07-19,22244,3 HOOK HANGER MAGIC GARDEN,0
2011-07-20,22244,3 HOOK HANGER MAGIC GARDEN,2
2011-07-21,22244,3 HOOK HANGER MAGIC GARDEN,0
2011-07-22,22244,3 HOOK HANGER MAGIC GARDEN,0
2011-07-23,22244,3 HOOK HANGER MAGIC GARDEN,0
2011-07-24,22244,3 HOOK HANGER MAGIC GARDEN,0
2011-07-25,22244,3 HOOK HANGER MAGIC GARDEN,1
2011-07-26,22244,3 HOOK HANGER MAGIC GARDEN,0
2011-07-27,22244,3 HOOK HANGER MAGIC GARDEN,4
2011-07-28,22244,3 HOOK HANGER MAGIC GARDEN,3
2011-07-29,22244,3 HOOK HANGER MAGIC GARDEN,3
2011-07-30,22244,3 HOOK HANGER MAGIC GARDEN,0
2011-07-31,22244,3 HOOK HANGER MAGIC GARDEN,12
2011-08-01,22244,3 HOOK HANGER MAGIC GARDEN,0
2011-08-02,22244,3 HOOK HANGER MAGIC GARDEN,0
2011-08-03,22244,3 HOOK HANGER MAGIC GARDEN,2
2011-08-04,22244,3 HOOK HANGER MAGIC GARDEN,0
2011-08-05,22244,3 HOOK HANGER MAGIC GARDEN,4
2011-08-06,22244,3 HOOK HANGER MAGIC GARDEN,0
2011-08-07,22244,3 HOOK HANGER MAGIC GARDEN,12
2011-08-08,22244,3 HOOK HANGER MAGIC GARDEN,1
2011-08-09,22244,3 HOOK HANGER MAGIC GARDEN,1
2011-08-10,22244,3 HOOK HANGER MAGIC GARDEN,1
2011-08-11,22244,3 HOOK HANGER MAGIC GARDEN,193
2011-08-12,22244,3 HOOK HANGER MAGIC GARDEN,1
2011-08-13,22244,3 HOOK HANGER MAGIC GARDEN,0
2011-08-14,22244,3 HOOK HANGER MAGIC GARDEN,0
2011-08-15,22244,3 HOOK HANGER MAGIC GARDEN,0
2011-08-16,22244,3 HOOK HANGER MAGIC GARDEN,1
2011-08-17,22244,3 HOOK HANGER MAGIC GARDEN,0
2011-08-18,22244,3 HOOK HANGER MAGIC GARDEN,12
2011-08-19,22244,3 HOOK HANGER MAGIC GARDEN,0
2011-08-20,22244,3 HOOK HANGER MAGIC GARDEN,0
2011-08-21,22244,3 HOOK HANGER MAGIC GARDEN,0
2011-08-22,22244,3 HOOK HANGER MAGIC GARDEN,4
2011-08-23,22244,3 HOOK HANGER MAGIC GARDEN,0
2011-08-24,22244,3 HOOK HANGER MAGIC GARDEN,12
2011-08-25,22244,3 HOOK HANGER MAGIC GARDEN,0
2011-08-26,22244,3 HOOK HANGER MAGIC GARDEN,0
2011-08-27,22244,3 HOOK HANGER MAGIC GARDEN,0
2011-08-28,22244,3 HOOK HANGER MAGIC GARDEN,1
2011-08-29,22244,3 HOOK HANGER MAGIC GARDEN,0
2011-08-30,22244,3 HOOK HANGER MAGIC GARDEN,2
2011-08-31,22244,3 HOOK HANGER MAGIC GARDEN,96
2011-09-01,22244,3 HOOK HANGER MAGIC GARDEN,0
2011-09-02,22244,3 HOOK HANGER MAGIC GARDEN,11
2011-09-03,22244,3 HOOK HANGER MAGIC GARDEN,0
2011-09-04,22244,3 HOOK HANGER MAGIC GARDEN,0
2011-09-05,22244,3 HOOK HANGER MAGIC GARDEN,2
2011-09-06,22244,3 HOOK HANGER MAGIC GARDEN,12
2011-09-07,22244,3 HOOK HANGER MAGIC GARDEN,1
2011-09-08,22244,3 HOOK HANGER MAGIC GARDEN,15
2011-09-09,22244,3 HOOK HANGER MAGIC GARDEN,0
2011-09-10,22244,3 HOOK HANGER MAGIC GARDEN,0
2011-09-11,22244,3 HOOK HANGER MAGIC GARDEN,0
2011-09-12,22244,3 HOOK HANGER MAGIC GARDEN,0
2011-09-13,22244,3 HOOK HANGER MAGIC GARDEN,0
2011-09-14,22244,3 HOOK HANGER MAGIC GARDEN,4
2011-09-15,22244,3 HOOK HANGER MAGIC GARDEN,0
2011-09-16,22244,3 HOOK HANGER MAGIC GARDEN,0
2011-09-17,22244,3 HOOK HANGER MAGIC GARDEN,0
2011-09-18,22244,3 HOOK HANGER MAGIC GARDEN,0
2011-09-19,22244,3 HOOK HANGER MAGIC GARDEN,92
2011-09-20,22244,3 HOOK HANGER MAGIC GARDEN,0
2011-09-21,22244,3 HOOK HANGER MAGIC GARDEN,1
2011-09-22,22244,3 HOOK HANGER MAGIC GARDEN,0
2011-09-23,22244,3 HOOK HANGER MAGIC GARDEN,0
2011-09-24,22244,3 HOOK HANGER MAGIC GARDEN,0
2011-09-25,22244,3 HOOK HANGER MAGIC GARDEN,0
2011-09-26,22244,3 HOOK HANGER MAGIC GARDEN,0
2011-09-27,22244,3 HOOK HANGER MAGIC GARDEN,0
2011-09-28,22244,3 HOOK HANGER MAGIC GARDEN,1
2011-09-29,22244,3 HOOK HANGER MAGIC GARDEN,0
2011-09-30,22244,3 HOOK HANGER MAGIC GARDEN,0
2011-10-01,22244,3 HOOK HANGER MAGIC GARDEN,0
2011-10-02,22244,3 HOOK HANGER MAGIC GARDEN,0
2011-10-03,22244,3 HOOK HANGER MAGIC GARDEN,0
2011-10-04,22244,3 HOOK HANGER MAGIC GARDEN,0
2011-10-05,22244,3 HOOK HANGER MAGIC GARDEN,0
2011-10-06,22244,3 HOOK HANGER MAGIC GARDEN,0
2011-10-07,22244,3 HOOK HANGER MAGIC GARDEN,0
2011-10-08,22244,3 HOOK HANGER MAGIC GARDEN,0
2011-10-09,22244,3 HOOK HANGER MAGIC GARDEN,0
2011-10-10,22244,3 HOOK HANGER MAGIC GARDEN,0
2011-10-11,22244,3 HOOK HANGER MAGIC GARDEN,0
2011-10-12,22244,3 HOOK HANGER MAGIC GARDEN,0
2011-10-13,22244,3 HOOK HANGER MAGIC GARDEN,0
2011-10-14,22244,3 HOOK HANGER MAGIC GARDEN,0
2011-10-15,22244,3 HOOK HANGER MAGIC GARDEN,0
2011-10-16,22244,3 HOOK HANGER MAGIC GARDEN,0
2011-10-17,22244,3 HOOK HANGER MAGIC GARDEN,0
2011-10-18,22244,3 HOOK HANGER MAGIC GARDEN,0
2011-10-19,22244,3 HOOK HANGER MAGIC GARDEN,0
2011-10-20,22244,3 HOOK HANGER MAGIC GARDEN,0
2011-10-21,22244,3 HOOK HANGER MAGIC GARDEN,0
2011-10-22,22244,3 HOOK HANGER MAGIC GARDEN,0
2011-10-23,22244,3 HOOK HANGER MAGIC GARDEN,0
2011-10-24,22244,3 HOOK HANGER MAGIC GARDEN,0
2011-10-25,22244,3 HOOK HANGER MAGIC GARDEN,0
2011-10-26,22244,3 HOOK HANGER MAGIC GARDEN,0
2011-10-27,22244,3 HOOK HANGER MAGIC GARDEN,0
2011-10-28,22244,3 HOOK HANGER MAGIC GARDEN,0
2011-10-29,22244,3 HOOK HANGER MAGIC GARDEN,0
2011-10-30,22244,3 HOOK HANGER MAGIC GARDEN,0
2011-10-31,22244,3 HOOK HANGER MAGIC GARDEN,0
2011-11-01,22244,3 HOOK HANGER MAGIC GARDEN,0
2011-11-02,22244,3 HOOK HANGER MAGIC GARDEN,0
2011-11-03,22244,3 HOOK HANGER MAGIC GARDEN,0
2011-11-04,22244,3 HOOK HANGER MAGIC GARDEN,0
2011-11-05,22244,3 HOOK HANGER MAGIC GARDEN,0
2011-11-06,22244,3 HOOK HANGER MAGIC GARDEN,0
2011-11-07,22244,3 HOOK HANGER MAGIC GARDEN,0
2011-11-08,22244,3 HOOK HANGER MAGIC GARDEN,0
2011-11-09,22244,3 HOOK HANGER MAGIC GARDEN,0
2011-11-10,22244,3 HOOK HANGER MAGIC GARDEN,0
2010-12-01,22261,FELT EGG COSY WHITE RABBIT ,3
2010-12-02,22261,FELT EGG COSY WHITE RABBIT ,0
2010-12-03,22261,FELT EGG COSY WHITE RABBIT ,0
2010-12-04,22261,FELT EGG COSY WHITE RABBIT ,0
2010-12-05,22261,FELT EGG COSY WHITE RABBIT ,0
2010-12-06,22261,FELT EGG COSY WHITE RABBIT ,2
2010-12-07,22261,FELT EGG COSY WHITE RABBIT ,0
2010-12-08,22261,FELT EGG COSY WHITE RABBIT ,2
2010-12-09,22261,FELT EGG COSY WHITE RABBIT ,0
2010-12-10,22261,FELT EGG COSY WHITE RABBIT ,0
2010-12-11,22261,FELT EGG COSY WHITE RABBIT ,0
2010-12-12,22261,FELT EGG COSY WHITE RABBIT ,0
2010-12-13,22261,FELT EGG COSY WHITE RABBIT ,3
2010-12-14,22261,FELT EGG COSY WHITE RABBIT ,0
2010-12-15,22261,FELT EGG COSY WHITE RABBIT ,0
2010-12-16,22261,FELT EGG COSY WHITE RABBIT ,0
2010-12-17,22261,FELT EGG COSY WHITE RABBIT ,0
2010-12-18,22261,FELT EGG COSY WHITE RABBIT ,0
2010-12-19,22261,FELT EGG COSY WHITE RABBIT ,0
2010-12-20,22261,FELT EGG COSY WHITE RABBIT ,0
2010-12-21,22261,FELT EGG COSY WHITE RABBIT ,2
2010-12-22,22261,FELT EGG COSY WHITE RABBIT ,0
2010-12-23,22261,FELT EGG COSY WHITE RABBIT ,0
2010-12-24,22261,FELT EGG COSY WHITE RABBIT ,0
2010-12-25,22261,FELT EGG COSY WHITE RABBIT ,0
2010-12-26,22261,FELT EGG COSY WHITE RABBIT ,0
2010-12-27,22261,FELT EGG COSY WHITE RABBIT ,0
2010-12-28,22261,FELT EGG COSY WHITE RABBIT ,0
2010-12-29,22261,FELT EGG COSY WHITE RABBIT ,0
2010-12-30,22261,FELT EGG COSY WHITE RABBIT ,0
2010-12-31,22261,FELT EGG COSY WHITE RABBIT ,0
2011-01-01,22261,FELT EGG COSY WHITE RABBIT ,0
2011-01-02,22261,FELT EGG COSY WHITE RABBIT ,0
2011-01-03,22261,FELT EGG COSY WHITE RABBIT ,0
2011-01-04,22261,FELT EGG COSY WHITE RABBIT ,2
2011-01-05,22261,FELT EGG COSY WHITE RABBIT ,0
2011-01-06,22261,FELT EGG COSY WHITE RABBIT ,16
2011-01-07,22261,FELT EGG COSY WHITE RABBIT ,3
2011-01-08,22261,FELT EGG COSY WHITE RABBIT ,0
2011-01-09,22261,FELT EGG COSY WHITE RABBIT ,0
2011-01-10,22261,FELT EGG COSY WHITE RABBIT ,0
2011-01-11,22261,FELT EGG COSY WHITE RABBIT ,0
2011-01-12,22261,FELT EGG COSY WHITE RABBIT ,0
2011-01-13,22261,FELT EGG COSY WHITE RABBIT ,12
2011-01-14,22261,FELT EGG COSY WHITE RABBIT ,0
2011-01-15,22261,FELT EGG COSY WHITE RABBIT ,0
2011-01-16,22261,FELT EGG COSY WHITE RABBIT ,0
2011-01-17,22261,FELT EGG COSY WHITE RABBIT ,23
2011-01-18,22261,FELT EGG COSY WHITE RABBIT ,1
2011-01-19,22261,FELT EGG COSY WHITE RABBIT ,0
2011-01-20,22261,FELT EGG COSY WHITE RABBIT ,0
2011-01-21,22261,FELT EGG COSY WHITE RABBIT ,12
2011-01-22,22261,FELT EGG COSY WHITE RABBIT ,0
2011-01-23,22261,FELT EGG COSY WHITE RABBIT ,0
2011-01-24,22261,FELT EGG COSY WHITE RABBIT ,0
2011-01-25,22261,FELT EGG COSY WHITE RABBIT ,0
2011-01-26,22261,FELT EGG COSY WHITE RABBIT ,18
2011-01-27,22261,FELT EGG COSY WHITE RABBIT ,0
2011-01-28,22261,FELT EGG COSY WHITE RABBIT ,0
2011-01-29,22261,FELT EGG COSY WHITE RABBIT ,0
2011-01-30,22261,FELT EGG COSY WHITE RABBIT ,12
2011-01-31,22261,FELT EGG COSY WHITE RABBIT ,14
2011-02-01,22261,FELT EGG COSY WHITE RABBIT ,10
2011-02-02,22261,FELT EGG COSY WHITE RABBIT ,12
2011-02-03,22261,FELT EGG COSY WHITE RABBIT ,24
2011-02-04,22261,FELT EGG COSY WHITE RABBIT ,0
2011-02-05,22261,FELT EGG COSY WHITE RABBIT ,0
2011-02-06,22261,FELT EGG COSY WHITE RABBIT ,0
2011-02-07,22261,FELT EGG COSY WHITE RABBIT ,0
2011-02-08,22261,FELT EGG COSY WHITE RABBIT ,0
2011-02-09,22261,FELT EGG COSY WHITE RABBIT ,0
2011-02-10,22261,FELT EGG COSY WHITE RABBIT ,0
2011-02-11,22261,FELT EGG COSY WHITE RABBIT ,14
2011-02-12,22261,FELT EGG COSY WHITE RABBIT ,0
2011-02-13,22261,FELT EGG COSY WHITE RABBIT ,0
2011-02-14,22261,FELT EGG COSY WHITE RABBIT ,1
2011-02-15,22261,FELT EGG COSY WHITE RABBIT ,2
2011-02-16,22261,FELT EGG COSY WHITE RABBIT ,0
2011-02-17,22261,FELT EGG COSY WHITE RABBIT ,0
2011-02-18,22261,FELT EGG COSY WHITE RABBIT ,0
2011-02-19,22261,FELT EGG COSY WHITE RABBIT ,0
2011-02-20,22261,FELT EGG COSY WHITE RABBIT ,1
2011-02-21,22261,FELT EGG COSY WHITE RABBIT ,0
2011-02-22,22261,FELT EGG COSY WHITE RABBIT ,25
2011-02-23,22261,FELT EGG COSY WHITE RABBIT ,12
2011-02-24,22261,FELT EGG COSY WHITE RABBIT ,3
2011-02-25,22261,FELT EGG COSY WHITE RABBIT ,0
2011-02-26,22261,FELT EGG COSY WHITE RABBIT ,0
2011-02-27,22261,FELT EGG COSY WHITE RABBIT ,36
2011-02-28,22261,FELT EGG COSY WHITE RABBIT ,12
2011-03-01,22261,FELT EGG COSY WHITE RABBIT ,12
2011-03-02,22261,FELT EGG COSY WHITE RABBIT ,0
2011-03-03,22261,FELT EGG COSY WHITE RABBIT ,14
2011-03-04,22261,FELT EGG COSY WHITE RABBIT ,12
2011-03-05,22261,FELT EGG COSY WHITE RABBIT ,0
2011-03-06,22261,FELT EGG COSY WHITE RABBIT ,6
2011-03-07,22261,FELT EGG COSY WHITE RABBIT ,4
2011-03-08,22261,FELT EGG COSY WHITE RABBIT ,12
2011-03-09,22261,FELT EGG COSY WHITE RABBIT ,6
2011-03-10,22261,FELT EGG COSY WHITE RABBIT ,0
2011-03-11,22261,FELT EGG COSY WHITE RABBIT ,0
2011-03-12,22261,FELT EGG COSY WHITE RABBIT ,0
2011-03-13,22261,FELT EGG COSY WHITE RABBIT ,12
2011-03-14,22261,FELT EGG COSY WHITE RABBIT ,12
2011-03-15,22261,FELT EGG COSY WHITE RABBIT ,0
2011-03-16,22261,FELT EGG COSY WHITE RABBIT ,12
2011-03-17,22261,FELT EGG COSY WHITE RABBIT ,25
2011-03-18,22261,FELT EGG COSY WHITE RABBIT ,5
2011-03-19,22261,FELT EGG COSY WHITE RABBIT ,0
2011-03-20,22261,FELT EGG COSY WHITE RABBIT ,15
2011-03-21,22261,FELT EGG COSY WHITE RABBIT ,0
2011-03-22,22261,FELT EGG COSY WHITE RABBIT ,18
2011-03-23,22261,FELT EGG COSY WHITE RABBIT ,12
2011-03-24,22261,FELT EGG COSY WHITE RABBIT ,15
2011-03-25,22261,FELT EGG COSY WHITE RABBIT ,0
2011-03-26,22261,FELT EGG COSY WHITE RABBIT ,0
2011-03-27,22261,FELT EGG COSY WHITE RABBIT ,2
2011-03-28,22261,FELT EGG COSY WHITE RABBIT ,5
2011-03-29,22261,FELT EGG COSY WHITE RABBIT ,0
2011-03-30,22261,FELT EGG COSY WHITE RABBIT ,0
2011-03-31,22261,FELT EGG COSY WHITE RABBIT ,0
2011-04-01,22261,FELT EGG COSY WHITE RABBIT ,0
2011-04-02,22261,FELT EGG COSY WHITE RABBIT ,0
2011-04-03,22261,FELT EGG COSY WHITE RABBIT ,0
2011-04-04,22261,FELT EGG COSY WHITE RABBIT ,3
2011-04-05,22261,FELT EGG COSY WHITE RABBIT ,0
2011-04-06,22261,FELT EGG COSY WHITE RABBIT ,0
2011-04-07,22261,FELT EGG COSY WHITE RABBIT ,1
2011-04-08,22261,FELT EGG COSY WHITE RABBIT ,6
2011-04-09,22261,FELT EGG COSY WHITE RABBIT ,0
2011-04-10,22261,FELT EGG COSY WHITE RABBIT ,5
2011-04-11,22261,FELT EGG COSY WHITE RABBIT ,0
2011-04-12,22261,FELT EGG COSY WHITE RABBIT ,10
2011-04-13,22261,FELT EGG COSY WHITE RABBIT ,0
2011-04-14,22261,FELT EGG COSY WHITE RABBIT ,5
2011-04-15,22261,FELT EGG COSY WHITE RABBIT ,0
2011-04-16,22261,FELT EGG COSY WHITE RABBIT ,0
2011-04-17,22261,FELT EGG COSY WHITE RABBIT ,0
2011-04-18,22261,FELT EGG COSY WHITE RABBIT ,8
2011-04-19,22261,FELT EGG COSY WHITE RABBIT ,6
2011-04-20,22261,FELT EGG COSY WHITE RABBIT ,0
2011-04-21,22261,FELT EGG COSY WHITE RABBIT ,2
2011-04-22,22261,FELT EGG COSY WHITE RABBIT ,0
2011-04-23,22261,FELT EGG COSY WHITE RABBIT ,0
2011-04-24,22261,FELT EGG COSY WHITE RABBIT ,0
2011-04-25,22261,FELT EGG COSY WHITE RABBIT ,0
2011-04-26,22261,FELT EGG COSY WHITE RABBIT ,0
2011-04-27,22261,FELT EGG COSY WHITE RABBIT ,1
2011-04-28,22261,FELT EGG COSY WHITE RABBIT ,0
2011-04-29,22261,FELT EGG COSY WHITE RABBIT ,0
2011-04-30,22261,FELT EGG COSY WHITE RABBIT ,0
2011-05-01,22261,FELT EGG COSY WHITE RABBIT ,0
2011-05-02,22261,FELT EGG COSY WHITE RABBIT ,0
2011-05-03,22261,FELT EGG COSY WHITE RABBIT ,0
2011-05-04,22261,FELT EGG COSY WHITE RABBIT ,0
2011-05-05,22261,FELT EGG COSY WHITE RABBIT ,0
2011-05-06,22261,FELT EGG COSY WHITE RABBIT ,0
2011-05-07,22261,FELT EGG COSY WHITE RABBIT ,0
2011-05-08,22261,FELT EGG COSY WHITE RABBIT ,0
2011-05-09,22261,FELT EGG COSY WHITE RABBIT ,0
2011-05-10,22261,FELT EGG COSY WHITE RABBIT ,0
2011-05-11,22261,FELT EGG COSY WHITE RABBIT ,0
2011-05-12,22261,FELT EGG COSY WHITE RABBIT ,0
2011-05-13,22261,FELT EGG COSY WHITE RABBIT ,0
2011-05-14,22261,FELT EGG COSY WHITE RABBIT ,0
2011-05-15,22261,FELT EGG COSY WHITE RABBIT ,0
2011-05-16,22261,FELT EGG COSY WHITE RABBIT ,0
2011-05-17,22261,FELT EGG COSY WHITE RABBIT ,0
2011-05-18,22261,FELT EGG COSY WHITE RABBIT ,0
2011-05-19,22261,FELT EGG COSY WHITE RABBIT ,0
2011-05-20,22261,FELT EGG COSY WHITE RABBIT ,0
2011-05-21,22261,FELT EGG COSY WHITE RABBIT ,0
2011-05-22,22261,FELT EGG COSY WHITE RABBIT ,0
2011-05-23,22261,FELT EGG COSY WHITE RABBIT ,0
2011-05-24,22261,FELT EGG COSY WHITE RABBIT ,1
2011-05-25,22261,FELT EGG COSY WHITE RABBIT ,0
2011-05-26,22261,FELT EGG COSY WHITE RABBIT ,0
2011-05-27,22261,FELT EGG COSY WHITE RABBIT ,0
2011-05-28,22261,FELT EGG COSY WHITE RABBIT ,0
2011-05-29,22261,FELT EGG COSY WHITE RABBIT ,0
2011-05-30,22261,FELT EGG COSY WHITE RABBIT ,0
2011-05-31,22261,FELT EGG COSY WHITE RABBIT ,0
2011-06-01,22261,FELT EGG COSY WHITE RABBIT ,0
2011-06-02,22261,FELT EGG COSY WHITE RABBIT ,1
2011-06-03,22261,FELT EGG COSY WHITE RABBIT ,0
2011-06-04,22261,FELT EGG COSY WHITE RABBIT ,0
2011-06-05,22261,FELT EGG COSY WHITE RABBIT ,0
2011-06-06,22261,FELT EGG COSY WHITE RABBIT ,0
2011-06-07,22261,FELT EGG COSY WHITE RABBIT ,0
2011-06-08,22261,FELT EGG COSY WHITE RABBIT ,0
2011-06-09,22261,FELT EGG COSY WHITE RABBIT ,0
2011-06-10,22261,FELT EGG COSY WHITE RABBIT ,0
2011-06-11,22261,FELT EGG COSY WHITE RABBIT ,0
2011-06-12,22261,FELT EGG COSY WHITE RABBIT ,0
2011-06-13,22261,FELT EGG COSY WHITE RABBIT ,0
2011-06-14,22261,FELT EGG COSY WHITE RABBIT ,0
2011-06-15,22261,FELT EGG COSY WHITE RABBIT ,0
2011-06-16,22261,FELT EGG COSY WHITE RABBIT ,0
2011-06-17,22261,FELT EGG COSY WHITE RABBIT ,0
2011-06-18,22261,FELT EGG COSY WHITE RABBIT ,0
2011-06-19,22261,FELT EGG COSY WHITE RABBIT ,0
2011-06-20,22261,FELT EGG COSY WHITE RABBIT ,0
2011-06-21,22261,FELT EGG COSY WHITE RABBIT ,0
2011-06-22,22261,FELT EGG COSY WHITE RABBIT ,0
2011-06-23,22261,FELT EGG COSY WHITE RABBIT ,0
2011-06-24,22261,FELT EGG COSY WHITE RABBIT ,0
2011-06-25,22261,FELT EGG COSY WHITE RABBIT ,0
2011-06-26,22261,FELT EGG COSY WHITE RABBIT ,0
2011-06-27,22261,FELT EGG COSY WHITE RABBIT ,0
2011-06-28,22261,FELT EGG COSY WHITE RABBIT ,0
2011-06-29,22261,FELT EGG COSY WHITE RABBIT ,0
2011-06-30,22261,FELT EGG COSY WHITE RABBIT ,0
2011-07-01,22261,FELT EGG COSY WHITE RABBIT ,0
2011-07-02,22261,FELT EGG COSY WHITE RABBIT ,0
2011-07-03,22261,FELT EGG COSY WHITE RABBIT ,0
2011-07-04,22261,FELT EGG COSY WHITE RABBIT ,0
2011-07-05,22261,FELT EGG COSY WHITE RABBIT ,0
2011-07-06,22261,FELT EGG COSY WHITE RABBIT ,0
2011-07-07,22261,FELT EGG COSY WHITE RABBIT ,0
2011-07-08,22261,FELT EGG COSY WHITE RABBIT ,0
2011-07-09,22261,FELT EGG COSY WHITE RABBIT ,0
2011-07-10,22261,FELT EGG COSY WHITE RABBIT ,0
2011-07-11,22261,FELT EGG COSY WHITE RABBIT ,0
2011-07-12,22261,FELT EGG COSY WHITE RABBIT ,0
2011-07-13,22261,FELT EGG COSY WHITE RABBIT ,0
2011-07-14,22261,FELT EGG COSY WHITE RABBIT ,0
2011-07-15,22261,FELT EGG COSY WHITE RABBIT ,0
2011-07-16,22261,FELT EGG COSY WHITE RABBIT ,0
2011-07-17,22261,FELT EGG COSY WHITE RABBIT ,0
2011-07-18,22261,FELT EGG COSY WHITE RABBIT ,0
2011-07-19,22261,FELT EGG COSY WHITE RABBIT ,0
2011-07-20,22261,FELT EGG COSY WHITE RABBIT ,0
2011-07-21,22261,FELT EGG COSY WHITE RABBIT ,0
2011-07-22,22261,FELT EGG COSY WHITE RABBIT ,0
2011-07-23,22261,FELT EGG COSY WHITE RABBIT ,0
2011-07-24,22261,FELT EGG COSY WHITE RABBIT ,0
2011-07-25,22261,FELT EGG COSY WHITE RABBIT ,0
2011-07-26,22261,FELT EGG COSY WHITE RABBIT ,0
2011-07-27,22261,FELT EGG COSY WHITE RABBIT ,0
2011-07-28,22261,FELT EGG COSY WHITE RABBIT ,0
2011-07-29,22261,FELT EGG COSY WHITE RABBIT ,0
2011-07-30,22261,FELT EGG COSY WHITE RABBIT ,0
2011-07-31,22261,FELT EGG COSY WHITE RABBIT ,0
2011-08-01,22261,FELT EGG COSY WHITE RABBIT ,0
2011-08-02,22261,FELT EGG COSY WHITE RABBIT ,0
2011-08-03,22261,FELT EGG COSY WHITE RABBIT ,0
2011-08-04,22261,FELT EGG COSY WHITE RABBIT ,12
2011-08-05,22261,FELT EGG COSY WHITE RABBIT ,0
2011-08-06,22261,FELT EGG COSY WHITE RABBIT ,0
2011-08-07,22261,FELT EGG COSY WHITE RABBIT ,0
2011-08-08,22261,FELT EGG COSY WHITE RABBIT ,0
2011-08-09,22261,FELT EGG COSY WHITE RABBIT ,0
2011-08-10,22261,FELT EGG COSY WHITE RABBIT ,0
2011-08-11,22261,FELT EGG COSY WHITE RABBIT ,0
2011-08-12,22261,FELT EGG COSY WHITE RABBIT ,0
2011-08-13,22261,FELT EGG COSY WHITE RABBIT ,0
2011-08-14,22261,FELT EGG COSY WHITE RABBIT ,0
2011-08-15,22261,FELT EGG COSY WHITE RABBIT ,0
2011-08-16,22261,FELT EGG COSY WHITE RABBIT ,0
2011-08-17,22261,FELT EGG COSY WHITE RABBIT ,0
2011-08-18,22261,FELT EGG COSY WHITE RABBIT ,0
2011-08-19,22261,FELT EGG COSY WHITE RABBIT ,0
2011-08-20,22261,FELT EGG COSY WHITE RABBIT ,0
2011-08-21,22261,FELT EGG COSY WHITE RABBIT ,0
2011-08-22,22261,FELT EGG COSY WHITE RABBIT ,0
2011-08-23,22261,FELT EGG COSY WHITE RABBIT ,0
2011-08-24,22261,FELT EGG COSY WHITE RABBIT ,0
2011-08-25,22261,FELT EGG COSY WHITE RABBIT ,0
2011-08-26,22261,FELT EGG COSY WHITE RABBIT ,0
2011-08-27,22261,FELT EGG COSY WHITE RABBIT ,0
2011-08-28,22261,FELT EGG COSY WHITE RABBIT ,0
2011-08-29,22261,FELT EGG COSY WHITE RABBIT ,0
2011-08-30,22261,FELT EGG COSY WHITE RABBIT ,0
2011-08-31,22261,FELT EGG COSY WHITE RABBIT ,0
2011-09-01,22261,FELT EGG COSY WHITE RABBIT ,0
2011-09-02,22261,FELT EGG COSY WHITE RABBIT ,0
2011-09-03,22261,FELT EGG COSY WHITE RABBIT ,0
2011-09-04,22261,FELT EGG COSY WHITE RABBIT ,0
2011-09-05,22261,FELT EGG COSY WHITE RABBIT ,3
2011-09-06,22261,FELT EGG COSY WHITE RABBIT ,0
2011-09-07,22261,FELT EGG COSY WHITE RABBIT ,0
2011-09-08,22261,FELT EGG COSY WHITE RABBIT ,0
2011-09-09,22261,FELT EGG COSY WHITE RABBIT ,0
2011-09-10,22261,FELT EGG COSY WHITE RABBIT ,0
2011-09-11,22261,FELT EGG COSY WHITE RABBIT ,0
2011-09-12,22261,FELT EGG COSY WHITE RABBIT ,0
2011-09-13,22261,FELT EGG COSY WHITE RABBIT ,0
2011-09-14,22261,FELT EGG COSY WHITE RABBIT ,0
2011-09-15,22261,FELT EGG COSY WHITE RABBIT ,0
2011-09-16,22261,FELT EGG COSY WHITE RABBIT ,0
2011-09-17,22261,FELT EGG COSY WHITE RABBIT ,0
2011-09-18,22261,FELT EGG COSY WHITE RABBIT ,0
2011-09-19,22261,FELT EGG COSY WHITE RABBIT ,0
2011-09-20,22261,FELT EGG COSY WHITE RABBIT ,0
2011-09-21,22261,FELT EGG COSY WHITE RABBIT ,0
2011-09-22,22261,FELT EGG COSY WHITE RABBIT ,1
2011-09-23,22261,FELT EGG COSY WHITE RABBIT ,0
2011-09-24,22261,FELT EGG COSY WHITE RABBIT ,0
2011-09-25,22261,FELT EGG COSY WHITE RABBIT ,0
2011-09-26,22261,FELT EGG COSY WHITE RABBIT ,1
2011-09-27,22261,FELT EGG COSY WHITE RABBIT ,0
2011-09-28,22261,FELT EGG COSY WHITE RABBIT ,0
2011-09-29,22261,FELT EGG COSY WHITE RABBIT ,0
2011-09-30,22261,FELT EGG COSY WHITE RABBIT ,0
2011-10-01,22261,FELT EGG COSY WHITE RABBIT ,0
2011-10-02,22261,FELT EGG COSY WHITE RABBIT ,0
2011-10-03,22261,FELT EGG COSY WHITE RABBIT ,0
2011-10-04,22261,FELT EGG COSY WHITE RABBIT ,0
2011-10-05,22261,FELT EGG COSY WHITE RABBIT ,0
2011-10-06,22261,FELT EGG COSY WHITE RABBIT ,0
2011-10-07,22261,FELT EGG COSY WHITE RABBIT ,0
2011-10-08,22261,FELT EGG COSY WHITE RABBIT ,0
2011-10-09,22261,FELT EGG COSY WHITE RABBIT ,0
2011-10-10,22261,FELT EGG COSY WHITE RABBIT ,0
2011-10-11,22261,FELT EGG COSY WHITE RABBIT ,0
2011-10-12,22261,FELT EGG COSY WHITE RABBIT ,0
2011-10-13,22261,FELT EGG COSY WHITE RABBIT ,0
2011-10-14,22261,FELT EGG COSY WHITE RABBIT ,0
2011-10-15,22261,FELT EGG COSY WHITE RABBIT ,0
2011-10-16,22261,FELT EGG COSY WHITE RABBIT ,0
2011-10-17,22261,FELT EGG COSY WHITE RABBIT ,0
2011-10-18,22261,FELT EGG COSY WHITE RABBIT ,0
2011-10-19,22261,FELT EGG COSY WHITE RABBIT ,0
2011-10-20,22261,FELT EGG COSY WHITE RABBIT ,0
2011-10-21,22261,FELT EGG COSY WHITE RABBIT ,0
2011-10-22,22261,FELT EGG COSY WHITE RABBIT ,0
2011-10-23,22261,FELT EGG COSY WHITE RABBIT ,0
2011-10-24,22261,FELT EGG COSY WHITE RABBIT ,3
2011-10-25,22261,FELT EGG COSY WHITE RABBIT ,0
2011-10-26,22261,FELT EGG COSY WHITE RABBIT ,0
2011-10-27,22261,FELT EGG COSY WHITE RABBIT ,0
2011-10-28,22261,FELT EGG COSY WHITE RABBIT ,0
2011-10-29,22261,FELT EGG COSY WHITE RABBIT ,0
2011-10-30,22261,FELT EGG COSY WHITE RABBIT ,3
2011-10-31,22261,FELT EGG COSY WHITE RABBIT ,2
2011-11-01,22261,FELT EGG COSY WHITE RABBIT ,0
2011-11-02,22261,FELT EGG COSY WHITE RABBIT ,0
2011-11-03,22261,FELT EGG COSY WHITE RABBIT ,0
2011-11-04,22261,FELT EGG COSY WHITE RABBIT ,0
2011-11-05,22261,FELT EGG COSY WHITE RABBIT ,0
2011-11-06,22261,FELT EGG COSY WHITE RABBIT ,0
2011-11-07,22261,FELT EGG COSY WHITE RABBIT ,0
2011-11-08,22261,FELT EGG COSY WHITE RABBIT ,3
2011-11-09,22261,FELT EGG COSY WHITE RABBIT ,0
2011-11-10,22261,FELT EGG COSY WHITE RABBIT ,0
2010-12-01,22280,POCKET BAG PINK PAISELY BROWN SPOT,0
2010-12-02,22280,POCKET BAG PINK PAISELY BROWN SPOT,0
2010-12-03,22280,POCKET BAG PINK PAISELY BROWN SPOT,0
2010-12-04,22280,POCKET BAG PINK PAISELY BROWN SPOT,0
2010-12-05,22280,POCKET BAG PINK PAISELY BROWN SPOT,0
2010-12-06,22280,POCKET BAG PINK PAISELY BROWN SPOT,3
2010-12-07,22280,POCKET BAG PINK PAISELY BROWN SPOT,0
2010-12-08,22280,POCKET BAG PINK PAISELY BROWN SPOT,0
2010-12-09,22280,POCKET BAG PINK PAISELY BROWN SPOT,0
2010-12-10,22280,POCKET BAG PINK PAISELY BROWN SPOT,0
2010-12-11,22280,POCKET BAG PINK PAISELY BROWN SPOT,0
2010-12-12,22280,POCKET BAG PINK PAISELY BROWN SPOT,0
2010-12-13,22280,POCKET BAG PINK PAISELY BROWN SPOT,0
2010-12-14,22280,POCKET BAG PINK PAISELY BROWN SPOT,0
2010-12-15,22280,POCKET BAG PINK PAISELY BROWN SPOT,0
2010-12-16,22280,POCKET BAG PINK PAISELY BROWN SPOT,0
2010-12-17,22280,POCKET BAG PINK PAISELY BROWN SPOT,0
2010-12-18,22280,POCKET BAG PINK PAISELY BROWN SPOT,0
2010-12-19,22280,POCKET BAG PINK PAISELY BROWN SPOT,0
2010-12-20,22280,POCKET BAG PINK PAISELY BROWN SPOT,0
2010-12-21,22280,POCKET BAG PINK PAISELY BROWN SPOT,0
2010-12-22,22280,POCKET BAG PINK PAISELY BROWN SPOT,0
2010-12-23,22280,POCKET BAG PINK PAISELY BROWN SPOT,7
2010-12-24,22280,POCKET BAG PINK PAISELY BROWN SPOT,0
2010-12-25,22280,POCKET BAG PINK PAISELY BROWN SPOT,0
2010-12-26,22280,POCKET BAG PINK PAISELY BROWN SPOT,0
2010-12-27,22280,POCKET BAG PINK PAISELY BROWN SPOT,0
2010-12-28,22280,POCKET BAG PINK PAISELY BROWN SPOT,0
2010-12-29,22280,POCKET BAG PINK PAISELY BROWN SPOT,0
2010-12-30,22280,POCKET BAG PINK PAISELY BROWN SPOT,0
2010-12-31,22280,POCKET BAG PINK PAISELY BROWN SPOT,0
2011-01-01,22280,POCKET BAG PINK PAISELY BROWN SPOT,0
2011-01-02,22280,POCKET BAG PINK PAISELY BROWN SPOT,0
2011-01-03,22280,POCKET BAG PINK PAISELY BROWN SPOT,0
2011-01-04,22280,POCKET BAG PINK PAISELY BROWN SPOT,11
2011-01-05,22280,POCKET BAG PINK PAISELY BROWN SPOT,11
2011-01-06,22280,POCKET BAG PINK PAISELY BROWN SPOT,2
2011-01-07,22280,POCKET BAG PINK PAISELY BROWN SPOT,4
2011-01-08,22280,POCKET BAG PINK PAISELY BROWN SPOT,0
2011-01-09,22280,POCKET BAG PINK PAISELY BROWN SPOT,0
2011-01-10,22280,POCKET BAG PINK PAISELY BROWN SPOT,19
2011-01-11,22280,POCKET BAG PINK PAISELY BROWN SPOT,0
2011-01-12,22280,POCKET BAG PINK PAISELY BROWN SPOT,7
2011-01-13,22280,POCKET BAG PINK PAISELY BROWN SPOT,9
2011-01-14,22280,POCKET BAG PINK PAISELY BROWN SPOT,5
2011-01-15,22280,POCKET BAG PINK PAISELY BROWN SPOT,0
2011-01-16,22280,POCKET BAG PINK PAISELY BROWN SPOT,0
2011-01-17,22280,POCKET BAG PINK PAISELY BROWN SPOT,21
2011-01-18,22280,POCKET BAG PINK PAISELY BROWN SPOT,10
2011-01-19,22280,POCKET BAG PINK PAISELY BROWN SPOT,4
2011-01-20,22280,POCKET BAG PINK PAISELY BROWN SPOT,27
2011-01-21,22280,POCKET BAG PINK PAISELY BROWN SPOT,9
2011-01-22,22280,POCKET BAG PINK PAISELY BROWN SPOT,0
2011-01-23,22280,POCKET BAG PINK PAISELY BROWN SPOT,0
2011-01-24,22280,POCKET BAG PINK PAISELY BROWN SPOT,1
2011-01-25,22280,POCKET BAG PINK PAISELY BROWN SPOT,0
2011-01-26,22280,POCKET BAG PINK PAISELY BROWN SPOT,0
2011-01-27,22280,POCKET BAG PINK PAISELY BROWN SPOT,0
2011-01-28,22280,POCKET BAG PINK PAISELY BROWN SPOT,0
2011-01-29,22280,POCKET BAG PINK PAISELY BROWN SPOT,0
2011-01-30,22280,POCKET BAG PINK PAISELY BROWN SPOT,0
2011-01-31,22280,POCKET BAG PINK PAISELY BROWN SPOT,0
2011-02-01,22280,POCKET BAG PINK PAISELY BROWN SPOT,0
2011-02-02,22280,POCKET BAG PINK PAISELY BROWN SPOT,0
2011-02-03,22280,POCKET BAG PINK PAISELY BROWN SPOT,0
2011-02-04,22280,POCKET BAG PINK PAISELY BROWN SPOT,0
2011-02-05,22280,POCKET BAG PINK PAISELY BROWN SPOT,0
2011-02-06,22280,POCKET BAG PINK PAISELY BROWN SPOT,0
2011-02-07,22280,POCKET BAG PINK PAISELY BROWN SPOT,0
2011-02-08,22280,POCKET BAG PINK PAISELY BROWN SPOT,0
2011-02-09,22280,POCKET BAG PINK PAISELY BROWN SPOT,0
2011-02-10,22280,POCKET BAG PINK PAISELY BROWN SPOT,0
2011-02-11,22280,POCKET BAG PINK PAISELY BROWN SPOT,0
2011-02-12,22280,POCKET BAG PINK PAISELY BROWN SPOT,0
2011-02-13,22280,POCKET BAG PINK PAISELY BROWN SPOT,2
2011-02-14,22280,POCKET BAG PINK PAISELY BROWN SPOT,0
2011-02-15,22280,POCKET BAG PINK PAISELY BROWN SPOT,0
2011-02-16,22280,POCKET BAG PINK PAISELY BROWN SPOT,0
2011-02-17,22280,POCKET BAG PINK PAISELY BROWN SPOT,0
2011-02-18,22280,POCKET BAG PINK PAISELY BROWN SPOT,0
2011-02-19,22280,POCKET BAG PINK PAISELY BROWN SPOT,0
2011-02-20,22280,POCKET BAG PINK PAISELY BROWN SPOT,0
2011-02-21,22280,POCKET BAG PINK PAISELY BROWN SPOT,0
2011-02-22,22280,POCKET BAG PINK PAISELY BROWN SPOT,0
2011-02-23,22280,POCKET BAG PINK PAISELY BROWN SPOT,0
2011-02-24,22280,POCKET BAG PINK PAISELY BROWN SPOT,0
2011-02-25,22280,POCKET BAG PINK PAISELY BROWN SPOT,12
2011-02-26,22280,POCKET BAG PINK PAISELY BROWN SPOT,0
2011-02-27,22280,POCKET BAG PINK PAISELY BROWN SPOT,0
2011-02-28,22280,POCKET BAG PINK PAISELY BROWN SPOT,0
2011-03-01,22280,POCKET BAG PINK PAISELY BROWN SPOT,0
2011-03-02,22280,POCKET BAG PINK PAISELY BROWN SPOT,0
2011-03-03,22280,POCKET BAG PINK PAISELY BROWN SPOT,0
2011-03-04,22280,POCKET BAG PINK PAISELY BROWN SPOT,0
2011-03-05,22280,POCKET BAG PINK PAISELY BROWN SPOT,0
2011-03-06,22280,POCKET BAG PINK PAISELY BROWN SPOT,4
2011-03-07,22280,POCKET BAG PINK PAISELY BROWN SPOT,0
2011-03-08,22280,POCKET BAG PINK PAISELY BROWN SPOT,1
2011-03-09,22280,POCKET BAG PINK PAISELY BROWN SPOT,12
2011-03-10,22280,POCKET BAG PINK PAISELY BROWN SPOT,0
2011-03-11,22280,POCKET BAG PINK PAISELY BROWN SPOT,0
2011-03-12,22280,POCKET BAG PINK PAISELY BROWN SPOT,0
2011-03-13,22280,POCKET BAG PINK PAISELY BROWN SPOT,0
2011-03-14,22280,POCKET BAG PINK PAISELY BROWN SPOT,0
2011-03-15,22280,POCKET BAG PINK PAISELY BROWN SPOT,0
2011-03-16,22280,POCKET BAG PINK PAISELY BROWN SPOT,0
2011-03-17,22280,POCKET BAG PINK PAISELY BROWN SPOT,0
2011-03-18,22280,POCKET BAG PINK PAISELY BROWN SPOT,0
2011-03-19,22280,POCKET BAG PINK PAISELY BROWN SPOT,0
2011-03-20,22280,POCKET BAG PINK PAISELY BROWN SPOT,1
2011-03-21,22280,POCKET BAG PINK PAISELY BROWN SPOT,0
2011-03-22,22280,POCKET BAG PINK PAISELY BROWN SPOT,1
2011-03-23,22280,POCKET BAG PINK PAISELY BROWN SPOT,0
2011-03-24,22280,POCKET BAG PINK PAISELY BROWN SPOT,0
2011-03-25,22280,POCKET BAG PINK PAISELY BROWN SPOT,0
2011-03-26,22280,POCKET BAG PINK PAISELY BROWN SPOT,0
2011-03-27,22280,POCKET BAG PINK PAISELY BROWN SPOT,0
2011-03-28,22280,POCKET BAG PINK PAISELY BROWN SPOT,0
2011-03-29,22280,POCKET BAG PINK PAISELY BROWN SPOT,0
2011-03-30,22280,POCKET BAG PINK PAISELY BROWN SPOT,0
2011-03-31,22280,POCKET BAG PINK PAISELY BROWN SPOT,0
2011-04-01,22280,POCKET BAG PINK PAISELY BROWN SPOT,0
2011-04-02,22280,POCKET BAG PINK PAISELY BROWN SPOT,0
2011-04-03,22280,POCKET BAG PINK PAISELY BROWN SPOT,0
2011-04-04,22280,POCKET BAG PINK PAISELY BROWN SPOT,0
2011-04-05,22280,POCKET BAG PINK PAISELY BROWN SPOT,0
2011-04-06,22280,POCKET BAG PINK PAISELY BROWN SPOT,0
2011-04-07,22280,POCKET BAG PINK PAISELY BROWN SPOT,0
2011-04-08,22280,POCKET BAG PINK PAISELY BROWN SPOT,0
2011-04-09,22280,POCKET BAG PINK PAISELY BROWN SPOT,0
2011-04-10,22280,POCKET BAG PINK PAISELY BROWN SPOT,0
2011-04-11,22280,POCKET BAG PINK PAISELY BROWN SPOT,0
2011-04-12,22280,POCKET BAG PINK PAISELY BROWN SPOT,0
2011-04-13,22280,POCKET BAG PINK PAISELY BROWN SPOT,0
2011-04-14,22280,POCKET BAG PINK PAISELY BROWN SPOT,0
2011-04-15,22280,POCKET BAG PINK PAISELY BROWN SPOT,0
2011-04-16,22280,POCKET BAG PINK PAISELY BROWN SPOT,0
2011-04-17,22280,POCKET BAG PINK PAISELY BROWN SPOT,0
2011-04-18,22280,POCKET BAG PINK PAISELY BROWN SPOT,0
2011-04-19,22280,POCKET BAG PINK PAISELY BROWN SPOT,12
2011-04-20,22280,POCKET BAG PINK PAISELY BROWN SPOT,0
2011-04-21,22280,POCKET BAG PINK PAISELY BROWN SPOT,0
2011-04-22,22280,POCKET BAG PINK PAISELY BROWN SPOT,0
2011-04-23,22280,POCKET BAG PINK PAISELY BROWN SPOT,0
2011-04-24,22280,POCKET BAG PINK PAISELY BROWN SPOT,0
2011-04-25,22280,POCKET BAG PINK PAISELY BROWN SPOT,0
2011-04-26,22280,POCKET BAG PINK PAISELY BROWN SPOT,0
2011-04-27,22280,POCKET BAG PINK PAISELY BROWN SPOT,0
2011-04-28,22280,POCKET BAG PINK PAISELY BROWN SPOT,0
2011-04-29,22280,POCKET BAG PINK PAISELY BROWN SPOT,0
2011-04-30,22280,POCKET BAG PINK PAISELY BROWN SPOT,0
2011-05-01,22280,POCKET BAG PINK PAISELY BROWN SPOT,0
2011-05-02,22280,POCKET BAG PINK PAISELY BROWN SPOT,0
2011-05-03,22280,POCKET BAG PINK PAISELY BROWN SPOT,0
2011-05-04,22280,POCKET BAG PINK PAISELY BROWN SPOT,24
2011-05-05,22280,POCKET BAG PINK PAISELY BROWN SPOT,0
2011-05-06,22280,POCKET BAG PINK PAISELY BROWN SPOT,0
2011-05-07,22280,POCKET BAG PINK PAISELY BROWN SPOT,0
2011-05-08,22280,POCKET BAG PINK PAISELY BROWN SPOT,0
2011-05-09,22280,POCKET BAG PINK PAISELY BROWN SPOT,0
2011-05-10,22280,POCKET BAG PINK PAISELY BROWN SPOT,0
2011-05-11,22280,POCKET BAG PINK PAISELY BROWN SPOT,0
2011-05-12,22280,POCKET BAG PINK PAISELY BROWN SPOT,1
2011-05-13,22280,POCKET BAG PINK PAISELY BROWN SPOT,0
2011-05-14,22280,POCKET BAG PINK PAISELY BROWN SPOT,0
2011-05-15,22280,POCKET BAG PINK PAISELY BROWN SPOT,0
2011-05-16,22280,POCKET BAG PINK PAISELY BROWN SPOT,0
2011-05-17,22280,POCKET BAG PINK PAISELY BROWN SPOT,0
2011-05-18,22280,POCKET BAG PINK PAISELY BROWN SPOT,0
2011-05-19,22280,POCKET BAG PINK PAISELY BROWN SPOT,0
2011-05-20,22280,POCKET BAG PINK PAISELY BROWN SPOT,0
2011-05-21,22280,POCKET BAG PINK PAISELY BROWN SPOT,0
2011-05-22,22280,POCKET BAG PINK PAISELY BROWN SPOT,0
2011-05-23,22280,POCKET BAG PINK PAISELY BROWN SPOT,0
2011-05-24,22280,POCKET BAG PINK PAISELY BROWN SPOT,0
2011-05-25,22280,POCKET BAG PINK PAISELY BROWN SPOT,0
2011-05-26,22280,POCKET BAG PINK PAISELY BROWN SPOT,0
2011-05-27,22280,POCKET BAG PINK PAISELY BROWN SPOT,0
2011-05-28,22280,POCKET BAG PINK PAISELY BROWN SPOT,0
2011-05-29,22280,POCKET BAG PINK PAISELY BROWN SPOT,0
2011-05-30,22280,POCKET BAG PINK PAISELY BROWN SPOT,0
2011-05-31,22280,POCKET BAG PINK PAISELY BROWN SPOT,0
2011-06-01,22280,POCKET BAG PINK PAISELY BROWN SPOT,0
2011-06-02,22280,POCKET BAG PINK PAISELY BROWN SPOT,0
2011-06-03,22280,POCKET BAG PINK PAISELY BROWN SPOT,0
2011-06-04,22280,POCKET BAG PINK PAISELY BROWN SPOT,0
2011-06-05,22280,POCKET BAG PINK PAISELY BROWN SPOT,12
2011-06-06,22280,POCKET BAG PINK PAISELY BROWN SPOT,0
2011-06-07,22280,POCKET BAG PINK PAISELY BROWN SPOT,12
2011-06-08,22280,POCKET BAG PINK PAISELY BROWN SPOT,12
2011-06-09,22280,POCKET BAG PINK PAISELY BROWN SPOT,0
2011-06-10,22280,POCKET BAG PINK PAISELY BROWN SPOT,0
2011-06-11,22280,POCKET BAG PINK PAISELY BROWN SPOT,0
2011-06-12,22280,POCKET BAG PINK PAISELY BROWN SPOT,0
2011-06-13,22280,POCKET BAG PINK PAISELY BROWN SPOT,0
2011-06-14,22280,POCKET BAG PINK PAISELY BROWN SPOT,0
2011-06-15,22280,POCKET BAG PINK PAISELY BROWN SPOT,0
2011-06-16,22280,POCKET BAG PINK PAISELY BROWN SPOT,0
2011-06-17,22280,POCKET BAG PINK PAISELY BROWN SPOT,0
2011-06-18,22280,POCKET BAG PINK PAISELY BROWN SPOT,0
2011-06-19,22280,POCKET BAG PINK PAISELY BROWN SPOT,0
2011-06-20,22280,POCKET BAG PINK PAISELY BROWN SPOT,12
2011-06-21,22280,POCKET BAG PINK PAISELY BROWN SPOT,0
2011-06-22,22280,POCKET BAG PINK PAISELY BROWN SPOT,0
2011-06-23,22280,POCKET BAG PINK PAISELY BROWN SPOT,0
2011-06-24,22280,POCKET BAG PINK PAISELY BROWN SPOT,0
2011-06-25,22280,POCKET BAG PINK PAISELY BROWN SPOT,0
2011-06-26,22280,POCKET BAG PINK PAISELY BROWN SPOT,0
2011-06-27,22280,POCKET BAG PINK PAISELY BROWN SPOT,0
2011-06-28,22280,POCKET BAG PINK PAISELY BROWN SPOT,0
2011-06-29,22280,POCKET BAG PINK PAISELY BROWN SPOT,40
2011-06-30,22280,POCKET BAG PINK PAISELY BROWN SPOT,5
2011-07-01,22280,POCKET BAG PINK PAISELY BROWN SPOT,0
2011-07-02,22280,POCKET BAG PINK PAISELY BROWN SPOT,0
2011-07-03,22280,POCKET BAG PINK PAISELY BROWN SPOT,0
2011-07-04,22280,POCKET BAG PINK PAISELY BROWN SPOT,10
2011-07-05,22280,POCKET BAG PINK PAISELY BROWN SPOT,16
2011-07-06,22280,POCKET BAG PINK PAISELY BROWN SPOT,8
2011-07-07,22280,POCKET BAG PINK PAISELY BROWN SPOT,5
2011-07-08,22280,POCKET BAG PINK PAISELY BROWN SPOT,5
2011-07-09,22280,POCKET BAG PINK PAISELY BROWN SPOT,0
2011-07-10,22280,POCKET BAG PINK PAISELY BROWN SPOT,0
2011-07-11,22280,POCKET BAG PINK PAISELY BROWN SPOT,2
2011-07-12,22280,POCKET BAG PINK PAISELY BROWN SPOT,9
2011-07-13,22280,POCKET BAG PINK PAISELY BROWN SPOT,1
2011-07-14,22280,POCKET BAG PINK PAISELY BROWN SPOT,4
2011-07-15,22280,POCKET BAG PINK PAISELY BROWN SPOT,0
2011-07-16,22280,POCKET BAG PINK PAISELY BROWN SPOT,0
2011-07-17,22280,POCKET BAG PINK PAISELY BROWN SPOT,0
2011-07-18,22280,POCKET BAG PINK PAISELY BROWN SPOT,2
2011-07-19,22280,POCKET BAG PINK PAISELY BROWN SPOT,0
2011-07-20,22280,POCKET BAG PINK PAISELY BROWN SPOT,6
2011-07-21,22280,POCKET BAG PINK PAISELY BROWN SPOT,0
2011-07-22,22280,POCKET BAG PINK PAISELY BROWN SPOT,4
2011-07-23,22280,POCKET BAG PINK PAISELY BROWN SPOT,0
2011-07-24,22280,POCKET BAG PINK PAISELY BROWN SPOT,1
2011-07-25,22280,POCKET BAG PINK PAISELY BROWN SPOT,3
2011-07-26,22280,POCKET BAG PINK PAISELY BROWN SPOT,1
2011-07-27,22280,POCKET BAG PINK PAISELY BROWN SPOT,0
2011-07-28,22280,POCKET BAG PINK PAISELY BROWN SPOT,2
2011-07-29,22280,POCKET BAG PINK PAISELY BROWN SPOT,0
2011-07-30,22280,POCKET BAG PINK PAISELY BROWN SPOT,0
2011-07-31,22280,POCKET BAG PINK PAISELY BROWN SPOT,0
2011-08-01,22280,POCKET BAG PINK PAISELY BROWN SPOT,0
2011-08-02,22280,POCKET BAG PINK PAISELY BROWN SPOT,0
2011-08-03,22280,POCKET BAG PINK PAISELY BROWN SPOT,0
2011-08-04,22280,POCKET BAG PINK PAISELY BROWN SPOT,0
2011-08-05,22280,POCKET BAG PINK PAISELY BROWN SPOT,0
2011-08-06,22280,POCKET BAG PINK PAISELY BROWN SPOT,0
2011-08-07,22280,POCKET BAG PINK PAISELY BROWN SPOT,0
2011-08-08,22280,POCKET BAG PINK PAISELY BROWN SPOT,0
2011-08-09,22280,POCKET BAG PINK PAISELY BROWN SPOT,0
2011-08-10,22280,POCKET BAG PINK PAISELY BROWN SPOT,0
2011-08-11,22280,POCKET BAG PINK PAISELY BROWN SPOT,1
2011-08-12,22280,POCKET BAG PINK PAISELY BROWN SPOT,0
2011-08-13,22280,POCKET BAG PINK PAISELY BROWN SPOT,0
2011-08-14,22280,POCKET BAG PINK PAISELY BROWN SPOT,0
2011-08-15,22280,POCKET BAG PINK PAISELY BROWN SPOT,0
2011-08-16,22280,POCKET BAG PINK PAISELY BROWN SPOT,0
2011-08-17,22280,POCKET BAG PINK PAISELY BROWN SPOT,0
2011-08-18,22280,POCKET BAG PINK PAISELY BROWN SPOT,0
2011-08-19,22280,POCKET BAG PINK PAISELY BROWN SPOT,0
2011-08-20,22280,POCKET BAG PINK PAISELY BROWN SPOT,0
2011-08-21,22280,POCKET BAG PINK PAISELY BROWN SPOT,0
2011-08-22,22280,POCKET BAG PINK PAISELY BROWN SPOT,0
2011-08-23,22280,POCKET BAG PINK PAISELY BROWN SPOT,0
2011-08-24,22280,POCKET BAG PINK PAISELY BROWN SPOT,0
2011-08-25,22280,POCKET BAG PINK PAISELY BROWN SPOT,0
2011-08-26,22280,POCKET BAG PINK PAISELY BROWN SPOT,0
2011-08-27,22280,POCKET BAG PINK PAISELY BROWN SPOT,0
2011-08-28,22280,POCKET BAG PINK PAISELY BROWN SPOT,0
2011-08-29,22280,POCKET BAG PINK PAISELY BROWN SPOT,0
2011-08-30,22280,POCKET BAG PINK PAISELY BROWN SPOT,1
2011-08-31,22280,POCKET BAG PINK PAISELY BROWN SPOT,0
2011-09-01,22280,POCKET BAG PINK PAISELY BROWN SPOT,0
2011-09-02,22280,POCKET BAG PINK PAISELY BROWN SPOT,0
2011-09-03,22280,POCKET BAG PINK PAISELY BROWN SPOT,0
2011-09-04,22280,POCKET BAG PINK PAISELY BROWN SPOT,0
2011-09-05,22280,POCKET BAG PINK PAISELY BROWN SPOT,0
2011-09-06,22280,POCKET BAG PINK PAISELY BROWN SPOT,0
2011-09-07,22280,POCKET BAG PINK PAISELY BROWN SPOT,0
2011-09-08,22280,POCKET BAG PINK PAISELY BROWN SPOT,0
2011-09-09,22280,POCKET BAG PINK PAISELY BROWN SPOT,0
2011-09-10,22280,POCKET BAG PINK PAISELY BROWN SPOT,0
2011-09-11,22280,POCKET BAG PINK PAISELY BROWN SPOT,2
2011-09-12,22280,POCKET BAG PINK PAISELY BROWN SPOT,0
2011-09-13,22280,POCKET BAG PINK PAISELY BROWN SPOT,0
2011-09-14,22280,POCKET BAG PINK PAISELY BROWN SPOT,0
2011-09-15,22280,POCKET BAG PINK PAISELY BROWN SPOT,0
2011-09-16,22280,POCKET BAG PINK PAISELY BROWN SPOT,0
2011-09-17,22280,POCKET BAG PINK PAISELY BROWN SPOT,0
2011-09-18,22280,POCKET BAG PINK PAISELY BROWN SPOT,0
2011-09-19,22280,POCKET BAG PINK PAISELY BROWN SPOT,0
2011-09-20,22280,POCKET BAG PINK PAISELY BROWN SPOT,5
2011-09-21,22280,POCKET BAG PINK PAISELY BROWN SPOT,0
2011-09-22,22280,POCKET BAG PINK PAISELY BROWN SPOT,0
2011-09-23,22280,POCKET BAG PINK PAISELY BROWN SPOT,0
2011-09-24,22280,POCKET BAG PINK PAISELY BROWN SPOT,0
2011-09-25,22280,POCKET BAG PINK PAISELY BROWN SPOT,0
2011-09-26,22280,POCKET BAG PINK PAISELY BROWN SPOT,0
2011-09-27,22280,POCKET BAG PINK PAISELY BROWN SPOT,1
2011-09-28,22280,POCKET BAG PINK PAISELY BROWN SPOT,0
2011-09-29,22280,POCKET BAG PINK PAISELY BROWN SPOT,2
2011-09-30,22280,POCKET BAG PINK PAISELY BROWN SPOT,0
2011-10-01,22280,POCKET BAG PINK PAISELY BROWN SPOT,0
2011-10-02,22280,POCKET BAG PINK PAISELY BROWN SPOT,0
2011-10-03,22280,POCKET BAG PINK PAISELY BROWN SPOT,0
2011-10-04,22280,POCKET BAG PINK PAISELY BROWN SPOT,0
2011-10-05,22280,POCKET BAG PINK PAISELY BROWN SPOT,0
2011-10-06,22280,POCKET BAG PINK PAISELY BROWN SPOT,0
2011-10-07,22280,POCKET BAG PINK PAISELY BROWN SPOT,0
2011-10-08,22280,POCKET BAG PINK PAISELY BROWN SPOT,0
2011-10-09,22280,POCKET BAG PINK PAISELY BROWN SPOT,0
2011-10-10,22280,POCKET BAG PINK PAISELY BROWN SPOT,0
2011-10-11,22280,POCKET BAG PINK PAISELY BROWN SPOT,0
2011-10-12,22280,POCKET BAG PINK PAISELY BROWN SPOT,0
2011-10-13,22280,POCKET BAG PINK PAISELY BROWN SPOT,0
2011-10-14,22280,POCKET BAG PINK PAISELY BROWN SPOT,0
2011-10-15,22280,POCKET BAG PINK PAISELY BROWN SPOT,0
2011-10-16,22280,POCKET BAG PINK PAISELY BROWN SPOT,0
2011-10-17,22280,POCKET BAG PINK PAISELY BROWN SPOT,0
2011-10-18,22280,POCKET BAG PINK PAISELY BROWN SPOT,0
2011-10-19,22280,POCKET BAG PINK PAISELY BROWN SPOT,0
2011-10-20,22280,POCKET BAG PINK PAISELY BROWN SPOT,0
2011-10-21,22280,POCKET BAG PINK PAISELY BROWN SPOT,0
2011-10-22,22280,POCKET BAG PINK PAISELY BROWN SPOT,0
2011-10-23,22280,POCKET BAG PINK PAISELY BROWN SPOT,0
2011-10-24,22280,POCKET BAG PINK PAISELY BROWN SPOT,0
2011-10-25,22280,POCKET BAG PINK PAISELY BROWN SPOT,0
2011-10-26,22280,POCKET BAG PINK PAISELY BROWN SPOT,4
2011-10-27,22280,POCKET BAG PINK PAISELY BROWN SPOT,2
2011-10-28,22280,POCKET BAG PINK PAISELY BROWN SPOT,0
2011-10-29,22280,POCKET BAG PINK PAISELY BROWN SPOT,0
2011-10-30,22280,POCKET BAG PINK PAISELY BROWN SPOT,0
2011-10-31,22280,POCKET BAG PINK PAISELY BROWN SPOT,5
2011-11-01,22280,POCKET BAG PINK PAISELY BROWN SPOT,2
2011-11-02,22280,POCKET BAG PINK PAISELY BROWN SPOT,0
2011-11-03,22280,POCKET BAG PINK PAISELY BROWN SPOT,2
2011-11-04,22280,POCKET BAG PINK PAISELY BROWN SPOT,0
2011-11-05,22280,POCKET BAG PINK PAISELY BROWN SPOT,0
2011-11-06,22280,POCKET BAG PINK PAISELY BROWN SPOT,3
2011-11-07,22280,POCKET BAG PINK PAISELY BROWN SPOT,0
2011-11-08,22280,POCKET BAG PINK PAISELY BROWN SPOT,1
2011-11-09,22280,POCKET BAG PINK PAISELY BROWN SPOT,0
2011-11-10,22280,POCKET BAG PINK PAISELY BROWN SPOT,13
2010-12-01,22287,DECORATION WOBBLY CHICKEN,0
2010-12-02,22287,DECORATION WOBBLY CHICKEN,0
2010-12-03,22287,DECORATION WOBBLY CHICKEN,0
2010-12-04,22287,DECORATION WOBBLY CHICKEN,0
2010-12-05,22287,DECORATION WOBBLY CHICKEN,0
2010-12-06,22287,DECORATION WOBBLY CHICKEN,0
2010-12-07,22287,DECORATION WOBBLY CHICKEN,0
2010-12-08,22287,DECORATION WOBBLY CHICKEN,0
2010-12-09,22287,DECORATION WOBBLY CHICKEN,0
2010-12-10,22287,DECORATION WOBBLY CHICKEN,1
2010-12-11,22287,DECORATION WOBBLY CHICKEN,0
2010-12-12,22287,DECORATION WOBBLY CHICKEN,0
2010-12-13,22287,DECORATION WOBBLY CHICKEN,0
2010-12-14,22287,DECORATION WOBBLY CHICKEN,0
2010-12-15,22287,DECORATION WOBBLY CHICKEN,0
2010-12-16,22287,DECORATION WOBBLY CHICKEN,0
2010-12-17,22287,DECORATION WOBBLY CHICKEN,1
2010-12-18,22287,DECORATION WOBBLY CHICKEN,0
2010-12-19,22287,DECORATION WOBBLY CHICKEN,0
2010-12-20,22287,DECORATION WOBBLY CHICKEN,0
2010-12-21,22287,DECORATION WOBBLY CHICKEN,0
2010-12-22,22287,DECORATION WOBBLY CHICKEN,0
2010-12-23,22287,DECORATION WOBBLY CHICKEN,0
2010-12-24,22287,DECORATION WOBBLY CHICKEN,0
2010-12-25,22287,DECORATION WOBBLY CHICKEN,0
2010-12-26,22287,DECORATION WOBBLY CHICKEN,0
2010-12-27,22287,DECORATION WOBBLY CHICKEN,0
2010-12-28,22287,DECORATION WOBBLY CHICKEN,0
2010-12-29,22287,DECORATION WOBBLY CHICKEN,0
2010-12-30,22287,DECORATION WOBBLY CHICKEN,0
2010-12-31,22287,DECORATION WOBBLY CHICKEN,0
2011-01-01,22287,DECORATION WOBBLY CHICKEN,0
2011-01-02,22287,DECORATION WOBBLY CHICKEN,0
2011-01-03,22287,DECORATION WOBBLY CHICKEN,0
2011-01-04,22287,DECORATION WOBBLY CHICKEN,0
2011-01-05,22287,DECORATION WOBBLY CHICKEN,0
2011-01-06,22287,DECORATION WOBBLY CHICKEN,0
2011-01-07,22287,DECORATION WOBBLY CHICKEN,0
2011-01-08,22287,DECORATION WOBBLY CHICKEN,0
2011-01-09,22287,DECORATION WOBBLY CHICKEN,0
2011-01-10,22287,DECORATION WOBBLY CHICKEN,0
2011-01-11,22287,DECORATION WOBBLY CHICKEN,0
2011-01-12,22287,DECORATION WOBBLY CHICKEN,0
2011-01-13,22287,DECORATION WOBBLY CHICKEN,4
2011-01-14,22287,DECORATION WOBBLY CHICKEN,0
2011-01-15,22287,DECORATION WOBBLY CHICKEN,0
2011-01-16,22287,DECORATION WOBBLY CHICKEN,14
2011-01-17,22287,DECORATION WOBBLY CHICKEN,5
2011-01-18,22287,DECORATION WOBBLY CHICKEN,0
2011-01-19,22287,DECORATION WOBBLY CHICKEN,0
2011-01-20,22287,DECORATION WOBBLY CHICKEN,12
2011-01-21,22287,DECORATION WOBBLY CHICKEN,0
2011-01-22,22287,DECORATION WOBBLY CHICKEN,0
2011-01-23,22287,DECORATION WOBBLY CHICKEN,1
2011-01-24,22287,DECORATION WOBBLY CHICKEN,1
2011-01-25,22287,DECORATION WOBBLY CHICKEN,12
2011-01-26,22287,DECORATION WOBBLY CHICKEN,0
2011-01-27,22287,DECORATION WOBBLY CHICKEN,12
2011-01-28,22287,DECORATION WOBBLY CHICKEN,0
2011-01-29,22287,DECORATION WOBBLY CHICKEN,0
2011-01-30,22287,DECORATION WOBBLY CHICKEN,4
2011-01-31,22287,DECORATION WOBBLY CHICKEN,0
2011-02-01,22287,DECORATION WOBBLY CHICKEN,0
2011-02-02,22287,DECORATION WOBBLY CHICKEN,0
2011-02-03,22287,DECORATION WOBBLY CHICKEN,0
2011-02-04,22287,DECORATION WOBBLY CHICKEN,0
2011-02-05,22287,DECORATION WOBBLY CHICKEN,0
2011-02-06,22287,DECORATION WOBBLY CHICKEN,0
2011-02-07,22287,DECORATION WOBBLY CHICKEN,12
2011-02-08,22287,DECORATION WOBBLY CHICKEN,0
2011-02-09,22287,DECORATION WOBBLY CHICKEN,0
2011-02-10,22287,DECORATION WOBBLY CHICKEN,0
2011-02-11,22287,DECORATION WOBBLY CHICKEN,1
2011-02-12,22287,DECORATION WOBBLY CHICKEN,0
2011-02-13,22287,DECORATION WOBBLY CHICKEN,0
2011-02-14,22287,DECORATION WOBBLY CHICKEN,0
2011-02-15,22287,DECORATION WOBBLY CHICKEN,0
2011-02-16,22287,DECORATION WOBBLY CHICKEN,2
2011-02-17,22287,DECORATION WOBBLY CHICKEN,4
2011-02-18,22287,DECORATION WOBBLY CHICKEN,0
2011-02-19,22287,DECORATION WOBBLY CHICKEN,0
2011-02-20,22287,DECORATION WOBBLY CHICKEN,0
2011-02-21,22287,DECORATION WOBBLY CHICKEN,0
2011-02-22,22287,DECORATION WOBBLY CHICKEN,0
2011-02-23,22287,DECORATION WOBBLY CHICKEN,0
2011-02-24,22287,DECORATION WOBBLY CHICKEN,0
2011-02-25,22287,DECORATION WOBBLY CHICKEN,0
2011-02-26,22287,DECORATION WOBBLY CHICKEN,0
2011-02-27,22287,DECORATION WOBBLY CHICKEN,0
2011-02-28,22287,DECORATION WOBBLY CHICKEN,0
2011-03-01,22287,DECORATION WOBBLY CHICKEN,0
2011-03-02,22287,DECORATION WOBBLY CHICKEN,0
2011-03-03,22287,DECORATION WOBBLY CHICKEN,0
2011-03-04,22287,DECORATION WOBBLY CHICKEN,0
2011-03-05,22287,DECORATION WOBBLY CHICKEN,0
2011-03-06,22287,DECORATION WOBBLY CHICKEN,0
2011-03-07,22287,DECORATION WOBBLY CHICKEN,14
2011-03-08,22287,DECORATION WOBBLY CHICKEN,0
2011-03-09,22287,DECORATION WOBBLY CHICKEN,6
2011-03-10,22287,DECORATION WOBBLY CHICKEN,13
2011-03-11,22287,DECORATION WOBBLY CHICKEN,12
2011-03-12,22287,DECORATION WOBBLY CHICKEN,0
2011-03-13,22287,DECORATION WOBBLY CHICKEN,0
2011-03-14,22287,DECORATION WOBBLY CHICKEN,24
2011-03-15,22287,DECORATION WOBBLY CHICKEN,0
2011-03-16,22287,DECORATION WOBBLY CHICKEN,12
2011-03-17,22287,DECORATION WOBBLY CHICKEN,1
2011-03-18,22287,DECORATION WOBBLY CHICKEN,4
2011-03-19,22287,DECORATION WOBBLY CHICKEN,0
2011-03-20,22287,DECORATION WOBBLY CHICKEN,0
2011-03-21,22287,DECORATION WOBBLY CHICKEN,0
2011-03-22,22287,DECORATION WOBBLY CHICKEN,0
2011-03-23,22287,DECORATION WOBBLY CHICKEN,0
2011-03-24,22287,DECORATION WOBBLY CHICKEN,26
2011-03-25,22287,DECORATION WOBBLY CHICKEN,0
2011-03-26,22287,DECORATION WOBBLY CHICKEN,0
2011-03-27,22287,DECORATION WOBBLY CHICKEN,2
2011-03-28,22287,DECORATION WOBBLY CHICKEN,0
2011-03-29,22287,DECORATION WOBBLY CHICKEN,0
2011-03-30,22287,DECORATION WOBBLY CHICKEN,12
2011-03-31,22287,DECORATION WOBBLY CHICKEN,0
2011-04-01,22287,DECORATION WOBBLY CHICKEN,24
2011-04-02,22287,DECORATION WOBBLY CHICKEN,0
2011-04-03,22287,DECORATION WOBBLY CHICKEN,0
2011-04-04,22287,DECORATION WOBBLY CHICKEN,0
2011-04-05,22287,DECORATION WOBBLY CHICKEN,1
2011-04-06,22287,DECORATION WOBBLY CHICKEN,12
2011-04-07,22287,DECORATION WOBBLY CHICKEN,0
2011-04-08,22287,DECORATION WOBBLY CHICKEN,0
2011-04-09,22287,DECORATION WOBBLY CHICKEN,0
2011-04-10,22287,DECORATION WOBBLY CHICKEN,5
2011-04-11,22287,DECORATION WOBBLY CHICKEN,12
2011-04-12,22287,DECORATION WOBBLY CHICKEN,13
2011-04-13,22287,DECORATION WOBBLY CHICKEN,0
2011-04-14,22287,DECORATION WOBBLY CHICKEN,0
2011-04-15,22287,DECORATION WOBBLY CHICKEN,0
2011-04-16,22287,DECORATION WOBBLY CHICKEN,0
2011-04-17,22287,DECORATION WOBBLY CHICKEN,0
2011-04-18,22287,DECORATION WOBBLY CHICKEN,2
2011-04-19,22287,DECORATION WOBBLY CHICKEN,2
2011-04-20,22287,DECORATION WOBBLY CHICKEN,0
2011-04-21,22287,DECORATION WOBBLY CHICKEN,1
2011-04-22,22287,DECORATION WOBBLY CHICKEN,0
2011-04-23,22287,DECORATION WOBBLY CHICKEN,0
2011-04-24,22287,DECORATION WOBBLY CHICKEN,0
2011-04-25,22287,DECORATION WOBBLY CHICKEN,0
2011-04-26,22287,DECORATION WOBBLY CHICKEN,0
2011-04-27,22287,DECORATION WOBBLY CHICKEN,0
2011-04-28,22287,DECORATION WOBBLY CHICKEN,0
2011-04-29,22287,DECORATION WOBBLY CHICKEN,0
2011-04-30,22287,DECORATION WOBBLY CHICKEN,0
2011-05-01,22287,DECORATION WOBBLY CHICKEN,0
2011-05-02,22287,DECORATION WOBBLY CHICKEN,0
2011-05-03,22287,DECORATION WOBBLY CHICKEN,0
2011-05-04,22287,DECORATION WOBBLY CHICKEN,0
2011-05-05,22287,DECORATION WOBBLY CHICKEN,0
2011-05-06,22287,DECORATION WOBBLY CHICKEN,0
2011-05-07,22287,DECORATION WOBBLY CHICKEN,0
2011-05-08,22287,DECORATION WOBBLY CHICKEN,0
2011-05-09,22287,DECORATION WOBBLY CHICKEN,0
2011-05-10,22287,DECORATION WOBBLY CHICKEN,0
2011-05-11,22287,DECORATION WOBBLY CHICKEN,0
2011-05-12,22287,DECORATION WOBBLY CHICKEN,0
2011-05-13,22287,DECORATION WOBBLY CHICKEN,0
2011-05-14,22287,DECORATION WOBBLY CHICKEN,0
2011-05-15,22287,DECORATION WOBBLY CHICKEN,0
2011-05-16,22287,DECORATION WOBBLY CHICKEN,0
2011-05-17,22287,DECORATION WOBBLY CHICKEN,0
2011-05-18,22287,DECORATION WOBBLY CHICKEN,0
2011-05-19,22287,DECORATION WOBBLY CHICKEN,0
2011-05-20,22287,DECORATION WOBBLY CHICKEN,0
2011-05-21,22287,DECORATION WOBBLY CHICKEN,0
2011-05-22,22287,DECORATION WOBBLY CHICKEN,0
2011-05-23,22287,DECORATION WOBBLY CHICKEN,0
2011-05-24,22287,DECORATION WOBBLY CHICKEN,0
2011-05-25,22287,DECORATION WOBBLY CHICKEN,0
2011-05-26,22287,DECORATION WOBBLY CHICKEN,0
2011-05-27,22287,DECORATION WOBBLY CHICKEN,0
2011-05-28,22287,DECORATION WOBBLY CHICKEN,0
2011-05-29,22287,DECORATION WOBBLY CHICKEN,0
2011-05-30,22287,DECORATION WOBBLY CHICKEN,0
2011-05-31,22287,DECORATION WOBBLY CHICKEN,0
2011-06-01,22287,DECORATION WOBBLY CHICKEN,0
2011-06-02,22287,DECORATION WOBBLY CHICKEN,0
2011-06-03,22287,DECORATION WOBBLY CHICKEN,0
2011-06-04,22287,DECORATION WOBBLY CHICKEN,0
2011-06-05,22287,DECORATION WOBBLY CHICKEN,0
2011-06-06,22287,DECORATION WOBBLY CHICKEN,0
2011-06-07,22287,DECORATION WOBBLY CHICKEN,0
2011-06-08,22287,DECORATION WOBBLY CHICKEN,0
2011-06-09,22287,DECORATION WOBBLY CHICKEN,0
2011-06-10,22287,DECORATION WOBBLY CHICKEN,0
2011-06-11,22287,DECORATION WOBBLY CHICKEN,0
2011-06-12,22287,DECORATION WOBBLY CHICKEN,24
2011-06-13,22287,DECORATION WOBBLY CHICKEN,0
2011-06-14,22287,DECORATION WOBBLY CHICKEN,0
2011-06-15,22287,DECORATION WOBBLY CHICKEN,0
2011-06-16,22287,DECORATION WOBBLY CHICKEN,0
2011-06-17,22287,DECORATION WOBBLY CHICKEN,0
2011-06-18,22287,DECORATION WOBBLY CHICKEN,0
2011-06-19,22287,DECORATION WOBBLY CHICKEN,0
2011-06-20,22287,DECORATION WOBBLY CHICKEN,24
2011-06-21,22287,DECORATION WOBBLY CHICKEN,0
2011-06-22,22287,DECORATION WOBBLY CHICKEN,0
2011-06-23,22287,DECORATION WOBBLY CHICKEN,0
2011-06-24,22287,DECORATION WOBBLY CHICKEN,0
2011-06-25,22287,DECORATION WOBBLY CHICKEN,0
2011-06-26,22287,DECORATION WOBBLY CHICKEN,1
2011-06-27,22287,DECORATION WOBBLY CHICKEN,48
2011-06-28,22287,DECORATION WOBBLY CHICKEN,0
2011-06-29,22287,DECORATION WOBBLY CHICKEN,6
2011-06-30,22287,DECORATION WOBBLY CHICKEN,49
2011-07-01,22287,DECORATION WOBBLY CHICKEN,0
2011-07-02,22287,DECORATION WOBBLY CHICKEN,0
2011-07-03,22287,DECORATION WOBBLY CHICKEN,0
2011-07-04,22287,DECORATION WOBBLY CHICKEN,1
2011-07-05,22287,DECORATION WOBBLY CHICKEN,4
2011-07-06,22287,DECORATION WOBBLY CHICKEN,0
2011-07-07,22287,DECORATION WOBBLY CHICKEN,1
2011-07-08,22287,DECORATION WOBBLY CHICKEN,24
2011-07-09,22287,DECORATION WOBBLY CHICKEN,0
2011-07-10,22287,DECORATION WOBBLY CHICKEN,2
2011-07-11,22287,DECORATION WOBBLY CHICKEN,0
2011-07-12,22287,DECORATION WOBBLY CHICKEN,3
2011-07-13,22287,DECORATION WOBBLY CHICKEN,2
2011-07-14,22287,DECORATION WOBBLY CHICKEN,0
2011-07-15,22287,DECORATION WOBBLY CHICKEN,0
2011-07-16,22287,DECORATION WOBBLY CHICKEN,0
2011-07-17,22287,DECORATION WOBBLY CHICKEN,0
2011-07-18,22287,DECORATION WOBBLY CHICKEN,0
2011-07-19,22287,DECORATION WOBBLY CHICKEN,0
2011-07-20,22287,DECORATION WOBBLY CHICKEN,27
2011-07-21,22287,DECORATION WOBBLY CHICKEN,24
2011-07-22,22287,DECORATION WOBBLY CHICKEN,11
2011-07-23,22287,DECORATION WOBBLY CHICKEN,0
2011-07-24,22287,DECORATION WOBBLY CHICKEN,0
2011-07-25,22287,DECORATION WOBBLY CHICKEN,0
2011-07-26,22287,DECORATION WOBBLY CHICKEN,0
2011-07-27,22287,DECORATION WOBBLY CHICKEN,24
2011-07-28,22287,DECORATION WOBBLY CHICKEN,0
2011-07-29,22287,DECORATION WOBBLY CHICKEN,0
2011-07-30,22287,DECORATION WOBBLY CHICKEN,0
2011-07-31,22287,DECORATION WOBBLY CHICKEN,0
2011-08-01,22287,DECORATION WOBBLY CHICKEN,0
2011-08-02,22287,DECORATION WOBBLY CHICKEN,0
2011-08-03,22287,DECORATION WOBBLY CHICKEN,0
2011-08-04,22287,DECORATION WOBBLY CHICKEN,0
2011-08-05,22287,DECORATION WOBBLY CHICKEN,0
2011-08-06,22287,DECORATION WOBBLY CHICKEN,0
2011-08-07,22287,DECORATION WOBBLY CHICKEN,0
2011-08-08,22287,DECORATION WOBBLY CHICKEN,0
2011-08-09,22287,DECORATION WOBBLY CHICKEN,0
2011-08-10,22287,DECORATION WOBBLY CHICKEN,0
2011-08-11,22287,DECORATION WOBBLY CHICKEN,0
2011-08-12,22287,DECORATION WOBBLY CHICKEN,0
2011-08-13,22287,DECORATION WOBBLY CHICKEN,0
2011-08-14,22287,DECORATION WOBBLY CHICKEN,0
2011-08-15,22287,DECORATION WOBBLY CHICKEN,0
2011-08-16,22287,DECORATION WOBBLY CHICKEN,0
2011-08-17,22287,DECORATION WOBBLY CHICKEN,0
2011-08-18,22287,DECORATION WOBBLY CHICKEN,0
2011-08-19,22287,DECORATION WOBBLY CHICKEN,0
2011-08-20,22287,DECORATION WOBBLY CHICKEN,0
2011-08-21,22287,DECORATION WOBBLY CHICKEN,0
2011-08-22,22287,DECORATION WOBBLY CHICKEN,0
2011-08-23,22287,DECORATION WOBBLY CHICKEN,10
2011-08-24,22287,DECORATION WOBBLY CHICKEN,0
2011-08-25,22287,DECORATION WOBBLY CHICKEN,0
2011-08-26,22287,DECORATION WOBBLY CHICKEN,0
2011-08-27,22287,DECORATION WOBBLY CHICKEN,0
2011-08-28,22287,DECORATION WOBBLY CHICKEN,0
2011-08-29,22287,DECORATION WOBBLY CHICKEN,0
2011-08-30,22287,DECORATION WOBBLY CHICKEN,0
2011-08-31,22287,DECORATION WOBBLY CHICKEN,0
2011-09-01,22287,DECORATION WOBBLY CHICKEN,0
2011-09-02,22287,DECORATION WOBBLY CHICKEN,0
2011-09-03,22287,DECORATION WOBBLY CHICKEN,0
2011-09-04,22287,DECORATION WOBBLY CHICKEN,0
2011-09-05,22287,DECORATION WOBBLY CHICKEN,0
2011-09-06,22287,DECORATION WOBBLY CHICKEN,0
2011-09-07,22287,DECORATION WOBBLY CHICKEN,0
2011-09-08,22287,DECORATION WOBBLY CHICKEN,0
2011-09-09,22287,DECORATION WOBBLY CHICKEN,0
2011-09-10,22287,DECORATION WOBBLY CHICKEN,0
2011-09-11,22287,DECORATION WOBBLY CHICKEN,0
2011-09-12,22287,DECORATION WOBBLY CHICKEN,0
2011-09-13,22287,DECORATION WOBBLY CHICKEN,0
2011-09-14,22287,DECORATION WOBBLY CHICKEN,0
2011-09-15,22287,DECORATION WOBBLY CHICKEN,0
2011-09-16,22287,DECORATION WOBBLY CHICKEN,0
2011-09-17,22287,DECORATION WOBBLY CHICKEN,0
2011-09-18,22287,DECORATION WOBBLY CHICKEN,0
2011-09-19,22287,DECORATION WOBBLY CHICKEN,0
2011-09-20,22287,DECORATION WOBBLY CHICKEN,0
2011-09-21,22287,DECORATION WOBBLY CHICKEN,0
2011-09-22,22287,DECORATION WOBBLY CHICKEN,0
2011-09-23,22287,DECORATION WOBBLY CHICKEN,12
2011-09-24,22287,DECORATION WOBBLY CHICKEN,0
2011-09-25,22287,DECORATION WOBBLY CHICKEN,0
2011-09-26,22287,DECORATION WOBBLY CHICKEN,0
2011-09-27,22287,DECORATION WOBBLY CHICKEN,1
2011-09-28,22287,DECORATION WOBBLY CHICKEN,0
2011-09-29,22287,DECORATION WOBBLY CHICKEN,0
2011-09-30,22287,DECORATION WOBBLY CHICKEN,0
2011-10-01,22287,DECORATION WOBBLY CHICKEN,0
2011-10-02,22287,DECORATION WOBBLY CHICKEN,0
2011-10-03,22287,DECORATION WOBBLY CHICKEN,0
2011-10-04,22287,DECORATION WOBBLY CHICKEN,0
2011-10-05,22287,DECORATION WOBBLY CHICKEN,0
2011-10-06,22287,DECORATION WOBBLY CHICKEN,0
2011-10-07,22287,DECORATION WOBBLY CHICKEN,0
2011-10-08,22287,DECORATION WOBBLY CHICKEN,0
2011-10-09,22287,DECORATION WOBBLY CHICKEN,0
2011-10-10,22287,DECORATION WOBBLY CHICKEN,0
2011-10-11,22287,DECORATION WOBBLY CHICKEN,24
2011-10-12,22287,DECORATION WOBBLY CHICKEN,0
2011-10-13,22287,DECORATION WOBBLY CHICKEN,0
2011-10-14,22287,DECORATION WOBBLY CHICKEN,0
2011-10-15,22287,DECORATION WOBBLY CHICKEN,0
2011-10-16,22287,DECORATION WOBBLY CHICKEN,0
2011-10-17,22287,DECORATION WOBBLY CHICKEN,0
2011-10-18,22287,DECORATION WOBBLY CHICKEN,0
2011-10-19,22287,DECORATION WOBBLY CHICKEN,0
2011-10-20,22287,DECORATION WOBBLY CHICKEN,120
2011-10-21,22287,DECORATION WOBBLY CHICKEN,0
2011-10-22,22287,DECORATION WOBBLY CHICKEN,0
2011-10-23,22287,DECORATION WOBBLY CHICKEN,1
2011-10-24,22287,DECORATION WOBBLY CHICKEN,2
2011-10-25,22287,DECORATION WOBBLY CHICKEN,0
2011-10-26,22287,DECORATION WOBBLY CHICKEN,0
2011-10-27,22287,DECORATION WOBBLY CHICKEN,0
2011-10-28,22287,DECORATION WOBBLY CHICKEN,0
2011-10-29,22287,DECORATION WOBBLY CHICKEN,0
2011-10-30,22287,DECORATION WOBBLY CHICKEN,0
2011-10-31,22287,DECORATION WOBBLY CHICKEN,0
2011-11-01,22287,DECORATION WOBBLY CHICKEN,0
2011-11-02,22287,DECORATION WOBBLY CHICKEN,0
2011-11-03,22287,DECORATION WOBBLY CHICKEN,0
2011-11-04,22287,DECORATION WOBBLY CHICKEN,12
2011-11-05,22287,DECORATION WOBBLY CHICKEN,0
2011-11-06,22287,DECORATION WOBBLY CHICKEN,0
2011-11-07,22287,DECORATION WOBBLY CHICKEN,0
2011-11-08,22287,DECORATION WOBBLY CHICKEN,0
2011-11-09,22287,DECORATION WOBBLY CHICKEN,0
2011-11-10,22287,DECORATION WOBBLY CHICKEN,0
2010-12-01,22306,SILVER MUG BONE CHINA TREE OF LIFE,0
2010-12-02,22306,SILVER MUG BONE CHINA TREE OF LIFE,0
2010-12-03,22306,SILVER MUG BONE CHINA TREE OF LIFE,24
2010-12-04,22306,SILVER MUG BONE CHINA TREE OF LIFE,0
2010-12-05,22306,SILVER MUG BONE CHINA TREE OF LIFE,36
2010-12-06,22306,SILVER MUG BONE CHINA TREE OF LIFE,0
2010-12-07,22306,SILVER MUG BONE CHINA TREE OF LIFE,0
2010-12-08,22306,SILVER MUG BONE CHINA TREE OF LIFE,7
2010-12-09,22306,SILVER MUG BONE CHINA TREE OF LIFE,4
2010-12-10,22306,SILVER MUG BONE CHINA TREE OF LIFE,1
2010-12-11,22306,SILVER MUG BONE CHINA TREE OF LIFE,0
2010-12-12,22306,SILVER MUG BONE CHINA TREE OF LIFE,0
2010-12-13,22306,SILVER MUG BONE CHINA TREE OF LIFE,0
2010-12-14,22306,SILVER MUG BONE CHINA TREE OF LIFE,6
2010-12-15,22306,SILVER MUG BONE CHINA TREE OF LIFE,0
2010-12-16,22306,SILVER MUG BONE CHINA TREE OF LIFE,0
2010-12-17,22306,SILVER MUG BONE CHINA TREE OF LIFE,0
2010-12-18,22306,SILVER MUG BONE CHINA TREE OF LIFE,0
2010-12-19,22306,SILVER MUG BONE CHINA TREE OF LIFE,0
2010-12-20,22306,SILVER MUG BONE CHINA TREE OF LIFE,0
2010-12-21,22306,SILVER MUG BONE CHINA TREE OF LIFE,6
2010-12-22,22306,SILVER MUG BONE CHINA TREE OF LIFE,0
2010-12-23,22306,SILVER MUG BONE CHINA TREE OF LIFE,0
2010-12-24,22306,SILVER MUG BONE CHINA TREE OF LIFE,0
2010-12-25,22306,SILVER MUG BONE CHINA TREE OF LIFE,0
2010-12-26,22306,SILVER MUG BONE CHINA TREE OF LIFE,0
2010-12-27,22306,SILVER MUG BONE CHINA TREE OF LIFE,0
2010-12-28,22306,SILVER MUG BONE CHINA TREE OF LIFE,0
2010-12-29,22306,SILVER MUG BONE CHINA TREE OF LIFE,0
2010-12-30,22306,SILVER MUG BONE CHINA TREE OF LIFE,0
2010-12-31,22306,SILVER MUG BONE CHINA TREE OF LIFE,0
2011-01-01,22306,SILVER MUG BONE CHINA TREE OF LIFE,0
2011-01-02,22306,SILVER MUG BONE CHINA TREE OF LIFE,0
2011-01-03,22306,SILVER MUG BONE CHINA TREE OF LIFE,0
2011-01-04,22306,SILVER MUG BONE CHINA TREE OF LIFE,0
2011-01-05,22306,SILVER MUG BONE CHINA TREE OF LIFE,0
2011-01-06,22306,SILVER MUG BONE CHINA TREE OF LIFE,0
2011-01-07,22306,SILVER MUG BONE CHINA TREE OF LIFE,0
2011-01-08,22306,SILVER MUG BONE CHINA TREE OF LIFE,0
2011-01-09,22306,SILVER MUG BONE CHINA TREE OF LIFE,0
2011-01-10,22306,SILVER MUG BONE CHINA TREE OF LIFE,0
2011-01-11,22306,SILVER MUG BONE CHINA TREE OF LIFE,0
2011-01-12,22306,SILVER MUG BONE CHINA TREE OF LIFE,0
2011-01-13,22306,SILVER MUG BONE CHINA TREE OF LIFE,0
2011-01-14,22306,SILVER MUG BONE CHINA TREE OF LIFE,0
2011-01-15,22306,SILVER MUG BONE CHINA TREE OF LIFE,0
2011-01-16,22306,SILVER MUG BONE CHINA TREE OF LIFE,0
2011-01-17,22306,SILVER MUG BONE CHINA TREE OF LIFE,0
2011-01-18,22306,SILVER MUG BONE CHINA TREE OF LIFE,0
2011-01-19,22306,SILVER MUG BONE CHINA TREE OF LIFE,0
2011-01-20,22306,SILVER MUG BONE CHINA TREE OF LIFE,0
2011-01-21,22306,SILVER MUG BONE CHINA TREE OF LIFE,0
2011-01-22,22306,SILVER MUG BONE CHINA TREE OF LIFE,0
2011-01-23,22306,SILVER MUG BONE CHINA TREE OF LIFE,0
2011-01-24,22306,SILVER MUG BONE CHINA TREE OF LIFE,0
2011-01-25,22306,SILVER MUG BONE CHINA TREE OF LIFE,0
2011-01-26,22306,SILVER MUG BONE CHINA TREE OF LIFE,0
2011-01-27,22306,SILVER MUG BONE CHINA TREE OF LIFE,0
2011-01-28,22306,SILVER MUG BONE CHINA TREE OF LIFE,0
2011-01-29,22306,SILVER MUG BONE CHINA TREE OF LIFE,0
2011-01-30,22306,SILVER MUG BONE CHINA TREE OF LIFE,0
2011-01-31,22306,SILVER MUG BONE CHINA TREE OF LIFE,0
2011-02-01,22306,SILVER MUG BONE CHINA TREE OF LIFE,0
2011-02-02,22306,SILVER MUG BONE CHINA TREE OF LIFE,0
2011-02-03,22306,SILVER MUG BONE CHINA TREE OF LIFE,0
2011-02-04,22306,SILVER MUG BONE CHINA TREE OF LIFE,0
2011-02-05,22306,SILVER MUG BONE CHINA TREE OF LIFE,0
2011-02-06,22306,SILVER MUG BONE CHINA TREE OF LIFE,0
2011-02-07,22306,SILVER MUG BONE CHINA TREE OF LIFE,0
2011-02-08,22306,SILVER MUG BONE CHINA TREE OF LIFE,0
2011-02-09,22306,SILVER MUG BONE CHINA TREE OF LIFE,0
2011-02-10,22306,SILVER MUG BONE CHINA TREE OF LIFE,0
2011-02-11,22306,SILVER MUG BONE CHINA TREE OF LIFE,0
2011-02-12,22306,SILVER MUG BONE CHINA TREE OF LIFE,0
2011-02-13,22306,SILVER MUG BONE CHINA TREE OF LIFE,0
2011-02-14,22306,SILVER MUG BONE CHINA TREE OF LIFE,0
2011-02-15,22306,SILVER MUG BONE CHINA TREE OF LIFE,0
2011-02-16,22306,SILVER MUG BONE CHINA TREE OF LIFE,0
2011-02-17,22306,SILVER MUG BONE CHINA TREE OF LIFE,0
2011-02-18,22306,SILVER MUG BONE CHINA TREE OF LIFE,0
2011-02-19,22306,SILVER MUG BONE CHINA TREE OF LIFE,0
2011-02-20,22306,SILVER MUG BONE CHINA TREE OF LIFE,0
2011-02-21,22306,SILVER MUG BONE CHINA TREE OF LIFE,0
2011-02-22,22306,SILVER MUG BONE CHINA TREE OF LIFE,12
2011-02-23,22306,SILVER MUG BONE CHINA TREE OF LIFE,0
2011-02-24,22306,SILVER MUG BONE CHINA TREE OF LIFE,0
2011-02-25,22306,SILVER MUG BONE CHINA TREE OF LIFE,0
2011-02-26,22306,SILVER MUG BONE CHINA TREE OF LIFE,0
2011-02-27,22306,SILVER MUG BONE CHINA TREE OF LIFE,0
2011-02-28,22306,SILVER MUG BONE CHINA TREE OF LIFE,0
2011-03-01,22306,SILVER MUG BONE CHINA TREE OF LIFE,0
2011-03-02,22306,SILVER MUG BONE CHINA TREE OF LIFE,0
2011-03-03,22306,SILVER MUG BONE CHINA TREE OF LIFE,0
2011-03-04,22306,SILVER MUG BONE CHINA TREE OF LIFE,0
2011-03-05,22306,SILVER MUG BONE CHINA TREE OF LIFE,0
2011-03-06,22306,SILVER MUG BONE CHINA TREE OF LIFE,0
2011-03-07,22306,SILVER MUG BONE CHINA TREE OF LIFE,0
2011-03-08,22306,SILVER MUG BONE CHINA TREE OF LIFE,0
2011-03-09,22306,SILVER MUG BONE CHINA TREE OF LIFE,0
2011-03-10,22306,SILVER MUG BONE CHINA TREE OF LIFE,0
2011-03-11,22306,SILVER MUG BONE CHINA TREE OF LIFE,0
2011-03-12,22306,SILVER MUG BONE CHINA TREE OF LIFE,0
2011-03-13,22306,SILVER MUG BONE CHINA TREE OF LIFE,0
2011-03-14,22306,SILVER MUG BONE CHINA TREE OF LIFE,0
2011-03-15,22306,SILVER MUG BONE CHINA TREE OF LIFE,6
2011-03-16,22306,SILVER MUG BONE CHINA TREE OF LIFE,0
2011-03-17,22306,SILVER MUG BONE CHINA TREE OF LIFE,0
2011-03-18,22306,SILVER MUG BONE CHINA TREE OF LIFE,0
2011-03-19,22306,SILVER MUG BONE CHINA TREE OF LIFE,0
2011-03-20,22306,SILVER MUG BONE CHINA TREE OF LIFE,0
2011-03-21,22306,SILVER MUG BONE CHINA TREE OF LIFE,0
2011-03-22,22306,SILVER MUG BONE CHINA TREE OF LIFE,0
2011-03-23,22306,SILVER MUG BONE CHINA TREE OF LIFE,0
2011-03-24,22306,SILVER MUG BONE CHINA TREE OF LIFE,0
2011-03-25,22306,SILVER MUG BONE CHINA TREE OF LIFE,0
2011-03-26,22306,SILVER MUG BONE CHINA TREE OF LIFE,0
2011-03-27,22306,SILVER MUG BONE CHINA TREE OF LIFE,0
2011-03-28,22306,SILVER MUG BONE CHINA TREE OF LIFE,0
2011-03-29,22306,SILVER MUG BONE CHINA TREE OF LIFE,0
2011-03-30,22306,SILVER MUG BONE CHINA TREE OF LIFE,0
2011-03-31,22306,SILVER MUG BONE CHINA TREE OF LIFE,0
2011-04-01,22306,SILVER MUG BONE CHINA TREE OF LIFE,0
2011-04-02,22306,SILVER MUG BONE CHINA TREE OF LIFE,0
2011-04-03,22306,SILVER MUG BONE CHINA TREE OF LIFE,0
2011-04-04,22306,SILVER MUG BONE CHINA TREE OF LIFE,0
2011-04-05,22306,SILVER MUG BONE CHINA TREE OF LIFE,0
2011-04-06,22306,SILVER MUG BONE CHINA TREE OF LIFE,0
2011-04-07,22306,SILVER MUG BONE CHINA TREE OF LIFE,0
2011-04-08,22306,SILVER MUG BONE CHINA TREE OF LIFE,0
2011-04-09,22306,SILVER MUG BONE CHINA TREE OF LIFE,0
2011-04-10,22306,SILVER MUG BONE CHINA TREE OF LIFE,0
2011-04-11,22306,SILVER MUG BONE CHINA TREE OF LIFE,0
2011-04-12,22306,SILVER MUG BONE CHINA TREE OF LIFE,0
2011-04-13,22306,SILVER MUG BONE CHINA TREE OF LIFE,0
2011-04-14,22306,SILVER MUG BONE CHINA TREE OF LIFE,0
2011-04-15,22306,SILVER MUG BONE CHINA TREE OF LIFE,0
2011-04-16,22306,SILVER MUG BONE CHINA TREE OF LIFE,0
2011-04-17,22306,SILVER MUG BONE CHINA TREE OF LIFE,0
2011-04-18,22306,SILVER MUG BONE CHINA TREE OF LIFE,0
2011-04-19,22306,SILVER MUG BONE CHINA TREE OF LIFE,0
2011-04-20,22306,SILVER MUG BONE CHINA TREE OF LIFE,0
2011-04-21,22306,SILVER MUG BONE CHINA TREE OF LIFE,0
2011-04-22,22306,SILVER MUG BONE CHINA TREE OF LIFE,0
2011-04-23,22306,SILVER MUG BONE CHINA TREE OF LIFE,0
2011-04-24,22306,SILVER MUG BONE CHINA TREE OF LIFE,0
2011-04-25,22306,SILVER MUG BONE CHINA TREE OF LIFE,0
2011-04-26,22306,SILVER MUG BONE CHINA TREE OF LIFE,0
2011-04-27,22306,SILVER MUG BONE CHINA TREE OF LIFE,0
2011-04-28,22306,SILVER MUG BONE CHINA TREE OF LIFE,0
2011-04-29,22306,SILVER MUG BONE CHINA TREE OF LIFE,0
2011-04-30,22306,SILVER MUG BONE CHINA TREE OF LIFE,0
2011-05-01,22306,SILVER MUG BONE CHINA TREE OF LIFE,0
2011-05-02,22306,SILVER MUG BONE CHINA TREE OF LIFE,0
2011-05-03,22306,SILVER MUG BONE CHINA TREE OF LIFE,0
2011-05-04,22306,SILVER MUG BONE CHINA TREE OF LIFE,0
2011-05-05,22306,SILVER MUG BONE CHINA TREE OF LIFE,0
2011-05-06,22306,SILVER MUG BONE CHINA TREE OF LIFE,0
2011-05-07,22306,SILVER MUG BONE CHINA TREE OF LIFE,0
2011-05-08,22306,SILVER MUG BONE CHINA TREE OF LIFE,0
2011-05-09,22306,SILVER MUG BONE CHINA TREE OF LIFE,0
2011-05-10,22306,SILVER MUG BONE CHINA TREE OF LIFE,0
2011-05-11,22306,SILVER MUG BONE CHINA TREE OF LIFE,0
2011-05-12,22306,SILVER MUG BONE CHINA TREE OF LIFE,0
2011-05-13,22306,SILVER MUG BONE CHINA TREE OF LIFE,0
2011-05-14,22306,SILVER MUG BONE CHINA TREE OF LIFE,0
2011-05-15,22306,SILVER MUG BONE CHINA TREE OF LIFE,0
2011-05-16,22306,SILVER MUG BONE CHINA TREE OF LIFE,0
2011-05-17,22306,SILVER MUG BONE CHINA TREE OF LIFE,0
2011-05-18,22306,SILVER MUG BONE CHINA TREE OF LIFE,0
2011-05-19,22306,SILVER MUG BONE CHINA TREE OF LIFE,0
2011-05-20,22306,SILVER MUG BONE CHINA TREE OF LIFE,0
2011-05-21,22306,SILVER MUG BONE CHINA TREE OF LIFE,0
2011-05-22,22306,SILVER MUG BONE CHINA TREE OF LIFE,0
2011-05-23,22306,SILVER MUG BONE CHINA TREE OF LIFE,0
2011-05-24,22306,SILVER MUG BONE CHINA TREE OF LIFE,0
2011-05-25,22306,SILVER MUG BONE CHINA TREE OF LIFE,0
2011-05-26,22306,SILVER MUG BONE CHINA TREE OF LIFE,0
2011-05-27,22306,SILVER MUG BONE CHINA TREE OF LIFE,0
2011-05-28,22306,SILVER MUG BONE CHINA TREE OF LIFE,0
2011-05-29,22306,SILVER MUG BONE CHINA TREE OF LIFE,0
2011-05-30,22306,SILVER MUG BONE CHINA TREE OF LIFE,0
2011-05-31,22306,SILVER MUG BONE CHINA TREE OF LIFE,0
2011-06-01,22306,SILVER MUG BONE CHINA TREE OF LIFE,0
2011-06-02,22306,SILVER MUG BONE CHINA TREE OF LIFE,0
2011-06-03,22306,SILVER MUG BONE CHINA TREE OF LIFE,0
2011-06-04,22306,SILVER MUG BONE CHINA TREE OF LIFE,0
2011-06-05,22306,SILVER MUG BONE CHINA TREE OF LIFE,0
2011-06-06,22306,SILVER MUG BONE CHINA TREE OF LIFE,0
2011-06-07,22306,SILVER MUG BONE CHINA TREE OF LIFE,0
2011-06-08,22306,SILVER MUG BONE CHINA TREE OF LIFE,0
2011-06-09,22306,SILVER MUG BONE CHINA TREE OF LIFE,0
2011-06-10,22306,SILVER MUG BONE CHINA TREE OF LIFE,0
2011-06-11,22306,SILVER MUG BONE CHINA TREE OF LIFE,0
2011-06-12,22306,SILVER MUG BONE CHINA TREE OF LIFE,0
2011-06-13,22306,SILVER MUG BONE CHINA TREE OF LIFE,0
2011-06-14,22306,SILVER MUG BONE CHINA TREE OF LIFE,0
2011-06-15,22306,SILVER MUG BONE CHINA TREE OF LIFE,0
2011-06-16,22306,SILVER MUG BONE CHINA TREE OF LIFE,0
2011-06-17,22306,SILVER MUG BONE CHINA TREE OF LIFE,0
2011-06-18,22306,SILVER MUG BONE CHINA TREE OF LIFE,0
2011-06-19,22306,SILVER MUG BONE CHINA TREE OF LIFE,0
2011-06-20,22306,SILVER MUG BONE CHINA TREE OF LIFE,0
2011-06-21,22306,SILVER MUG BONE CHINA TREE OF LIFE,0
2011-06-22,22306,SILVER MUG BONE CHINA TREE OF LIFE,0
2011-06-23,22306,SILVER MUG BONE CHINA TREE OF LIFE,0
2011-06-24,22306,SILVER MUG BONE CHINA TREE OF LIFE,0
2011-06-25,22306,SILVER MUG BONE CHINA TREE OF LIFE,0
2011-06-26,22306,SILVER MUG BONE CHINA TREE OF LIFE,0
2011-06-27,22306,SILVER MUG BONE CHINA TREE OF LIFE,0
2011-06-28,22306,SILVER MUG BONE CHINA TREE OF LIFE,0
2011-06-29,22306,SILVER MUG BONE CHINA TREE OF LIFE,0
2011-06-30,22306,SILVER MUG BONE CHINA TREE OF LIFE,0
2011-07-01,22306,SILVER MUG BONE CHINA TREE OF LIFE,0
2011-07-02,22306,SILVER MUG BONE CHINA TREE OF LIFE,0
2011-07-03,22306,SILVER MUG BONE CHINA TREE OF LIFE,0
2011-07-04,22306,SILVER MUG BONE CHINA TREE OF LIFE,0
2011-07-05,22306,SILVER MUG BONE CHINA TREE OF LIFE,0
2011-07-06,22306,SILVER MUG BONE CHINA TREE OF LIFE,0
2011-07-07,22306,SILVER MUG BONE CHINA TREE OF LIFE,0
2011-07-08,22306,SILVER MUG BONE CHINA TREE OF LIFE,0
2011-07-09,22306,SILVER MUG BONE CHINA TREE OF LIFE,0
2011-07-10,22306,SILVER MUG BONE CHINA TREE OF LIFE,0
2011-07-11,22306,SILVER MUG BONE CHINA TREE OF LIFE,0
2011-07-12,22306,SILVER MUG BONE CHINA TREE OF LIFE,0
2011-07-13,22306,SILVER MUG BONE CHINA TREE OF LIFE,0
2011-07-14,22306,SILVER MUG BONE CHINA TREE OF LIFE,0
2011-07-15,22306,SILVER MUG BONE CHINA TREE OF LIFE,1
2011-07-16,22306,SILVER MUG BONE CHINA TREE OF LIFE,0
2011-07-17,22306,SILVER MUG BONE CHINA TREE OF LIFE,0
2011-07-18,22306,SILVER MUG BONE CHINA TREE OF LIFE,0
2011-07-19,22306,SILVER MUG BONE CHINA TREE OF LIFE,0
2011-07-20,22306,SILVER MUG BONE CHINA TREE OF LIFE,0
2011-07-21,22306,SILVER MUG BONE CHINA TREE OF LIFE,0
2011-07-22,22306,SILVER MUG BONE CHINA TREE OF LIFE,0
2011-07-23,22306,SILVER MUG BONE CHINA TREE OF LIFE,0
2011-07-24,22306,SILVER MUG BONE CHINA TREE OF LIFE,0
2011-07-25,22306,SILVER MUG BONE CHINA TREE OF LIFE,0
2011-07-26,22306,SILVER MUG BONE CHINA TREE OF LIFE,0
2011-07-27,22306,SILVER MUG BONE CHINA TREE OF LIFE,0
2011-07-28,22306,SILVER MUG BONE CHINA TREE OF LIFE,0
2011-07-29,22306,SILVER MUG BONE CHINA TREE OF LIFE,0
2011-07-30,22306,SILVER MUG BONE CHINA TREE OF LIFE,0
2011-07-31,22306,SILVER MUG BONE CHINA TREE OF LIFE,0
2011-08-01,22306,SILVER MUG BONE CHINA TREE OF LIFE,0
2011-08-02,22306,SILVER MUG BONE CHINA TREE OF LIFE,0
2011-08-03,22306,SILVER MUG BONE CHINA TREE OF LIFE,0
2011-08-04,22306,SILVER MUG BONE CHINA TREE OF LIFE,0
2011-08-05,22306,SILVER MUG BONE CHINA TREE OF LIFE,0
2011-08-06,22306,SILVER MUG BONE CHINA TREE OF LIFE,0
2011-08-07,22306,SILVER MUG BONE CHINA TREE OF LIFE,0
2011-08-08,22306,SILVER MUG BONE CHINA TREE OF LIFE,0
2011-08-09,22306,SILVER MUG BONE CHINA TREE OF LIFE,0
2011-08-10,22306,SILVER MUG BONE CHINA TREE OF LIFE,0
2011-08-11,22306,SILVER MUG BONE CHINA TREE OF LIFE,0
2011-08-12,22306,SILVER MUG BONE CHINA TREE OF LIFE,0
2011-08-13,22306,SILVER MUG BONE CHINA TREE OF LIFE,0
2011-08-14,22306,SILVER MUG BONE CHINA TREE OF LIFE,0
2011-08-15,22306,SILVER MUG BONE CHINA TREE OF LIFE,0
2011-08-16,22306,SILVER MUG BONE CHINA TREE OF LIFE,0
2011-08-17,22306,SILVER MUG BONE CHINA TREE OF LIFE,0
2011-08-18,22306,SILVER MUG BONE CHINA TREE OF LIFE,0
2011-08-19,22306,SILVER MUG BONE CHINA TREE OF LIFE,0
2011-08-20,22306,SILVER MUG BONE CHINA TREE OF LIFE,0
2011-08-21,22306,SILVER MUG BONE CHINA TREE OF LIFE,6
2011-08-22,22306,SILVER MUG BONE CHINA TREE OF LIFE,0
2011-08-23,22306,SILVER MUG BONE CHINA TREE OF LIFE,0
2011-08-24,22306,SILVER MUG BONE CHINA TREE OF LIFE,0
2011-08-25,22306,SILVER MUG BONE CHINA TREE OF LIFE,0
2011-08-26,22306,SILVER MUG BONE CHINA TREE OF LIFE,0
2011-08-27,22306,SILVER MUG BONE CHINA TREE OF LIFE,0
2011-08-28,22306,SILVER MUG BONE CHINA TREE OF LIFE,2
2011-08-29,22306,SILVER MUG BONE CHINA TREE OF LIFE,0
2011-08-30,22306,SILVER MUG BONE CHINA TREE OF LIFE,0
2011-08-31,22306,SILVER MUG BONE CHINA TREE OF LIFE,6
2011-09-01,22306,SILVER MUG BONE CHINA TREE OF LIFE,0
2011-09-02,22306,SILVER MUG BONE CHINA TREE OF LIFE,0
2011-09-03,22306,SILVER MUG BONE CHINA TREE OF LIFE,0
2011-09-04,22306,SILVER MUG BONE CHINA TREE OF LIFE,0
2011-09-05,22306,SILVER MUG BONE CHINA TREE OF LIFE,0
2011-09-06,22306,SILVER MUG BONE CHINA TREE OF LIFE,0
2011-09-07,22306,SILVER MUG BONE CHINA TREE OF LIFE,12
2011-09-08,22306,SILVER MUG BONE CHINA TREE OF LIFE,6
2011-09-09,22306,SILVER MUG BONE CHINA TREE OF LIFE,36
2011-09-10,22306,SILVER MUG BONE CHINA TREE OF LIFE,0
2011-09-11,22306,SILVER MUG BONE CHINA TREE OF LIFE,0
2011-09-12,22306,SILVER MUG BONE CHINA TREE OF LIFE,18
2011-09-13,22306,SILVER MUG BONE CHINA TREE OF LIFE,0
2011-09-14,22306,SILVER MUG BONE CHINA TREE OF LIFE,0
2011-09-15,22306,SILVER MUG BONE CHINA TREE OF LIFE,36
2011-09-16,22306,SILVER MUG BONE CHINA TREE OF LIFE,0
2011-09-17,22306,SILVER MUG BONE CHINA TREE OF LIFE,0
2011-09-18,22306,SILVER MUG BONE CHINA TREE OF LIFE,0
2011-09-19,22306,SILVER MUG BONE CHINA TREE OF LIFE,0
2011-09-20,22306,SILVER MUG BONE CHINA TREE OF LIFE,0
2011-09-21,22306,SILVER MUG BONE CHINA TREE OF LIFE,0
2011-09-22,22306,SILVER MUG BONE CHINA TREE OF LIFE,0
2011-09-23,22306,SILVER MUG BONE CHINA TREE OF LIFE,12
2011-09-24,22306,SILVER MUG BONE CHINA TREE OF LIFE,0
2011-09-25,22306,SILVER MUG BONE CHINA TREE OF LIFE,12
2011-09-26,22306,SILVER MUG BONE CHINA TREE OF LIFE,0
2011-09-27,22306,SILVER MUG BONE CHINA TREE OF LIFE,48
2011-09-28,22306,SILVER MUG BONE CHINA TREE OF LIFE,60
2011-09-29,22306,SILVER MUG BONE CHINA TREE OF LIFE,0
2011-09-30,22306,SILVER MUG BONE CHINA TREE OF LIFE,0
2011-10-01,22306,SILVER MUG BONE CHINA TREE OF LIFE,0
2011-10-02,22306,SILVER MUG BONE CHINA TREE OF LIFE,12
2011-10-03,22306,SILVER MUG BONE CHINA TREE OF LIFE,36
2011-10-04,22306,SILVER MUG BONE CHINA TREE OF LIFE,12
2011-10-05,22306,SILVER MUG BONE CHINA TREE OF LIFE,0
2011-10-06,22306,SILVER MUG BONE CHINA TREE OF LIFE,6
2011-10-07,22306,SILVER MUG BONE CHINA TREE OF LIFE,1
2011-10-08,22306,SILVER MUG BONE CHINA TREE OF LIFE,0
2011-10-09,22306,SILVER MUG BONE CHINA TREE OF LIFE,24
2011-10-10,22306,SILVER MUG BONE CHINA TREE OF LIFE,0
2011-10-11,22306,SILVER MUG BONE CHINA TREE OF LIFE,24
2011-10-12,22306,SILVER MUG BONE CHINA TREE OF LIFE,36
2011-10-13,22306,SILVER MUG BONE CHINA TREE OF LIFE,18
2011-10-14,22306,SILVER MUG BONE CHINA TREE OF LIFE,0
2011-10-15,22306,SILVER MUG BONE CHINA TREE OF LIFE,0
2011-10-16,22306,SILVER MUG BONE CHINA TREE OF LIFE,12
2011-10-17,22306,SILVER MUG BONE CHINA TREE OF LIFE,6
2011-10-18,22306,SILVER MUG BONE CHINA TREE OF LIFE,16
2011-10-19,22306,SILVER MUG BONE CHINA TREE OF LIFE,16
2011-10-20,22306,SILVER MUG BONE CHINA TREE OF LIFE,30
2011-10-21,22306,SILVER MUG BONE CHINA TREE OF LIFE,0
2011-10-22,22306,SILVER MUG BONE CHINA TREE OF LIFE,0
2011-10-23,22306,SILVER MUG BONE CHINA TREE OF LIFE,13
2011-10-24,22306,SILVER MUG BONE CHINA TREE OF LIFE,0
2011-10-25,22306,SILVER MUG BONE CHINA TREE OF LIFE,0
2011-10-26,22306,SILVER MUG BONE CHINA TREE OF LIFE,0
2011-10-27,22306,SILVER MUG BONE CHINA TREE OF LIFE,12
2011-10-28,22306,SILVER MUG BONE CHINA TREE OF LIFE,2
2011-10-29,22306,SILVER MUG BONE CHINA TREE OF LIFE,0
2011-10-30,22306,SILVER MUG BONE CHINA TREE OF LIFE,60
2011-10-31,22306,SILVER MUG BONE CHINA TREE OF LIFE,7
2011-11-01,22306,SILVER MUG BONE CHINA TREE OF LIFE,0
2011-11-02,22306,SILVER MUG BONE CHINA TREE OF LIFE,0
2011-11-03,22306,SILVER MUG BONE CHINA TREE OF LIFE,0
2011-11-04,22306,SILVER MUG BONE CHINA TREE OF LIFE,36
2011-11-05,22306,SILVER MUG BONE CHINA TREE OF LIFE,0
2011-11-06,22306,SILVER MUG BONE CHINA TREE OF LIFE,30
2011-11-07,22306,SILVER MUG BONE CHINA TREE OF LIFE,36
2011-11-08,22306,SILVER MUG BONE CHINA TREE OF LIFE,1
2011-11-09,22306,SILVER MUG BONE CHINA TREE OF LIFE,30
2011-11-10,22306,SILVER MUG BONE CHINA TREE OF LIFE,2
2010-12-01,22422,TOOTHPASTE TUBE PEN,4
2010-12-02,22422,TOOTHPASTE TUBE PEN,12
2010-12-03,22422,TOOTHPASTE TUBE PEN,2
2010-12-04,22422,TOOTHPASTE TUBE PEN,0
2010-12-05,22422,TOOTHPASTE TUBE PEN,2
2010-12-06,22422,TOOTHPASTE TUBE PEN,10
2010-12-07,22422,TOOTHPASTE TUBE PEN,6
2010-12-08,22422,TOOTHPASTE TUBE PEN,4
2010-12-09,22422,TOOTHPASTE TUBE PEN,2
2010-12-10,22422,TOOTHPASTE TUBE PEN,3
2010-12-11,22422,TOOTHPASTE TUBE PEN,0
2010-12-12,22422,TOOTHPASTE TUBE PEN,0
2010-12-13,22422,TOOTHPASTE TUBE PEN,3
2010-12-14,22422,TOOTHPASTE TUBE PEN,14
2010-12-15,22422,TOOTHPASTE TUBE PEN,6
2010-12-16,22422,TOOTHPASTE TUBE PEN,12
2010-12-17,22422,TOOTHPASTE TUBE PEN,4
2010-12-18,22422,TOOTHPASTE TUBE PEN,0
2010-12-19,22422,TOOTHPASTE TUBE PEN,0
2010-12-20,22422,TOOTHPASTE TUBE PEN,13
2010-12-21,22422,TOOTHPASTE TUBE PEN,1
2010-12-22,22422,TOOTHPASTE TUBE PEN,0
2010-12-23,22422,TOOTHPASTE TUBE PEN,1
2010-12-24,22422,TOOTHPASTE TUBE PEN,0
2010-12-25,22422,TOOTHPASTE TUBE PEN,0
2010-12-26,22422,TOOTHPASTE TUBE PEN,0
2010-12-27,22422,TOOTHPASTE TUBE PEN,0
2010-12-28,22422,TOOTHPASTE TUBE PEN,0
2010-12-29,22422,TOOTHPASTE TUBE PEN,0
2010-12-30,22422,TOOTHPASTE TUBE PEN,0
2010-12-31,22422,TOOTHPASTE TUBE PEN,0
2011-01-01,22422,TOOTHPASTE TUBE PEN,0
2011-01-02,22422,TOOTHPASTE TUBE PEN,0
2011-01-03,22422,TOOTHPASTE TUBE PEN,0
2011-01-04,22422,TOOTHPASTE TUBE PEN,0
2011-01-05,22422,TOOTHPASTE TUBE PEN,0
2011-01-06,22422,TOOTHPASTE TUBE PEN,0
2011-01-07,22422,TOOTHPASTE TUBE PEN,0
2011-01-08,22422,TOOTHPASTE TUBE PEN,0
2011-01-09,22422,TOOTHPASTE TUBE PEN,12
2011-01-10,22422,TOOTHPASTE TUBE PEN,1
2011-01-11,22422,TOOTHPASTE TUBE PEN,1
2011-01-12,22422,TOOTHPASTE TUBE PEN,3
2011-01-13,22422,TOOTHPASTE TUBE PEN,0
2011-01-14,22422,TOOTHPASTE TUBE PEN,1
2011-01-15,22422,TOOTHPASTE TUBE PEN,0
2011-01-16,22422,TOOTHPASTE TUBE PEN,0
2011-01-17,22422,TOOTHPASTE TUBE PEN,3
2011-01-18,22422,TOOTHPASTE TUBE PEN,0
2011-01-19,22422,TOOTHPASTE TUBE PEN,1
2011-01-20,22422,TOOTHPASTE TUBE PEN,1
2011-01-21,22422,TOOTHPASTE TUBE PEN,2
2011-01-22,22422,TOOTHPASTE TUBE PEN,0
2011-01-23,22422,TOOTHPASTE TUBE PEN,0
2011-01-24,22422,TOOTHPASTE TUBE PEN,0
2011-01-25,22422,TOOTHPASTE TUBE PEN,1
2011-01-26,22422,TOOTHPASTE TUBE PEN,24
2011-01-27,22422,TOOTHPASTE TUBE PEN,1
2011-01-28,22422,TOOTHPASTE TUBE PEN,0
2011-01-29,22422,TOOTHPASTE TUBE PEN,0
2011-01-30,22422,TOOTHPASTE TUBE PEN,0
2011-01-31,22422,TOOTHPASTE TUBE PEN,0
2011-02-01,22422,TOOTHPASTE TUBE PEN,0
2011-02-02,22422,TOOTHPASTE TUBE PEN,0
2011-02-03,22422,TOOTHPASTE TUBE PEN,0
2011-02-04,22422,TOOTHPASTE TUBE PEN,0
2011-02-05,22422,TOOTHPASTE TUBE PEN,0
2011-02-06,22422,TOOTHPASTE TUBE PEN,0
2011-02-07,22422,TOOTHPASTE TUBE PEN,1
2011-02-08,22422,TOOTHPASTE TUBE PEN,0
2011-02-09,22422,TOOTHPASTE TUBE PEN,0
2011-02-10,22422,TOOTHPASTE TUBE PEN,1
2011-02-11,22422,TOOTHPASTE TUBE PEN,0
2011-02-12,22422,TOOTHPASTE TUBE PEN,0
2011-02-13,22422,TOOTHPASTE TUBE PEN,0
2011-02-14,22422,TOOTHPASTE TUBE PEN,0
2011-02-15,22422,TOOTHPASTE TUBE PEN,0
2011-02-16,22422,TOOTHPASTE TUBE PEN,0
2011-02-17,22422,TOOTHPASTE TUBE PEN,0
2011-02-18,22422,TOOTHPASTE TUBE PEN,0
2011-02-19,22422,TOOTHPASTE TUBE PEN,0
2011-02-20,22422,TOOTHPASTE TUBE PEN,0
2011-02-21,22422,TOOTHPASTE TUBE PEN,0
2011-02-22,22422,TOOTHPASTE TUBE PEN,0
2011-02-23,22422,TOOTHPASTE TUBE PEN,1
2011-02-24,22422,TOOTHPASTE TUBE PEN,0
2011-02-25,22422,TOOTHPASTE TUBE PEN,0
2011-02-26,22422,TOOTHPASTE TUBE PEN,0
2011-02-27,22422,TOOTHPASTE TUBE PEN,0
2011-02-28,22422,TOOTHPASTE TUBE PEN,0
2011-03-01,22422,TOOTHPASTE TUBE PEN,0
2011-03-02,22422,TOOTHPASTE TUBE PEN,0
2011-03-03,22422,TOOTHPASTE TUBE PEN,0
2011-03-04,22422,TOOTHPASTE TUBE PEN,0
2011-03-05,22422,TOOTHPASTE TUBE PEN,0
2011-03-06,22422,TOOTHPASTE TUBE PEN,0
2011-03-07,22422,TOOTHPASTE TUBE PEN,1
2011-03-08,22422,TOOTHPASTE TUBE PEN,1
2011-03-09,22422,TOOTHPASTE TUBE PEN,0
2011-03-10,22422,TOOTHPASTE TUBE PEN,0
2011-03-11,22422,TOOTHPASTE TUBE PEN,12
2011-03-12,22422,TOOTHPASTE TUBE PEN,0
2011-03-13,22422,TOOTHPASTE TUBE PEN,0
2011-03-14,22422,TOOTHPASTE TUBE PEN,0
2011-03-15,22422,TOOTHPASTE TUBE PEN,3
2011-03-16,22422,TOOTHPASTE TUBE PEN,0
2011-03-17,22422,TOOTHPASTE TUBE PEN,2
2011-03-18,22422,TOOTHPASTE TUBE PEN,0
2011-03-19,22422,TOOTHPASTE TUBE PEN,0
2011-03-20,22422,TOOTHPASTE TUBE PEN,0
2011-03-21,22422,TOOTHPASTE TUBE PEN,0
2011-03-22,22422,TOOTHPASTE TUBE PEN,2
2011-03-23,22422,TOOTHPASTE TUBE PEN,0
2011-03-24,22422,TOOTHPASTE TUBE PEN,0
2011-03-25,22422,TOOTHPASTE TUBE PEN,0
2011-03-26,22422,TOOTHPASTE TUBE PEN,0
2011-03-27,22422,TOOTHPASTE TUBE PEN,0
2011-03-28,22422,TOOTHPASTE TUBE PEN,0
2011-03-29,22422,TOOTHPASTE TUBE PEN,0
2011-03-30,22422,TOOTHPASTE TUBE PEN,0
2011-03-31,22422,TOOTHPASTE TUBE PEN,0
2011-04-01,22422,TOOTHPASTE TUBE PEN,0
2011-04-02,22422,TOOTHPASTE TUBE PEN,0
2011-04-03,22422,TOOTHPASTE TUBE PEN,0
2011-04-04,22422,TOOTHPASTE TUBE PEN,1
2011-04-05,22422,TOOTHPASTE TUBE PEN,0
2011-04-06,22422,TOOTHPASTE TUBE PEN,0
2011-04-07,22422,TOOTHPASTE TUBE PEN,0
2011-04-08,22422,TOOTHPASTE TUBE PEN,0
2011-04-09,22422,TOOTHPASTE TUBE PEN,0
2011-04-10,22422,TOOTHPASTE TUBE PEN,0
2011-04-11,22422,TOOTHPASTE TUBE PEN,0
2011-04-12,22422,TOOTHPASTE TUBE PEN,0
2011-04-13,22422,TOOTHPASTE TUBE PEN,0
2011-04-14,22422,TOOTHPASTE TUBE PEN,0
2011-04-15,22422,TOOTHPASTE TUBE PEN,0
2011-04-16,22422,TOOTHPASTE TUBE PEN,0
2011-04-17,22422,TOOTHPASTE TUBE PEN,0
2011-04-18,22422,TOOTHPASTE TUBE PEN,0
2011-04-19,22422,TOOTHPASTE TUBE PEN,0
2011-04-20,22422,TOOTHPASTE TUBE PEN,0
2011-04-21,22422,TOOTHPASTE TUBE PEN,1
2011-04-22,22422,TOOTHPASTE TUBE PEN,0
2011-04-23,22422,TOOTHPASTE TUBE PEN,0
2011-04-24,22422,TOOTHPASTE TUBE PEN,0
2011-04-25,22422,TOOTHPASTE TUBE PEN,0
2011-04-26,22422,TOOTHPASTE TUBE PEN,2
2011-04-27,22422,TOOTHPASTE TUBE PEN,48
2011-04-28,22422,TOOTHPASTE TUBE PEN,0
2011-04-29,22422,TOOTHPASTE TUBE PEN,0
2011-04-30,22422,TOOTHPASTE TUBE PEN,0
2011-05-01,22422,TOOTHPASTE TUBE PEN,0
2011-05-02,22422,TOOTHPASTE TUBE PEN,0
2011-05-03,22422,TOOTHPASTE TUBE PEN,0
2011-05-04,22422,TOOTHPASTE TUBE PEN,0
2011-05-05,22422,TOOTHPASTE TUBE PEN,0
2011-05-06,22422,TOOTHPASTE TUBE PEN,0
2011-05-07,22422,TOOTHPASTE TUBE PEN,0
2011-05-08,22422,TOOTHPASTE TUBE PEN,0
2011-05-09,22422,TOOTHPASTE TUBE PEN,0
2011-05-10,22422,TOOTHPASTE TUBE PEN,1
2011-05-11,22422,TOOTHPASTE TUBE PEN,0
2011-05-12,22422,TOOTHPASTE TUBE PEN,0
2011-05-13,22422,TOOTHPASTE TUBE PEN,0
2011-05-14,22422,TOOTHPASTE TUBE PEN,0
2011-05-15,22422,TOOTHPASTE TUBE PEN,0
2011-05-16,22422,TOOTHPASTE TUBE PEN,0
2011-05-17,22422,TOOTHPASTE TUBE PEN,0
2011-05-18,22422,TOOTHPASTE TUBE PEN,0
2011-05-19,22422,TOOTHPASTE TUBE PEN,0
2011-05-20,22422,TOOTHPASTE TUBE PEN,0
2011-05-21,22422,TOOTHPASTE TUBE PEN,0
2011-05-22,22422,TOOTHPASTE TUBE PEN,0
2011-05-23,22422,TOOTHPASTE TUBE PEN,1
2011-05-24,22422,TOOTHPASTE TUBE PEN,0
2011-05-25,22422,TOOTHPASTE TUBE PEN,0
2011-05-26,22422,TOOTHPASTE TUBE PEN,12
2011-05-27,22422,TOOTHPASTE TUBE PEN,0
2011-05-28,22422,TOOTHPASTE TUBE PEN,0
2011-05-29,22422,TOOTHPASTE TUBE PEN,0
2011-05-30,22422,TOOTHPASTE TUBE PEN,0
2011-05-31,22422,TOOTHPASTE TUBE PEN,0
2011-06-01,22422,TOOTHPASTE TUBE PEN,1
2011-06-02,22422,TOOTHPASTE TUBE PEN,0
2011-06-03,22422,TOOTHPASTE TUBE PEN,0
2011-06-04,22422,TOOTHPASTE TUBE PEN,0
2011-06-05,22422,TOOTHPASTE TUBE PEN,0
2011-06-06,22422,TOOTHPASTE TUBE PEN,0
2011-06-07,22422,TOOTHPASTE TUBE PEN,0
2011-06-08,22422,TOOTHPASTE TUBE PEN,2
2011-06-09,22422,TOOTHPASTE TUBE PEN,3
2011-06-10,22422,TOOTHPASTE TUBE PEN,0
2011-06-11,22422,TOOTHPASTE TUBE PEN,0
2011-06-12,22422,TOOTHPASTE TUBE PEN,0
2011-06-13,22422,TOOTHPASTE TUBE PEN,0
2011-06-14,22422,TOOTHPASTE TUBE PEN,0
2011-06-15,22422,TOOTHPASTE TUBE PEN,0
2011-06-16,22422,TOOTHPASTE TUBE PEN,26
2011-06-17,22422,TOOTHPASTE TUBE PEN,0
2011-06-18,22422,TOOTHPASTE TUBE PEN,0
2011-06-19,22422,TOOTHPASTE TUBE PEN,0
2011-06-20,22422,TOOTHPASTE TUBE PEN,1
2011-06-21,22422,TOOTHPASTE TUBE PEN,0
2011-06-22,22422,TOOTHPASTE TUBE PEN,0
2011-06-23,22422,TOOTHPASTE TUBE PEN,2
2011-06-24,22422,TOOTHPASTE TUBE PEN,0
2011-06-25,22422,TOOTHPASTE TUBE PEN,0
2011-06-26,22422,TOOTHPASTE TUBE PEN,0
2011-06-27,22422,TOOTHPASTE TUBE PEN,0
2011-06-28,22422,TOOTHPASTE TUBE PEN,0
2011-06-29,22422,TOOTHPASTE TUBE PEN,1
2011-06-30,22422,TOOTHPASTE TUBE PEN,0
2011-07-01,22422,TOOTHPASTE TUBE PEN,28
2011-07-02,22422,TOOTHPASTE TUBE PEN,0
2011-07-03,22422,TOOTHPASTE TUBE PEN,0
2011-07-04,22422,TOOTHPASTE TUBE PEN,2
2011-07-05,22422,TOOTHPASTE TUBE PEN,12
2011-07-06,22422,TOOTHPASTE TUBE PEN,0
2011-07-07,22422,TOOTHPASTE TUBE PEN,0
2011-07-08,22422,TOOTHPASTE TUBE PEN,0
2011-07-09,22422,TOOTHPASTE TUBE PEN,0
2011-07-10,22422,TOOTHPASTE TUBE PEN,0
2011-07-11,22422,TOOTHPASTE TUBE PEN,0
2011-07-12,22422,TOOTHPASTE TUBE PEN,0
2011-07-13,22422,TOOTHPASTE TUBE PEN,0
2011-07-14,22422,TOOTHPASTE TUBE PEN,0
2011-07-15,22422,TOOTHPASTE TUBE PEN,0
2011-07-16,22422,TOOTHPASTE TUBE PEN,0
2011-07-17,22422,TOOTHPASTE TUBE PEN,0
2011-07-18,22422,TOOTHPASTE TUBE PEN,0
2011-07-19,22422,TOOTHPASTE TUBE PEN,0
2011-07-20,22422,TOOTHPASTE TUBE PEN,0
2011-07-21,22422,TOOTHPASTE TUBE PEN,0
2011-07-22,22422,TOOTHPASTE TUBE PEN,0
2011-07-23,22422,TOOTHPASTE TUBE PEN,0
2011-07-24,22422,TOOTHPASTE TUBE PEN,6
2011-07-25,22422,TOOTHPASTE TUBE PEN,13
2011-07-26,22422,TOOTHPASTE TUBE PEN,0
2011-07-27,22422,TOOTHPASTE TUBE PEN,1
2011-07-28,22422,TOOTHPASTE TUBE PEN,0
2011-07-29,22422,TOOTHPASTE TUBE PEN,0
2011-07-30,22422,TOOTHPASTE TUBE PEN,0
2011-07-31,22422,TOOTHPASTE TUBE PEN,0
2011-08-01,22422,TOOTHPASTE TUBE PEN,0
2011-08-02,22422,TOOTHPASTE TUBE PEN,0
2011-08-03,22422,TOOTHPASTE TUBE PEN,1
2011-08-04,22422,TOOTHPASTE TUBE PEN,0
2011-08-05,22422,TOOTHPASTE TUBE PEN,7
2011-08-06,22422,TOOTHPASTE TUBE PEN,0
2011-08-07,22422,TOOTHPASTE TUBE PEN,0
2011-08-08,22422,TOOTHPASTE TUBE PEN,0
2011-08-09,22422,TOOTHPASTE TUBE PEN,0
2011-08-10,22422,TOOTHPASTE TUBE PEN,0
2011-08-11,22422,TOOTHPASTE TUBE PEN,1
2011-08-12,22422,TOOTHPASTE TUBE PEN,0
2011-08-13,22422,TOOTHPASTE TUBE PEN,0
2011-08-14,22422,TOOTHPASTE TUBE PEN,0
2011-08-15,22422,TOOTHPASTE TUBE PEN,0
2011-08-16,22422,TOOTHPASTE TUBE PEN,0
2011-08-17,22422,TOOTHPASTE TUBE PEN,0
2011-08-18,22422,TOOTHPASTE TUBE PEN,0
2011-08-19,22422,TOOTHPASTE TUBE PEN,0
2011-08-20,22422,TOOTHPASTE TUBE PEN,0
2011-08-21,22422,TOOTHPASTE TUBE PEN,0
2011-08-22,22422,TOOTHPASTE TUBE PEN,12
2011-08-23,22422,TOOTHPASTE TUBE PEN,20
2011-08-24,22422,TOOTHPASTE TUBE PEN,1
2011-08-25,22422,TOOTHPASTE TUBE PEN,1
2011-08-26,22422,TOOTHPASTE TUBE PEN,0
2011-08-27,22422,TOOTHPASTE TUBE PEN,0
2011-08-28,22422,TOOTHPASTE TUBE PEN,0
2011-08-29,22422,TOOTHPASTE TUBE PEN,0
2011-08-30,22422,TOOTHPASTE TUBE PEN,1
2011-08-31,22422,TOOTHPASTE TUBE PEN,1
2011-09-01,22422,TOOTHPASTE TUBE PEN,0
2011-09-02,22422,TOOTHPASTE TUBE PEN,3
2011-09-03,22422,TOOTHPASTE TUBE PEN,0
2011-09-04,22422,TOOTHPASTE TUBE PEN,0
2011-09-05,22422,TOOTHPASTE TUBE PEN,0
2011-09-06,22422,TOOTHPASTE TUBE PEN,0
2011-09-07,22422,TOOTHPASTE TUBE PEN,7
2011-09-08,22422,TOOTHPASTE TUBE PEN,0
2011-09-09,22422,TOOTHPASTE TUBE PEN,1
2011-09-10,22422,TOOTHPASTE TUBE PEN,0
2011-09-11,22422,TOOTHPASTE TUBE PEN,3
2011-09-12,22422,TOOTHPASTE TUBE PEN,0
2011-09-13,22422,TOOTHPASTE TUBE PEN,2
2011-09-14,22422,TOOTHPASTE TUBE PEN,0
2011-09-15,22422,TOOTHPASTE TUBE PEN,3
2011-09-16,22422,TOOTHPASTE TUBE PEN,1
2011-09-17,22422,TOOTHPASTE TUBE PEN,0
2011-09-18,22422,TOOTHPASTE TUBE PEN,0
2011-09-19,22422,TOOTHPASTE TUBE PEN,0
2011-09-20,22422,TOOTHPASTE TUBE PEN,1
2011-09-21,22422,TOOTHPASTE TUBE PEN,4
2011-09-22,22422,TOOTHPASTE TUBE PEN,0
2011-09-23,22422,TOOTHPASTE TUBE PEN,4
2011-09-24,22422,TOOTHPASTE TUBE PEN,0
2011-09-25,22422,TOOTHPASTE TUBE PEN,0
2011-09-26,22422,TOOTHPASTE TUBE PEN,1
2011-09-27,22422,TOOTHPASTE TUBE PEN,5
2011-09-28,22422,TOOTHPASTE TUBE PEN,13
2011-09-29,22422,TOOTHPASTE TUBE PEN,0
2011-09-30,22422,TOOTHPASTE TUBE PEN,1
2011-10-01,22422,TOOTHPASTE TUBE PEN,0
2011-10-02,22422,TOOTHPASTE TUBE PEN,0
2011-10-03,22422,TOOTHPASTE TUBE PEN,5
2011-10-04,22422,TOOTHPASTE TUBE PEN,24
2011-10-05,22422,TOOTHPASTE TUBE PEN,0
2011-10-06,22422,TOOTHPASTE TUBE PEN,24
2011-10-07,22422,TOOTHPASTE TUBE PEN,0
2011-10-08,22422,TOOTHPASTE TUBE PEN,0
2011-10-09,22422,TOOTHPASTE TUBE PEN,0
2011-10-10,22422,TOOTHPASTE TUBE PEN,4
2011-10-11,22422,TOOTHPASTE TUBE PEN,0
2011-10-12,22422,TOOTHPASTE TUBE PEN,0
2011-10-13,22422,TOOTHPASTE TUBE PEN,0
2011-10-14,22422,TOOTHPASTE TUBE PEN,1
2011-10-15,22422,TOOTHPASTE TUBE PEN,0
2011-10-16,22422,TOOTHPASTE TUBE PEN,0
2011-10-17,22422,TOOTHPASTE TUBE PEN,10
2011-10-18,22422,TOOTHPASTE TUBE PEN,2
2011-10-19,22422,TOOTHPASTE TUBE PEN,4
2011-10-20,22422,TOOTHPASTE TUBE PEN,0
2011-10-21,22422,TOOTHPASTE TUBE PEN,0
2011-10-22,22422,TOOTHPASTE TUBE PEN,0
2011-10-23,22422,TOOTHPASTE TUBE PEN,0
2011-10-24,22422,TOOTHPASTE TUBE PEN,4
2011-10-25,22422,TOOTHPASTE TUBE PEN,1
2011-10-26,22422,TOOTHPASTE TUBE PEN,0
2011-10-27,22422,TOOTHPASTE TUBE PEN,0
2011-10-28,22422,TOOTHPASTE TUBE PEN,0
2011-10-29,22422,TOOTHPASTE TUBE PEN,0
2011-10-30,22422,TOOTHPASTE TUBE PEN,2
2011-10-31,22422,TOOTHPASTE TUBE PEN,12
2011-11-01,22422,TOOTHPASTE TUBE PEN,0
2011-11-02,22422,TOOTHPASTE TUBE PEN,6
2011-11-03,22422,TOOTHPASTE TUBE PEN,2
2011-11-04,22422,TOOTHPASTE TUBE PEN,0
2011-11-05,22422,TOOTHPASTE TUBE PEN,0
2011-11-06,22422,TOOTHPASTE TUBE PEN,3
2011-11-07,22422,TOOTHPASTE TUBE PEN,2
2011-11-08,22422,TOOTHPASTE TUBE PEN,5
2011-11-09,22422,TOOTHPASTE TUBE PEN,10
2011-11-10,22422,TOOTHPASTE TUBE PEN,2
2010-12-01,22426,ENAMEL WASH BOWL CREAM,0
2010-12-02,22426,ENAMEL WASH BOWL CREAM,9
2010-12-03,22426,ENAMEL WASH BOWL CREAM,2
2010-12-04,22426,ENAMEL WASH BOWL CREAM,0
2010-12-05,22426,ENAMEL WASH BOWL CREAM,3
2010-12-06,22426,ENAMEL WASH BOWL CREAM,0
2010-12-07,22426,ENAMEL WASH BOWL CREAM,0
2010-12-08,22426,ENAMEL WASH BOWL CREAM,0
2010-12-09,22426,ENAMEL WASH BOWL CREAM,0
2010-12-10,22426,ENAMEL WASH BOWL CREAM,0
2010-12-11,22426,ENAMEL WASH BOWL CREAM,0
2010-12-12,22426,ENAMEL WASH BOWL CREAM,0
2010-12-13,22426,ENAMEL WASH BOWL CREAM,0
2010-12-14,22426,ENAMEL WASH BOWL CREAM,1
2010-12-15,22426,ENAMEL WASH BOWL CREAM,0
2010-12-16,22426,ENAMEL WASH BOWL CREAM,0
2010-12-17,22426,ENAMEL WASH BOWL CREAM,1
2010-12-18,22426,ENAMEL WASH BOWL CREAM,0
2010-12-19,22426,ENAMEL WASH BOWL CREAM,0
2010-12-20,22426,ENAMEL WASH BOWL CREAM,0
2010-12-21,22426,ENAMEL WASH BOWL CREAM,0
2010-12-22,22426,ENAMEL WASH BOWL CREAM,0
2010-12-23,22426,ENAMEL WASH BOWL CREAM,0
2010-12-24,22426,ENAMEL WASH BOWL CREAM,0
2010-12-25,22426,ENAMEL WASH BOWL CREAM,0
2010-12-26,22426,ENAMEL WASH BOWL CREAM,0
2010-12-27,22426,ENAMEL WASH BOWL CREAM,0
2010-12-28,22426,ENAMEL WASH BOWL CREAM,0
2010-12-29,22426,ENAMEL WASH BOWL CREAM,0
2010-12-30,22426,ENAMEL WASH BOWL CREAM,0
2010-12-31,22426,ENAMEL WASH BOWL CREAM,0
2011-01-01,22426,ENAMEL WASH BOWL CREAM,0
2011-01-02,22426,ENAMEL WASH BOWL CREAM,0
2011-01-03,22426,ENAMEL WASH BOWL CREAM,0
2011-01-04,22426,ENAMEL WASH BOWL CREAM,5
2011-01-05,22426,ENAMEL WASH BOWL CREAM,1
2011-01-06,22426,ENAMEL WASH BOWL CREAM,32
2011-01-07,22426,ENAMEL WASH BOWL CREAM,0
2011-01-08,22426,ENAMEL WASH BOWL CREAM,0
2011-01-09,22426,ENAMEL WASH BOWL CREAM,0
2011-01-10,22426,ENAMEL WASH BOWL CREAM,0
2011-01-11,22426,ENAMEL WASH BOWL CREAM,0
2011-01-12,22426,ENAMEL WASH BOWL CREAM,0
2011-01-13,22426,ENAMEL WASH BOWL CREAM,0
2011-01-14,22426,ENAMEL WASH BOWL CREAM,0
2011-01-15,22426,ENAMEL WASH BOWL CREAM,0
2011-01-16,22426,ENAMEL WASH BOWL CREAM,0
2011-01-17,22426,ENAMEL WASH BOWL CREAM,1
2011-01-18,22426,ENAMEL WASH BOWL CREAM,2
2011-01-19,22426,ENAMEL WASH BOWL CREAM,0
2011-01-20,22426,ENAMEL WASH BOWL CREAM,20
2011-01-21,22426,ENAMEL WASH BOWL CREAM,0
2011-01-22,22426,ENAMEL WASH BOWL CREAM,0
2011-01-23,22426,ENAMEL WASH BOWL CREAM,0
2011-01-24,22426,ENAMEL WASH BOWL CREAM,4
2011-01-25,22426,ENAMEL WASH BOWL CREAM,0
2011-01-26,22426,ENAMEL WASH BOWL CREAM,13
2011-01-27,22426,ENAMEL WASH BOWL CREAM,0
2011-01-28,22426,ENAMEL WASH BOWL CREAM,2
2011-01-29,22426,ENAMEL WASH BOWL CREAM,0
2011-01-30,22426,ENAMEL WASH BOWL CREAM,0
2011-01-31,22426,ENAMEL WASH BOWL CREAM,1
2011-02-01,22426,ENAMEL WASH BOWL CREAM,10
2011-02-02,22426,ENAMEL WASH BOWL CREAM,2
2011-02-03,22426,ENAMEL WASH BOWL CREAM,0
2011-02-04,22426,ENAMEL WASH BOWL CREAM,0
2011-02-05,22426,ENAMEL WASH BOWL CREAM,0
2011-02-06,22426,ENAMEL WASH BOWL CREAM,0
2011-02-07,22426,ENAMEL WASH BOWL CREAM,0
2011-02-08,22426,ENAMEL WASH BOWL CREAM,0
2011-02-09,22426,ENAMEL WASH BOWL CREAM,32
2011-02-10,22426,ENAMEL WASH BOWL CREAM,0
2011-02-11,22426,ENAMEL WASH BOWL CREAM,0
2011-02-12,22426,ENAMEL WASH BOWL CREAM,0
2011-02-13,22426,ENAMEL WASH BOWL CREAM,2
2011-02-14,22426,ENAMEL WASH BOWL CREAM,0
2011-02-15,22426,ENAMEL WASH BOWL CREAM,0
2011-02-16,22426,ENAMEL WASH BOWL CREAM,0
2011-02-17,22426,ENAMEL WASH BOWL CREAM,2
2011-02-18,22426,ENAMEL WASH BOWL CREAM,4
2011-02-19,22426,ENAMEL WASH BOWL CREAM,0
2011-02-20,22426,ENAMEL WASH BOWL CREAM,5
2011-02-21,22426,ENAMEL WASH BOWL CREAM,0
2011-02-22,22426,ENAMEL WASH BOWL CREAM,1
2011-02-23,22426,ENAMEL WASH BOWL CREAM,22
2011-02-24,22426,ENAMEL WASH BOWL CREAM,4
2011-02-25,22426,ENAMEL WASH BOWL CREAM,1
2011-02-26,22426,ENAMEL WASH BOWL CREAM,0
2011-02-27,22426,ENAMEL WASH BOWL CREAM,0
2011-02-28,22426,ENAMEL WASH BOWL CREAM,2
2011-03-01,22426,ENAMEL WASH BOWL CREAM,0
2011-03-02,22426,ENAMEL WASH BOWL CREAM,0
2011-03-03,22426,ENAMEL WASH BOWL CREAM,0
2011-03-04,22426,ENAMEL WASH BOWL CREAM,0
2011-03-05,22426,ENAMEL WASH BOWL CREAM,0
2011-03-06,22426,ENAMEL WASH BOWL CREAM,0
2011-03-07,22426,ENAMEL WASH BOWL CREAM,1
2011-03-08,22426,ENAMEL WASH BOWL CREAM,0
2011-03-09,22426,ENAMEL WASH BOWL CREAM,0
2011-03-10,22426,ENAMEL WASH BOWL CREAM,0
2011-03-11,22426,ENAMEL WASH BOWL CREAM,4
2011-03-12,22426,ENAMEL WASH BOWL CREAM,0
2011-03-13,22426,ENAMEL WASH BOWL CREAM,0
2011-03-14,22426,ENAMEL WASH BOWL CREAM,1
2011-03-15,22426,ENAMEL WASH BOWL CREAM,16
2011-03-16,22426,ENAMEL WASH BOWL CREAM,6
2011-03-17,22426,ENAMEL WASH BOWL CREAM,4
2011-03-18,22426,ENAMEL WASH BOWL CREAM,1
2011-03-19,22426,ENAMEL WASH BOWL CREAM,0
2011-03-20,22426,ENAMEL WASH BOWL CREAM,4
2011-03-21,22426,ENAMEL WASH BOWL CREAM,0
2011-03-22,22426,ENAMEL WASH BOWL CREAM,1
2011-03-23,22426,ENAMEL WASH BOWL CREAM,6
2011-03-24,22426,ENAMEL WASH BOWL CREAM,0
2011-03-25,22426,ENAMEL WASH BOWL CREAM,0
2011-03-26,22426,ENAMEL WASH BOWL CREAM,0
2011-03-27,22426,ENAMEL WASH BOWL CREAM,0
2011-03-28,22426,ENAMEL WASH BOWL CREAM,1
2011-03-29,22426,ENAMEL WASH BOWL CREAM,0
2011-03-30,22426,ENAMEL WASH BOWL CREAM,7
2011-03-31,22426,ENAMEL WASH BOWL CREAM,0
2011-04-01,22426,ENAMEL WASH BOWL CREAM,0
2011-04-02,22426,ENAMEL WASH BOWL CREAM,0
2011-04-03,22426,ENAMEL WASH BOWL CREAM,1
2011-04-04,22426,ENAMEL WASH BOWL CREAM,0
2011-04-05,22426,ENAMEL WASH BOWL CREAM,0
2011-04-06,22426,ENAMEL WASH BOWL CREAM,18
2011-04-07,22426,ENAMEL WASH BOWL CREAM,0
2011-04-08,22426,ENAMEL WASH BOWL CREAM,4
2011-04-09,22426,ENAMEL WASH BOWL CREAM,0
2011-04-10,22426,ENAMEL WASH BOWL CREAM,5
2011-04-11,22426,ENAMEL WASH BOWL CREAM,1
2011-04-12,22426,ENAMEL WASH BOWL CREAM,5
2011-04-13,22426,ENAMEL WASH BOWL CREAM,0
2011-04-14,22426,ENAMEL WASH BOWL CREAM,0
2011-04-15,22426,ENAMEL WASH BOWL CREAM,2
2011-04-16,22426,ENAMEL WASH BOWL CREAM,0
2011-04-17,22426,ENAMEL WASH BOWL CREAM,14
2011-04-18,22426,ENAMEL WASH BOWL CREAM,0
2011-04-19,22426,ENAMEL WASH BOWL CREAM,1
2011-04-20,22426,ENAMEL WASH BOWL CREAM,1
2011-04-21,22426,ENAMEL WASH BOWL CREAM,4
2011-04-22,22426,ENAMEL WASH BOWL CREAM,0
2011-04-23,22426,ENAMEL WASH BOWL CREAM,0
2011-04-24,22426,ENAMEL WASH BOWL CREAM,0
2011-04-25,22426,ENAMEL WASH BOWL CREAM,0
2011-04-26,22426,ENAMEL WASH BOWL CREAM,7
2011-04-27,22426,ENAMEL WASH BOWL CREAM,0
2011-04-28,22426,ENAMEL WASH BOWL CREAM,0
2011-04-29,22426,ENAMEL WASH BOWL CREAM,0
2011-04-30,22426,ENAMEL WASH BOWL CREAM,0
2011-05-01,22426,ENAMEL WASH BOWL CREAM,0
2011-05-02,22426,ENAMEL WASH BOWL CREAM,0
2011-05-03,22426,ENAMEL WASH BOWL CREAM,0
2011-05-04,22426,ENAMEL WASH BOWL CREAM,0
2011-05-05,22426,ENAMEL WASH BOWL CREAM,1
2011-05-06,22426,ENAMEL WASH BOWL CREAM,0
2011-05-07,22426,ENAMEL WASH BOWL CREAM,0
2011-05-08,22426,ENAMEL WASH BOWL CREAM,0
2011-05-09,22426,ENAMEL WASH BOWL CREAM,0
2011-05-10,22426,ENAMEL WASH BOWL CREAM,18
2011-05-11,22426,ENAMEL WASH BOWL CREAM,3
2011-05-12,22426,ENAMEL WASH BOWL CREAM,1
2011-05-13,22426,ENAMEL WASH BOWL CREAM,0
2011-05-14,22426,ENAMEL WASH BOWL CREAM,0
2011-05-15,22426,ENAMEL WASH BOWL CREAM,0
2011-05-16,22426,ENAMEL WASH BOWL CREAM,4
2011-05-17,22426,ENAMEL WASH BOWL CREAM,4
2011-05-18,22426,ENAMEL WASH BOWL CREAM,4
2011-05-19,22426,ENAMEL WASH BOWL CREAM,0
2011-05-20,22426,ENAMEL WASH BOWL CREAM,0
2011-05-21,22426,ENAMEL WASH BOWL CREAM,0
2011-05-22,22426,ENAMEL WASH BOWL CREAM,0
2011-05-23,22426,ENAMEL WASH BOWL CREAM,8
2011-05-24,22426,ENAMEL WASH BOWL CREAM,17
2011-05-25,22426,ENAMEL WASH BOWL CREAM,1
2011-05-26,22426,ENAMEL WASH BOWL CREAM,0
2011-05-27,22426,ENAMEL WASH BOWL CREAM,3
2011-05-28,22426,ENAMEL WASH BOWL CREAM,0
2011-05-29,22426,ENAMEL WASH BOWL CREAM,0
2011-05-30,22426,ENAMEL WASH BOWL CREAM,0
2011-05-31,22426,ENAMEL WASH BOWL CREAM,0
2011-06-01,22426,ENAMEL WASH BOWL CREAM,1
2011-06-02,22426,ENAMEL WASH BOWL CREAM,3
2011-06-03,22426,ENAMEL WASH BOWL CREAM,7
2011-06-04,22426,ENAMEL WASH BOWL CREAM,0
2011-06-05,22426,ENAMEL WASH BOWL CREAM,0
2011-06-06,22426,ENAMEL WASH BOWL CREAM,1
2011-06-07,22426,ENAMEL WASH BOWL CREAM,0
2011-06-08,22426,ENAMEL WASH BOWL CREAM,17
2011-06-09,22426,ENAMEL WASH BOWL CREAM,4
2011-06-10,22426,ENAMEL WASH BOWL CREAM,0
2011-06-11,22426,ENAMEL WASH BOWL CREAM,0
2011-06-12,22426,ENAMEL WASH BOWL CREAM,0
2011-06-13,22426,ENAMEL WASH BOWL CREAM,2
2011-06-14,22426,ENAMEL WASH BOWL CREAM,0
2011-06-15,22426,ENAMEL WASH BOWL CREAM,0
2011-06-16,22426,ENAMEL WASH BOWL CREAM,0
2011-06-17,22426,ENAMEL WASH BOWL CREAM,0
2011-06-18,22426,ENAMEL WASH BOWL CREAM,0
2011-06-19,22426,ENAMEL WASH BOWL CREAM,0
2011-06-20,22426,ENAMEL WASH BOWL CREAM,0
2011-06-21,22426,ENAMEL WASH BOWL CREAM,9
2011-06-22,22426,ENAMEL WASH BOWL CREAM,1
2011-06-23,22426,ENAMEL WASH BOWL CREAM,4
2011-06-24,22426,ENAMEL WASH BOWL CREAM,1
2011-06-25,22426,ENAMEL WASH BOWL CREAM,0
2011-06-26,22426,ENAMEL WASH BOWL CREAM,0
2011-06-27,22426,ENAMEL WASH BOWL CREAM,0
2011-06-28,22426,ENAMEL WASH BOWL CREAM,0
2011-06-29,22426,ENAMEL WASH BOWL CREAM,1
2011-06-30,22426,ENAMEL WASH BOWL CREAM,0
2011-07-01,22426,ENAMEL WASH BOWL CREAM,0
2011-07-02,22426,ENAMEL WASH BOWL CREAM,0
2011-07-03,22426,ENAMEL WASH BOWL CREAM,0
2011-07-04,22426,ENAMEL WASH BOWL CREAM,3
2011-07-05,22426,ENAMEL WASH BOWL CREAM,0
2011-07-06,22426,ENAMEL WASH BOWL CREAM,1
2011-07-07,22426,ENAMEL WASH BOWL CREAM,0
2011-07-08,22426,ENAMEL WASH BOWL CREAM,0
2011-07-09,22426,ENAMEL WASH BOWL CREAM,0
2011-07-10,22426,ENAMEL WASH BOWL CREAM,0
2011-07-11,22426,ENAMEL WASH BOWL CREAM,32
2011-07-12,22426,ENAMEL WASH BOWL CREAM,0
2011-07-13,22426,ENAMEL WASH BOWL CREAM,2
2011-07-14,22426,ENAMEL WASH BOWL CREAM,0
2011-07-15,22426,ENAMEL WASH BOWL CREAM,0
2011-07-16,22426,ENAMEL WASH BOWL CREAM,0
2011-07-17,22426,ENAMEL WASH BOWL CREAM,0
2011-07-18,22426,ENAMEL WASH BOWL CREAM,6
2011-07-19,22426,ENAMEL WASH BOWL CREAM,20
2011-07-20,22426,ENAMEL WASH BOWL CREAM,9
2011-07-21,22426,ENAMEL WASH BOWL CREAM,0
2011-07-22,22426,ENAMEL WASH BOWL CREAM,1
2011-07-23,22426,ENAMEL WASH BOWL CREAM,0
2011-07-24,22426,ENAMEL WASH BOWL CREAM,0
2011-07-25,22426,ENAMEL WASH BOWL CREAM,0
2011-07-26,22426,ENAMEL WASH BOWL CREAM,2
2011-07-27,22426,ENAMEL WASH BOWL CREAM,0
2011-07-28,22426,ENAMEL WASH BOWL CREAM,0
2011-07-29,22426,ENAMEL WASH BOWL CREAM,0
2011-07-30,22426,ENAMEL WASH BOWL CREAM,0
2011-07-31,22426,ENAMEL WASH BOWL CREAM,9
2011-08-01,22426,ENAMEL WASH BOWL CREAM,2
2011-08-02,22426,ENAMEL WASH BOWL CREAM,0
2011-08-03,22426,ENAMEL WASH BOWL CREAM,0
2011-08-04,22426,ENAMEL WASH BOWL CREAM,2
2011-08-05,22426,ENAMEL WASH BOWL CREAM,4
2011-08-06,22426,ENAMEL WASH BOWL CREAM,0
2011-08-07,22426,ENAMEL WASH BOWL CREAM,1
2011-08-08,22426,ENAMEL WASH BOWL CREAM,4
2011-08-09,22426,ENAMEL WASH BOWL CREAM,0
2011-08-10,22426,ENAMEL WASH BOWL CREAM,1
2011-08-11,22426,ENAMEL WASH BOWL CREAM,3
2011-08-12,22426,ENAMEL WASH BOWL CREAM,12
2011-08-13,22426,ENAMEL WASH BOWL CREAM,0
2011-08-14,22426,ENAMEL WASH BOWL CREAM,0
2011-08-15,22426,ENAMEL WASH BOWL CREAM,6
2011-08-16,22426,ENAMEL WASH BOWL CREAM,0
2011-08-17,22426,ENAMEL WASH BOWL CREAM,0
2011-08-18,22426,ENAMEL WASH BOWL CREAM,0
2011-08-19,22426,ENAMEL WASH BOWL CREAM,0
2011-08-20,22426,ENAMEL WASH BOWL CREAM,0
2011-08-21,22426,ENAMEL WASH BOWL CREAM,0
2011-08-22,22426,ENAMEL WASH BOWL CREAM,0
2011-08-23,22426,ENAMEL WASH BOWL CREAM,0
2011-08-24,22426,ENAMEL WASH BOWL CREAM,1
2011-08-25,22426,ENAMEL WASH BOWL CREAM,12
2011-08-26,22426,ENAMEL WASH BOWL CREAM,4
2011-08-27,22426,ENAMEL WASH BOWL CREAM,0
2011-08-28,22426,ENAMEL WASH BOWL CREAM,0
2011-08-29,22426,ENAMEL WASH BOWL CREAM,0
2011-08-30,22426,ENAMEL WASH BOWL CREAM,5
2011-08-31,22426,ENAMEL WASH BOWL CREAM,1
2011-09-01,22426,ENAMEL WASH BOWL CREAM,0
2011-09-02,22426,ENAMEL WASH BOWL CREAM,2
2011-09-03,22426,ENAMEL WASH BOWL CREAM,0
2011-09-04,22426,ENAMEL WASH BOWL CREAM,2
2011-09-05,22426,ENAMEL WASH BOWL CREAM,16
2011-09-06,22426,ENAMEL WASH BOWL CREAM,0
2011-09-07,22426,ENAMEL WASH BOWL CREAM,0
2011-09-08,22426,ENAMEL WASH BOWL CREAM,17
2011-09-09,22426,ENAMEL WASH BOWL CREAM,0
2011-09-10,22426,ENAMEL WASH BOWL CREAM,0
2011-09-11,22426,ENAMEL WASH BOWL CREAM,0
2011-09-12,22426,ENAMEL WASH BOWL CREAM,0
2011-09-13,22426,ENAMEL WASH BOWL CREAM,20
2011-09-14,22426,ENAMEL WASH BOWL CREAM,0
2011-09-15,22426,ENAMEL WASH BOWL CREAM,0
2011-09-16,22426,ENAMEL WASH BOWL CREAM,0
2011-09-17,22426,ENAMEL WASH BOWL CREAM,0
2011-09-18,22426,ENAMEL WASH BOWL CREAM,0
2011-09-19,22426,ENAMEL WASH BOWL CREAM,0
2011-09-20,22426,ENAMEL WASH BOWL CREAM,2
2011-09-21,22426,ENAMEL WASH BOWL CREAM,0
2011-09-22,22426,ENAMEL WASH BOWL CREAM,10
2011-09-23,22426,ENAMEL WASH BOWL CREAM,1
2011-09-24,22426,ENAMEL WASH BOWL CREAM,0
2011-09-25,22426,ENAMEL WASH BOWL CREAM,0
2011-09-26,22426,ENAMEL WASH BOWL CREAM,0
2011-09-27,22426,ENAMEL WASH BOWL CREAM,1
2011-09-28,22426,ENAMEL WASH BOWL CREAM,0
2011-09-29,22426,ENAMEL WASH BOWL CREAM,0
2011-09-30,22426,ENAMEL WASH BOWL CREAM,1
2011-10-01,22426,ENAMEL WASH BOWL CREAM,0
2011-10-02,22426,ENAMEL WASH BOWL CREAM,2
2011-10-03,22426,ENAMEL WASH BOWL CREAM,0
2011-10-04,22426,ENAMEL WASH BOWL CREAM,16
2011-10-05,22426,ENAMEL WASH BOWL CREAM,0
2011-10-06,22426,ENAMEL WASH BOWL CREAM,0
2011-10-07,22426,ENAMEL WASH BOWL CREAM,2
2011-10-08,22426,ENAMEL WASH BOWL CREAM,0
2011-10-09,22426,ENAMEL WASH BOWL CREAM,0
2011-10-10,22426,ENAMEL WASH BOWL CREAM,4
2011-10-11,22426,ENAMEL WASH BOWL CREAM,1
2011-10-12,22426,ENAMEL WASH BOWL CREAM,4
2011-10-13,22426,ENAMEL WASH BOWL CREAM,0
2011-10-14,22426,ENAMEL WASH BOWL CREAM,1
2011-10-15,22426,ENAMEL WASH BOWL CREAM,0
2011-10-16,22426,ENAMEL WASH BOWL CREAM,6
2011-10-17,22426,ENAMEL WASH BOWL CREAM,0
2011-10-18,22426,ENAMEL WASH BOWL CREAM,1
2011-10-19,22426,ENAMEL WASH BOWL CREAM,2
2011-10-20,22426,ENAMEL WASH BOWL CREAM,2
2011-10-21,22426,ENAMEL WASH BOWL CREAM,5
2011-10-22,22426,ENAMEL WASH BOWL CREAM,0
2011-10-23,22426,ENAMEL WASH BOWL CREAM,0
2011-10-24,22426,ENAMEL WASH BOWL CREAM,0
2011-10-25,22426,ENAMEL WASH BOWL CREAM,2
2011-10-26,22426,ENAMEL WASH BOWL CREAM,4
2011-10-27,22426,ENAMEL WASH BOWL CREAM,0
2011-10-28,22426,ENAMEL WASH BOWL CREAM,5
2011-10-29,22426,ENAMEL WASH BOWL CREAM,0
2011-10-30,22426,ENAMEL WASH BOWL CREAM,0
2011-10-31,22426,ENAMEL WASH BOWL CREAM,1
2011-11-01,22426,ENAMEL WASH BOWL CREAM,0
2011-11-02,22426,ENAMEL WASH BOWL CREAM,0
2011-11-03,22426,ENAMEL WASH BOWL CREAM,0
2011-11-04,22426,ENAMEL WASH BOWL CREAM,2
2011-11-05,22426,ENAMEL WASH BOWL CREAM,0
2011-11-06,22426,ENAMEL WASH BOWL CREAM,0
2011-11-07,22426,ENAMEL WASH BOWL CREAM,0
2011-11-08,22426,ENAMEL WASH BOWL CREAM,3
2011-11-09,22426,ENAMEL WASH BOWL CREAM,1
2011-11-10,22426,ENAMEL WASH BOWL CREAM,0
2010-12-01,22470,HEART OF WICKER LARGE,47
2010-12-02,22470,HEART OF WICKER LARGE,15
2010-12-03,22470,HEART OF WICKER LARGE,15
2010-12-04,22470,HEART OF WICKER LARGE,0
2010-12-05,22470,HEART OF WICKER LARGE,94
2010-12-06,22470,HEART OF WICKER LARGE,34
2010-12-07,22470,HEART OF WICKER LARGE,462
2010-12-08,22470,HEART OF WICKER LARGE,35
2010-12-09,22470,HEART OF WICKER LARGE,33
2010-12-10,22470,HEART OF WICKER LARGE,44
2010-12-11,22470,HEART OF WICKER LARGE,0
2010-12-12,22470,HEART OF WICKER LARGE,17
2010-12-13,22470,HEART OF WICKER LARGE,73
2010-12-14,22470,HEART OF WICKER LARGE,25
2010-12-15,22470,HEART OF WICKER LARGE,98
2010-12-16,22470,HEART OF WICKER LARGE,7
2010-12-17,22470,HEART OF WICKER LARGE,30
2010-12-18,22470,HEART OF WICKER LARGE,0
2010-12-19,22470,HEART OF WICKER LARGE,0
2010-12-20,22470,HEART OF WICKER LARGE,41
2010-12-21,22470,HEART OF WICKER LARGE,1
2010-12-22,22470,HEART OF WICKER LARGE,12
2010-12-23,22470,HEART OF WICKER LARGE,1
2010-12-24,22470,HEART OF WICKER LARGE,0
2010-12-25,22470,HEART OF WICKER LARGE,0
2010-12-26,22470,HEART OF WICKER LARGE,0
2010-12-27,22470,HEART OF WICKER LARGE,0
2010-12-28,22470,HEART OF WICKER LARGE,0
2010-12-29,22470,HEART OF WICKER LARGE,0
2010-12-30,22470,HEART OF WICKER LARGE,0
2010-12-31,22470,HEART OF WICKER LARGE,0
2011-01-01,22470,HEART OF WICKER LARGE,0
2011-01-02,22470,HEART OF WICKER LARGE,0
2011-01-03,22470,HEART OF WICKER LARGE,0
2011-01-04,22470,HEART OF WICKER LARGE,26
2011-01-05,22470,HEART OF WICKER LARGE,27
2011-01-06,22470,HEART OF WICKER LARGE,34
2011-01-07,22470,HEART OF WICKER LARGE,24
2011-01-08,22470,HEART OF WICKER LARGE,0
2011-01-09,22470,HEART OF WICKER LARGE,28
2011-01-10,22470,HEART OF WICKER LARGE,12
2011-01-11,22470,HEART OF WICKER LARGE,1292
2011-01-12,22470,HEART OF WICKER LARGE,12
2011-01-13,22470,HEART OF WICKER LARGE,6
2011-01-14,22470,HEART OF WICKER LARGE,10
2011-01-15,22470,HEART OF WICKER LARGE,0
2011-01-16,22470,HEART OF WICKER LARGE,36
2011-01-17,22470,HEART OF WICKER LARGE,22
2011-01-18,22470,HEART OF WICKER LARGE,0
2011-01-19,22470,HEART OF WICKER LARGE,3
2011-01-20,22470,HEART OF WICKER LARGE,1
2011-01-21,22470,HEART OF WICKER LARGE,33
2011-01-22,22470,HEART OF WICKER LARGE,0
2011-01-23,22470,HEART OF WICKER LARGE,16
2011-01-24,22470,HEART OF WICKER LARGE,22
2011-01-25,22470,HEART OF WICKER LARGE,41
2011-01-26,22470,HEART OF WICKER LARGE,15
2011-01-27,22470,HEART OF WICKER LARGE,32
2011-01-28,22470,HEART OF WICKER LARGE,26
2011-01-29,22470,HEART OF WICKER LARGE,0
2011-01-30,22470,HEART OF WICKER LARGE,39
2011-01-31,22470,HEART OF WICKER LARGE,14
2011-02-01,22470,HEART OF WICKER LARGE,32
2011-02-02,22470,HEART OF WICKER LARGE,66
2011-02-03,22470,HEART OF WICKER LARGE,37
2011-02-04,22470,HEART OF WICKER LARGE,2
2011-02-05,22470,HEART OF WICKER LARGE,0
2011-02-06,22470,HEART OF WICKER LARGE,0
2011-02-07,22470,HEART OF WICKER LARGE,39
2011-02-08,22470,HEART OF WICKER LARGE,24
2011-02-09,22470,HEART OF WICKER LARGE,10
2011-02-10,22470,HEART OF WICKER LARGE,70
2011-02-11,22470,HEART OF WICKER LARGE,29
2011-02-12,22470,HEART OF WICKER LARGE,0
2011-02-13,22470,HEART OF WICKER LARGE,18
2011-02-14,22470,HEART OF WICKER LARGE,7
2011-02-15,22470,HEART OF WICKER LARGE,1
2011-02-16,22470,HEART OF WICKER LARGE,94
2011-02-17,22470,HEART OF WICKER LARGE,35
2011-02-18,22470,HEART OF WICKER LARGE,3
2011-02-19,22470,HEART OF WICKER LARGE,0
2011-02-20,22470,HEART OF WICKER LARGE,8
2011-02-21,22470,HEART OF WICKER LARGE,4
2011-02-22,22470,HEART OF WICKER LARGE,28
2011-02-23,22470,HEART OF WICKER LARGE,49
2011-02-24,22470,HEART OF WICKER LARGE,14
2011-02-25,22470,HEART OF WICKER LARGE,73
2011-02-26,22470,HEART OF WICKER LARGE,0
2011-02-27,22470,HEART OF WICKER LARGE,66
2011-02-28,22470,HEART OF WICKER LARGE,5
2011-03-01,22470,HEART OF WICKER LARGE,17
2011-03-02,22470,HEART OF WICKER LARGE,15
2011-03-03,22470,HEART OF WICKER LARGE,1
2011-03-04,22470,HEART OF WICKER LARGE,1
2011-03-05,22470,HEART OF WICKER LARGE,0
2011-03-06,22470,HEART OF WICKER LARGE,10
2011-03-07,22470,HEART OF WICKER LARGE,14
2011-03-08,22470,HEART OF WICKER LARGE,12
2011-03-09,22470,HEART OF WICKER LARGE,8
2011-03-10,22470,HEART OF WICKER LARGE,12
2011-03-11,22470,HEART OF WICKER LARGE,1
2011-03-12,22470,HEART OF WICKER LARGE,0
2011-03-13,22470,HEART OF WICKER LARGE,0
2011-03-14,22470,HEART OF WICKER LARGE,0
2011-03-15,22470,HEART OF WICKER LARGE,0
2011-03-16,22470,HEART OF WICKER LARGE,0
2011-03-17,22470,HEART OF WICKER LARGE,0
2011-03-18,22470,HEART OF WICKER LARGE,0
2011-03-19,22470,HEART OF WICKER LARGE,0
2011-03-20,22470,HEART OF WICKER LARGE,0
2011-03-21,22470,HEART OF WICKER LARGE,0
2011-03-22,22470,HEART OF WICKER LARGE,0
2011-03-23,22470,HEART OF WICKER LARGE,0
2011-03-24,22470,HEART OF WICKER LARGE,0
2011-03-25,22470,HEART OF WICKER LARGE,0
2011-03-26,22470,HEART OF WICKER LARGE,0
2011-03-27,22470,HEART OF WICKER LARGE,0
2011-03-28,22470,HEART OF WICKER LARGE,0
2011-03-29,22470,HEART OF WICKER LARGE,0
2011-03-30,22470,HEART OF WICKER LARGE,0
2011-03-31,22470,HEART OF WICKER LARGE,0
2011-04-01,22470,HEART OF WICKER LARGE,0
2011-04-02,22470,HEART OF WICKER LARGE,0
2011-04-03,22470,HEART OF WICKER LARGE,0
2011-04-04,22470,HEART OF WICKER LARGE,0
2011-04-05,22470,HEART OF WICKER LARGE,0
2011-04-06,22470,HEART OF WICKER LARGE,0
2011-04-07,22470,HEART OF WICKER LARGE,0
2011-04-08,22470,HEART OF WICKER LARGE,0
2011-04-09,22470,HEART OF WICKER LARGE,0
2011-04-10,22470,HEART OF WICKER LARGE,0
2011-04-11,22470,HEART OF WICKER LARGE,0
2011-04-12,22470,HEART OF WICKER LARGE,0
2011-04-13,22470,HEART OF WICKER LARGE,0
2011-04-14,22470,HEART OF WICKER LARGE,0
2011-04-15,22470,HEART OF WICKER LARGE,0
2011-04-16,22470,HEART OF WICKER LARGE,0
2011-04-17,22470,HEART OF WICKER LARGE,2
2011-04-18,22470,HEART OF WICKER LARGE,0
2011-04-19,22470,HEART OF WICKER LARGE,0
2011-04-20,22470,HEART OF WICKER LARGE,0
2011-04-21,22470,HEART OF WICKER LARGE,0
2011-04-22,22470,HEART OF WICKER LARGE,0
2011-04-23,22470,HEART OF WICKER LARGE,0
2011-04-24,22470,HEART OF WICKER LARGE,0
2011-04-25,22470,HEART OF WICKER LARGE,0
2011-04-26,22470,HEART OF WICKER LARGE,0
2011-04-27,22470,HEART OF WICKER LARGE,0
2011-04-28,22470,HEART OF WICKER LARGE,0
2011-04-29,22470,HEART OF WICKER LARGE,0
2011-04-30,22470,HEART OF WICKER LARGE,0
2011-05-01,22470,HEART OF WICKER LARGE,0
2011-05-02,22470,HEART OF WICKER LARGE,0
2011-05-03,22470,HEART OF WICKER LARGE,0
2011-05-04,22470,HEART OF WICKER LARGE,0
2011-05-05,22470,HEART OF WICKER LARGE,0
2011-05-06,22470,HEART OF WICKER LARGE,0
2011-05-07,22470,HEART OF WICKER LARGE,0
2011-05-08,22470,HEART OF WICKER LARGE,0
2011-05-09,22470,HEART OF WICKER LARGE,0
2011-05-10,22470,HEART OF WICKER LARGE,0
2011-05-11,22470,HEART OF WICKER LARGE,0
2011-05-12,22470,HEART OF WICKER LARGE,0
2011-05-13,22470,HEART OF WICKER LARGE,0
2011-05-14,22470,HEART OF WICKER LARGE,0
2011-05-15,22470,HEART OF WICKER LARGE,0
2011-05-16,22470,HEART OF WICKER LARGE,0
2011-05-17,22470,HEART OF WICKER LARGE,128
2011-05-18,22470,HEART OF WICKER LARGE,50
2011-05-19,22470,HEART OF WICKER LARGE,61
2011-05-20,22470,HEART OF WICKER LARGE,41
2011-05-21,22470,HEART OF WICKER LARGE,0
2011-05-22,22470,HEART OF WICKER LARGE,47
2011-05-23,22470,HEART OF WICKER LARGE,22
2011-05-24,22470,HEART OF WICKER LARGE,447
2011-05-25,22470,HEART OF WICKER LARGE,20
2011-05-26,22470,HEART OF WICKER LARGE,363
2011-05-27,22470,HEART OF WICKER LARGE,24
2011-05-28,22470,HEART OF WICKER LARGE,0
2011-05-29,22470,HEART OF WICKER LARGE,19
2011-05-30,22470,HEART OF WICKER LARGE,0
2011-05-31,22470,HEART OF WICKER LARGE,15
2011-06-01,22470,HEART OF WICKER LARGE,33
2011-06-02,22470,HEART OF WICKER LARGE,73
2011-06-03,22470,HEART OF WICKER LARGE,54
2011-06-04,22470,HEART OF WICKER LARGE,0
2011-06-05,22470,HEART OF WICKER LARGE,52
2011-06-06,22470,HEART OF WICKER LARGE,68
2011-06-07,22470,HEART OF WICKER LARGE,21
2011-06-08,22470,HEART OF WICKER LARGE,37
2011-06-09,22470,HEART OF WICKER LARGE,28
2011-06-10,22470,HEART OF WICKER LARGE,6
2011-06-11,22470,HEART OF WICKER LARGE,0
2011-06-12,22470,HEART OF WICKER LARGE,22
2011-06-13,22470,HEART OF WICKER LARGE,8
2011-06-14,22470,HEART OF WICKER LARGE,18
2011-06-15,22470,HEART OF WICKER LARGE,20
2011-06-16,22470,HEART OF WICKER LARGE,8
2011-06-17,22470,HEART OF WICKER LARGE,0
2011-06-18,22470,HEART OF WICKER LARGE,0
2011-06-19,22470,HEART OF WICKER LARGE,6
2011-06-20,22470,HEART OF WICKER LARGE,1
2011-06-21,22470,HEART OF WICKER LARGE,14
2011-06-22,22470,HEART OF WICKER LARGE,8
2011-06-23,22470,HEART OF WICKER LARGE,25
2011-06-24,22470,HEART OF WICKER LARGE,18
2011-06-25,22470,HEART OF WICKER LARGE,0
2011-06-26,22470,HEART OF WICKER LARGE,0
2011-06-27,22470,HEART OF WICKER LARGE,12
2011-06-28,22470,HEART OF WICKER LARGE,15
2011-06-29,22470,HEART OF WICKER LARGE,8
2011-06-30,22470,HEART OF WICKER LARGE,10
2011-07-01,22470,HEART OF WICKER LARGE,0
2011-07-02,22470,HEART OF WICKER LARGE,0
2011-07-03,22470,HEART OF WICKER LARGE,4
2011-07-04,22470,HEART OF WICKER LARGE,8
2011-07-05,22470,HEART OF WICKER LARGE,36
2011-07-06,22470,HEART OF WICKER LARGE,11
2011-07-07,22470,HEART OF WICKER LARGE,60
2011-07-08,22470,HEART OF WICKER LARGE,18
2011-07-09,22470,HEART OF WICKER LARGE,0
2011-07-10,22470,HEART OF WICKER LARGE,9
2011-07-11,22470,HEART OF WICKER LARGE,6
2011-07-12,22470,HEART OF WICKER LARGE,150
2011-07-13,22470,HEART OF WICKER LARGE,2
2011-07-14,22470,HEART OF WICKER LARGE,7
2011-07-15,22470,HEART OF WICKER LARGE,2
2011-07-16,22470,HEART OF WICKER LARGE,0
2011-07-17,22470,HEART OF WICKER LARGE,6
2011-07-18,22470,HEART OF WICKER LARGE,32
2011-07-19,22470,HEART OF WICKER LARGE,1
2011-07-20,22470,HEART OF WICKER LARGE,2
2011-07-21,22470,HEART OF WICKER LARGE,14
2011-07-22,22470,HEART OF WICKER LARGE,1
2011-07-23,22470,HEART OF WICKER LARGE,0
2011-07-24,22470,HEART OF WICKER LARGE,13
2011-07-25,22470,HEART OF WICKER LARGE,36
2011-07-26,22470,HEART OF WICKER LARGE,10
2011-07-27,22470,HEART OF WICKER LARGE,13
2011-07-28,22470,HEART OF WICKER LARGE,115
2011-07-29,22470,HEART OF WICKER LARGE,8
2011-07-30,22470,HEART OF WICKER LARGE,0
2011-07-31,22470,HEART OF WICKER LARGE,3
2011-08-01,22470,HEART OF WICKER LARGE,1
2011-08-02,22470,HEART OF WICKER LARGE,0
2011-08-03,22470,HEART OF WICKER LARGE,16
2011-08-04,22470,HEART OF WICKER LARGE,4
2011-08-05,22470,HEART OF WICKER LARGE,28
2011-08-06,22470,HEART OF WICKER LARGE,0
2011-08-07,22470,HEART OF WICKER LARGE,16
2011-08-08,22470,HEART OF WICKER LARGE,16
2011-08-09,22470,HEART OF WICKER LARGE,14
2011-08-10,22470,HEART OF WICKER LARGE,1
2011-08-11,22470,HEART OF WICKER LARGE,25
2011-08-12,22470,HEART OF WICKER LARGE,20
2011-08-13,22470,HEART OF WICKER LARGE,0
2011-08-14,22470,HEART OF WICKER LARGE,12
2011-08-15,22470,HEART OF WICKER LARGE,6
2011-08-16,22470,HEART OF WICKER LARGE,4
2011-08-17,22470,HEART OF WICKER LARGE,23
2011-08-18,22470,HEART OF WICKER LARGE,0
2011-08-19,22470,HEART OF WICKER LARGE,0
2011-08-20,22470,HEART OF WICKER LARGE,0
2011-08-21,22470,HEART OF WICKER LARGE,4
2011-08-22,22470,HEART OF WICKER LARGE,24
2011-08-23,22470,HEART OF WICKER LARGE,23
2011-08-24,22470,HEART OF WICKER LARGE,1
2011-08-25,22470,HEART OF WICKER LARGE,9
2011-08-26,22470,HEART OF WICKER LARGE,0
2011-08-27,22470,HEART OF WICKER LARGE,0
2011-08-28,22470,HEART OF WICKER LARGE,11
2011-08-29,22470,HEART OF WICKER LARGE,0
2011-08-30,22470,HEART OF WICKER LARGE,19
2011-08-31,22470,HEART OF WICKER LARGE,7
2011-09-01,22470,HEART OF WICKER LARGE,32
2011-09-02,22470,HEART OF WICKER LARGE,3
2011-09-03,22470,HEART OF WICKER LARGE,0
2011-09-04,22470,HEART OF WICKER LARGE,2
2011-09-05,22470,HEART OF WICKER LARGE,13
2011-09-06,22470,HEART OF WICKER LARGE,0
2011-09-07,22470,HEART OF WICKER LARGE,12
2011-09-08,22470,HEART OF WICKER LARGE,9
2011-09-09,22470,HEART OF WICKER LARGE,17
2011-09-10,22470,HEART OF WICKER LARGE,0
2011-09-11,22470,HEART OF WICKER LARGE,13
2011-09-12,22470,HEART OF WICKER LARGE,23
2011-09-13,22470,HEART OF WICKER LARGE,12
2011-09-14,22470,HEART OF WICKER LARGE,0
2011-09-15,22470,HEART OF WICKER LARGE,26
2011-09-16,22470,HEART OF WICKER LARGE,18
2011-09-17,22470,HEART OF WICKER LARGE,0
2011-09-18,22470,HEART OF WICKER LARGE,88
2011-09-19,22470,HEART OF WICKER LARGE,14
2011-09-20,22470,HEART OF WICKER LARGE,672
2011-09-21,22470,HEART OF WICKER LARGE,12
2011-09-22,22470,HEART OF WICKER LARGE,22
2011-09-23,22470,HEART OF WICKER LARGE,19
2011-09-24,22470,HEART OF WICKER LARGE,0
2011-09-25,22470,HEART OF WICKER LARGE,42
2011-09-26,22470,HEART OF WICKER LARGE,6
2011-09-27,22470,HEART OF WICKER LARGE,34
2011-09-28,22470,HEART OF WICKER LARGE,8
2011-09-29,22470,HEART OF WICKER LARGE,22
2011-09-30,22470,HEART OF WICKER LARGE,16
2011-10-01,22470,HEART OF WICKER LARGE,0
2011-10-02,22470,HEART OF WICKER LARGE,15
2011-10-03,22470,HEART OF WICKER LARGE,121
2011-10-04,22470,HEART OF WICKER LARGE,29
2011-10-05,22470,HEART OF WICKER LARGE,24
2011-10-06,22470,HEART OF WICKER LARGE,30
2011-10-07,22470,HEART OF WICKER LARGE,20
2011-10-08,22470,HEART OF WICKER LARGE,0
2011-10-09,22470,HEART OF WICKER LARGE,17
2011-10-10,22470,HEART OF WICKER LARGE,17
2011-10-11,22470,HEART OF WICKER LARGE,13
2011-10-12,22470,HEART OF WICKER LARGE,7
2011-10-13,22470,HEART OF WICKER LARGE,15
2011-10-14,22470,HEART OF WICKER LARGE,18
2011-10-15,22470,HEART OF WICKER LARGE,0
2011-10-16,22470,HEART OF WICKER LARGE,23
2011-10-17,22470,HEART OF WICKER LARGE,38
2011-10-18,22470,HEART OF WICKER LARGE,11
2011-10-19,22470,HEART OF WICKER LARGE,16
2011-10-20,22470,HEART OF WICKER LARGE,2
2011-10-21,22470,HEART OF WICKER LARGE,0
2011-10-22,22470,HEART OF WICKER LARGE,0
2011-10-23,22470,HEART OF WICKER LARGE,13
2011-10-24,22470,HEART OF WICKER LARGE,43
2011-10-25,22470,HEART OF WICKER LARGE,2
2011-10-26,22470,HEART OF WICKER LARGE,6
2011-10-27,22470,HEART OF WICKER LARGE,15
2011-10-28,22470,HEART OF WICKER LARGE,37
2011-10-29,22470,HEART OF WICKER LARGE,0
2011-10-30,22470,HEART OF WICKER LARGE,61
2011-10-31,22470,HEART OF WICKER LARGE,30
2011-11-01,22470,HEART OF WICKER LARGE,21
2011-11-02,22470,HEART OF WICKER LARGE,18
2011-11-03,22470,HEART OF WICKER LARGE,256
2011-11-04,22470,HEART OF WICKER LARGE,135
2011-11-05,22470,HEART OF WICKER LARGE,0
2011-11-06,22470,HEART OF WICKER LARGE,44
2011-11-07,22470,HEART OF WICKER LARGE,59
2011-11-08,22470,HEART OF WICKER LARGE,24
2011-11-09,22470,HEART OF WICKER LARGE,6
2011-11-10,22470,HEART OF WICKER LARGE,53
2010-12-01,22494,EMERGENCY FIRST AID TIN ,27
2010-12-02,22494,EMERGENCY FIRST AID TIN ,0
2010-12-03,22494,EMERGENCY FIRST AID TIN ,0
2010-12-04,22494,EMERGENCY FIRST AID TIN ,0
2010-12-05,22494,EMERGENCY FIRST AID TIN ,6
2010-12-06,22494,EMERGENCY FIRST AID TIN ,12
2010-12-07,22494,EMERGENCY FIRST AID TIN ,14
2010-12-08,22494,EMERGENCY FIRST AID TIN ,32
2010-12-09,22494,EMERGENCY FIRST AID TIN ,3
2010-12-10,22494,EMERGENCY FIRST AID TIN ,14
2010-12-11,22494,EMERGENCY FIRST AID TIN ,0
2010-12-12,22494,EMERGENCY FIRST AID TIN ,0
2010-12-13,22494,EMERGENCY FIRST AID TIN ,2
2010-12-14,22494,EMERGENCY FIRST AID TIN ,0
2010-12-15,22494,EMERGENCY FIRST AID TIN ,1
2010-12-16,22494,EMERGENCY FIRST AID TIN ,0
2010-12-17,22494,EMERGENCY FIRST AID TIN ,1
2010-12-18,22494,EMERGENCY FIRST AID TIN ,0
2010-12-19,22494,EMERGENCY FIRST AID TIN ,0
2010-12-20,22494,EMERGENCY FIRST AID TIN ,12
2010-12-21,22494,EMERGENCY FIRST AID TIN ,1
2010-12-22,22494,EMERGENCY FIRST AID TIN ,0
2010-12-23,22494,EMERGENCY FIRST AID TIN ,0
2010-12-24,22494,EMERGENCY FIRST AID TIN ,0
2010-12-25,22494,EMERGENCY FIRST AID TIN ,0
2010-12-26,22494,EMERGENCY FIRST AID TIN ,0
2010-12-27,22494,EMERGENCY FIRST AID TIN ,0
2010-12-28,22494,EMERGENCY FIRST AID TIN ,0
2010-12-29,22494,EMERGENCY FIRST AID TIN ,0
2010-12-30,22494,EMERGENCY FIRST AID TIN ,0
2010-12-31,22494,EMERGENCY FIRST AID TIN ,0
2011-01-01,22494,EMERGENCY FIRST AID TIN ,0
2011-01-02,22494,EMERGENCY FIRST AID TIN ,0
2011-01-03,22494,EMERGENCY FIRST AID TIN ,0
2011-01-04,22494,EMERGENCY FIRST AID TIN ,2
2011-01-05,22494,EMERGENCY FIRST AID TIN ,12
2011-01-06,22494,EMERGENCY FIRST AID TIN ,0
2011-01-07,22494,EMERGENCY FIRST AID TIN ,24
2011-01-08,22494,EMERGENCY FIRST AID TIN ,0
2011-01-09,22494,EMERGENCY FIRST AID TIN ,12
2011-01-10,22494,EMERGENCY FIRST AID TIN ,3
2011-01-11,22494,EMERGENCY FIRST AID TIN ,0
2011-01-12,22494,EMERGENCY FIRST AID TIN ,2
2011-01-13,22494,EMERGENCY FIRST AID TIN ,15
2011-01-14,22494,EMERGENCY FIRST AID TIN ,0
2011-01-15,22494,EMERGENCY FIRST AID TIN ,0
2011-01-16,22494,EMERGENCY FIRST AID TIN ,0
2011-01-17,22494,EMERGENCY FIRST AID TIN ,3
2011-01-18,22494,EMERGENCY FIRST AID TIN ,12
2011-01-19,22494,EMERGENCY FIRST AID TIN ,1
2011-01-20,22494,EMERGENCY FIRST AID TIN ,1
2011-01-21,22494,EMERGENCY FIRST AID TIN ,2
2011-01-22,22494,EMERGENCY FIRST AID TIN ,0
2011-01-23,22494,EMERGENCY FIRST AID TIN ,0
2011-01-24,22494,EMERGENCY FIRST AID TIN ,14
2011-01-25,22494,EMERGENCY FIRST AID TIN ,1
2011-01-26,22494,EMERGENCY FIRST AID TIN ,0
2011-01-27,22494,EMERGENCY FIRST AID TIN ,2
2011-01-28,22494,EMERGENCY FIRST AID TIN ,12
2011-01-29,22494,EMERGENCY FIRST AID TIN ,0
2011-01-30,22494,EMERGENCY FIRST AID TIN ,0
2011-01-31,22494,EMERGENCY FIRST AID TIN ,0
2011-02-01,22494,EMERGENCY FIRST AID TIN ,1
2011-02-02,22494,EMERGENCY FIRST AID TIN ,2
2011-02-03,22494,EMERGENCY FIRST AID TIN ,0
2011-02-04,22494,EMERGENCY FIRST AID TIN ,1
2011-02-05,22494,EMERGENCY FIRST AID TIN ,0
2011-02-06,22494,EMERGENCY FIRST AID TIN ,0
2011-02-07,22494,EMERGENCY FIRST AID TIN ,12
2011-02-08,22494,EMERGENCY FIRST AID TIN ,0
2011-02-09,22494,EMERGENCY FIRST AID TIN ,1
2011-02-10,22494,EMERGENCY FIRST AID TIN ,0
2011-02-11,22494,EMERGENCY FIRST AID TIN ,0
2011-02-12,22494,EMERGENCY FIRST AID TIN ,0
2011-02-13,22494,EMERGENCY FIRST AID TIN ,1
2011-02-14,22494,EMERGENCY FIRST AID TIN ,1
2011-02-15,22494,EMERGENCY FIRST AID TIN ,0
2011-02-16,22494,EMERGENCY FIRST AID TIN ,0
2011-02-17,22494,EMERGENCY FIRST AID TIN ,0
2011-02-18,22494,EMERGENCY FIRST AID TIN ,1
2011-02-19,22494,EMERGENCY FIRST AID TIN ,0
2011-02-20,22494,EMERGENCY FIRST AID TIN ,0
2011-02-21,22494,EMERGENCY FIRST AID TIN ,0
2011-02-22,22494,EMERGENCY FIRST AID TIN ,3
2011-02-23,22494,EMERGENCY FIRST AID TIN ,0
2011-02-24,22494,EMERGENCY FIRST AID TIN ,1
2011-02-25,22494,EMERGENCY FIRST AID TIN ,0
2011-02-26,22494,EMERGENCY FIRST AID TIN ,0
2011-02-27,22494,EMERGENCY FIRST AID TIN ,0
2011-02-28,22494,EMERGENCY FIRST AID TIN ,6
2011-03-01,22494,EMERGENCY FIRST AID TIN ,7
2011-03-02,22494,EMERGENCY FIRST AID TIN ,0
2011-03-03,22494,EMERGENCY FIRST AID TIN ,1
2011-03-04,22494,EMERGENCY FIRST AID TIN ,12
2011-03-05,22494,EMERGENCY FIRST AID TIN ,0
2011-03-06,22494,EMERGENCY FIRST AID TIN ,1
2011-03-07,22494,EMERGENCY FIRST AID TIN ,0
2011-03-08,22494,EMERGENCY FIRST AID TIN ,0
2011-03-09,22494,EMERGENCY FIRST AID TIN ,12
2011-03-10,22494,EMERGENCY FIRST AID TIN ,0
2011-03-11,22494,EMERGENCY FIRST AID TIN ,0
2011-03-12,22494,EMERGENCY FIRST AID TIN ,0
2011-03-13,22494,EMERGENCY FIRST AID TIN ,0
2011-03-14,22494,EMERGENCY FIRST AID TIN ,0
2011-03-15,22494,EMERGENCY FIRST AID TIN ,0
2011-03-16,22494,EMERGENCY FIRST AID TIN ,0
2011-03-17,22494,EMERGENCY FIRST AID TIN ,13
2011-03-18,22494,EMERGENCY FIRST AID TIN ,0
2011-03-19,22494,EMERGENCY FIRST AID TIN ,0
2011-03-20,22494,EMERGENCY FIRST AID TIN ,1
2011-03-21,22494,EMERGENCY FIRST AID TIN ,0
2011-03-22,22494,EMERGENCY FIRST AID TIN ,12
2011-03-23,22494,EMERGENCY FIRST AID TIN ,1
2011-03-24,22494,EMERGENCY FIRST AID TIN ,0
2011-03-25,22494,EMERGENCY FIRST AID TIN ,4
2011-03-26,22494,EMERGENCY FIRST AID TIN ,0
2011-03-27,22494,EMERGENCY FIRST AID TIN ,0
2011-03-28,22494,EMERGENCY FIRST AID TIN ,5
2011-03-29,22494,EMERGENCY FIRST AID TIN ,1
2011-03-30,22494,EMERGENCY FIRST AID TIN ,0
2011-03-31,22494,EMERGENCY FIRST AID TIN ,0
2011-04-01,22494,EMERGENCY FIRST AID TIN ,12
2011-04-02,22494,EMERGENCY FIRST AID TIN ,0
2011-04-03,22494,EMERGENCY FIRST AID TIN ,0
2011-04-04,22494,EMERGENCY FIRST AID TIN ,1
2011-04-05,22494,EMERGENCY FIRST AID TIN ,2
2011-04-06,22494,EMERGENCY FIRST AID TIN ,0
2011-04-07,22494,EMERGENCY FIRST AID TIN ,0
2011-04-08,22494,EMERGENCY FIRST AID TIN ,1
2011-04-09,22494,EMERGENCY FIRST AID TIN ,0
2011-04-10,22494,EMERGENCY FIRST AID TIN ,5
2011-04-11,22494,EMERGENCY FIRST AID TIN ,0
2011-04-12,22494,EMERGENCY FIRST AID TIN ,0
2011-04-13,22494,EMERGENCY FIRST AID TIN ,0
2011-04-14,22494,EMERGENCY FIRST AID TIN ,0
2011-04-15,22494,EMERGENCY FIRST AID TIN ,24
2011-04-16,22494,EMERGENCY FIRST AID TIN ,0
2011-04-17,22494,EMERGENCY FIRST AID TIN ,0
2011-04-18,22494,EMERGENCY FIRST AID TIN ,103
2011-04-19,22494,EMERGENCY FIRST AID TIN ,2
2011-04-20,22494,EMERGENCY FIRST AID TIN ,0
2011-04-21,22494,EMERGENCY FIRST AID TIN ,1
2011-04-22,22494,EMERGENCY FIRST AID TIN ,0
2011-04-23,22494,EMERGENCY FIRST AID TIN ,0
2011-04-24,22494,EMERGENCY FIRST AID TIN ,0
2011-04-25,22494,EMERGENCY FIRST AID TIN ,0
2011-04-26,22494,EMERGENCY FIRST AID TIN ,12
2011-04-27,22494,EMERGENCY FIRST AID TIN ,0
2011-04-28,22494,EMERGENCY FIRST AID TIN ,0
2011-04-29,22494,EMERGENCY FIRST AID TIN ,0
2011-04-30,22494,EMERGENCY FIRST AID TIN ,0
2011-05-01,22494,EMERGENCY FIRST AID TIN ,0
2011-05-02,22494,EMERGENCY FIRST AID TIN ,0
2011-05-03,22494,EMERGENCY FIRST AID TIN ,3
2011-05-04,22494,EMERGENCY FIRST AID TIN ,14
2011-05-05,22494,EMERGENCY FIRST AID TIN ,2
2011-05-06,22494,EMERGENCY FIRST AID TIN ,26
2011-05-07,22494,EMERGENCY FIRST AID TIN ,0
2011-05-08,22494,EMERGENCY FIRST AID TIN ,0
2011-05-09,22494,EMERGENCY FIRST AID TIN ,2
2011-05-10,22494,EMERGENCY FIRST AID TIN ,1
2011-05-11,22494,EMERGENCY FIRST AID TIN ,0
2011-05-12,22494,EMERGENCY FIRST AID TIN ,0
2011-05-13,22494,EMERGENCY FIRST AID TIN ,0
2011-05-14,22494,EMERGENCY FIRST AID TIN ,0
2011-05-15,22494,EMERGENCY FIRST AID TIN ,0
2011-05-16,22494,EMERGENCY FIRST AID TIN ,0
2011-05-17,22494,EMERGENCY FIRST AID TIN ,0
2011-05-18,22494,EMERGENCY FIRST AID TIN ,0
2011-05-19,22494,EMERGENCY FIRST AID TIN ,0
2011-05-20,22494,EMERGENCY FIRST AID TIN ,0
2011-05-21,22494,EMERGENCY FIRST AID TIN ,0
2011-05-22,22494,EMERGENCY FIRST AID TIN ,12
2011-05-23,22494,EMERGENCY FIRST AID TIN ,2
2011-05-24,22494,EMERGENCY FIRST AID TIN ,42
2011-05-25,22494,EMERGENCY FIRST AID TIN ,0
2011-05-26,22494,EMERGENCY FIRST AID TIN ,2
2011-05-27,22494,EMERGENCY FIRST AID TIN ,0
2011-05-28,22494,EMERGENCY FIRST AID TIN ,0
2011-05-29,22494,EMERGENCY FIRST AID TIN ,0
2011-05-30,22494,EMERGENCY FIRST AID TIN ,0
2011-05-31,22494,EMERGENCY FIRST AID TIN ,4
2011-06-01,22494,EMERGENCY FIRST AID TIN ,1
2011-06-02,22494,EMERGENCY FIRST AID TIN ,4
2011-06-03,22494,EMERGENCY FIRST AID TIN ,0
2011-06-04,22494,EMERGENCY FIRST AID TIN ,0
2011-06-05,22494,EMERGENCY FIRST AID TIN ,1
2011-06-06,22494,EMERGENCY FIRST AID TIN ,0
2011-06-07,22494,EMERGENCY FIRST AID TIN ,2
2011-06-08,22494,EMERGENCY FIRST AID TIN ,0
2011-06-09,22494,EMERGENCY FIRST AID TIN ,1
2011-06-10,22494,EMERGENCY FIRST AID TIN ,1
2011-06-11,22494,EMERGENCY FIRST AID TIN ,0
2011-06-12,22494,EMERGENCY FIRST AID TIN ,2
2011-06-13,22494,EMERGENCY FIRST AID TIN ,2
2011-06-14,22494,EMERGENCY FIRST AID TIN ,2
2011-06-15,22494,EMERGENCY FIRST AID TIN ,0
2011-06-16,22494,EMERGENCY FIRST AID TIN ,12
2011-06-17,22494,EMERGENCY FIRST AID TIN ,0
2011-06-18,22494,EMERGENCY FIRST AID TIN ,0
2011-06-19,22494,EMERGENCY FIRST AID TIN ,0
2011-06-20,22494,EMERGENCY FIRST AID TIN ,0
2011-06-21,22494,EMERGENCY FIRST AID TIN ,18
2011-06-22,22494,EMERGENCY FIRST AID TIN ,0
2011-06-23,22494,EMERGENCY FIRST AID TIN ,1
2011-06-24,22494,EMERGENCY FIRST AID TIN ,0
2011-06-25,22494,EMERGENCY FIRST AID TIN ,0
2011-06-26,22494,EMERGENCY FIRST AID TIN ,0
2011-06-27,22494,EMERGENCY FIRST AID TIN ,0
2011-06-28,22494,EMERGENCY FIRST AID TIN ,0
2011-06-29,22494,EMERGENCY FIRST AID TIN ,1
2011-06-30,22494,EMERGENCY FIRST AID TIN ,0
2011-07-01,22494,EMERGENCY FIRST AID TIN ,0
2011-07-02,22494,EMERGENCY FIRST AID TIN ,0
2011-07-03,22494,EMERGENCY FIRST AID TIN ,0
2011-07-04,22494,EMERGENCY FIRST AID TIN ,5
2011-07-05,22494,EMERGENCY FIRST AID TIN ,3
2011-07-06,22494,EMERGENCY FIRST AID TIN ,1
2011-07-07,22494,EMERGENCY FIRST AID TIN ,98
2011-07-08,22494,EMERGENCY FIRST AID TIN ,12
2011-07-09,22494,EMERGENCY FIRST AID TIN ,0
2011-07-10,22494,EMERGENCY FIRST AID TIN ,0
2011-07-11,22494,EMERGENCY FIRST AID TIN ,1
2011-07-12,22494,EMERGENCY FIRST AID TIN ,1
2011-07-13,22494,EMERGENCY FIRST AID TIN ,0
2011-07-14,22494,EMERGENCY FIRST AID TIN ,1
2011-07-15,22494,EMERGENCY FIRST AID TIN ,1
2011-07-16,22494,EMERGENCY FIRST AID TIN ,0
2011-07-17,22494,EMERGENCY FIRST AID TIN ,2
2011-07-18,22494,EMERGENCY FIRST AID TIN ,1
2011-07-19,22494,EMERGENCY FIRST AID TIN ,0
2011-07-20,22494,EMERGENCY FIRST AID TIN ,3
2011-07-21,22494,EMERGENCY FIRST AID TIN ,0
2011-07-22,22494,EMERGENCY FIRST AID TIN ,0
2011-07-23,22494,EMERGENCY FIRST AID TIN ,0
2011-07-24,22494,EMERGENCY FIRST AID TIN ,0
2011-07-25,22494,EMERGENCY FIRST AID TIN ,2
2011-07-26,22494,EMERGENCY FIRST AID TIN ,0
2011-07-27,22494,EMERGENCY FIRST AID TIN ,1
2011-07-28,22494,EMERGENCY FIRST AID TIN ,0
2011-07-29,22494,EMERGENCY FIRST AID TIN ,1
2011-07-30,22494,EMERGENCY FIRST AID TIN ,0
2011-07-31,22494,EMERGENCY FIRST AID TIN ,1
2011-08-01,22494,EMERGENCY FIRST AID TIN ,1
2011-08-02,22494,EMERGENCY FIRST AID TIN ,1
2011-08-03,22494,EMERGENCY FIRST AID TIN ,2
2011-08-04,22494,EMERGENCY FIRST AID TIN ,1
2011-08-05,22494,EMERGENCY FIRST AID TIN ,0
2011-08-06,22494,EMERGENCY FIRST AID TIN ,0
2011-08-07,22494,EMERGENCY FIRST AID TIN ,0
2011-08-08,22494,EMERGENCY FIRST AID TIN ,0
2011-08-09,22494,EMERGENCY FIRST AID TIN ,1
2011-08-10,22494,EMERGENCY FIRST AID TIN ,4
2011-08-11,22494,EMERGENCY FIRST AID TIN ,12
2011-08-12,22494,EMERGENCY FIRST AID TIN ,1
2011-08-13,22494,EMERGENCY FIRST AID TIN ,0
2011-08-14,22494,EMERGENCY FIRST AID TIN ,1
2011-08-15,22494,EMERGENCY FIRST AID TIN ,0
2011-08-16,22494,EMERGENCY FIRST AID TIN ,0
2011-08-17,22494,EMERGENCY FIRST AID TIN ,0
2011-08-18,22494,EMERGENCY FIRST AID TIN ,0
2011-08-19,22494,EMERGENCY FIRST AID TIN ,0
2011-08-20,22494,EMERGENCY FIRST AID TIN ,0
2011-08-21,22494,EMERGENCY FIRST AID TIN ,3
2011-08-22,22494,EMERGENCY FIRST AID TIN ,0
2011-08-23,22494,EMERGENCY FIRST AID TIN ,1
2011-08-24,22494,EMERGENCY FIRST AID TIN ,2
2011-08-25,22494,EMERGENCY FIRST AID TIN ,0
2011-08-26,22494,EMERGENCY FIRST AID TIN ,0
2011-08-27,22494,EMERGENCY FIRST AID TIN ,0
2011-08-28,22494,EMERGENCY FIRST AID TIN ,2
2011-08-29,22494,EMERGENCY FIRST AID TIN ,0
2011-08-30,22494,EMERGENCY FIRST AID TIN ,10
2011-08-31,22494,EMERGENCY FIRST AID TIN ,4
2011-09-01,22494,EMERGENCY FIRST AID TIN ,0
2011-09-02,22494,EMERGENCY FIRST AID TIN ,1
2011-09-03,22494,EMERGENCY FIRST AID TIN ,0
2011-09-04,22494,EMERGENCY FIRST AID TIN ,0
2011-09-05,22494,EMERGENCY FIRST AID TIN ,13
2011-09-06,22494,EMERGENCY FIRST AID TIN ,2
2011-09-07,22494,EMERGENCY FIRST AID TIN ,0
2011-09-08,22494,EMERGENCY FIRST AID TIN ,0
2011-09-09,22494,EMERGENCY FIRST AID TIN ,1
2011-09-10,22494,EMERGENCY FIRST AID TIN ,0
2011-09-11,22494,EMERGENCY FIRST AID TIN ,0
2011-09-12,22494,EMERGENCY FIRST AID TIN ,0
2011-09-13,22494,EMERGENCY FIRST AID TIN ,0
2011-09-14,22494,EMERGENCY FIRST AID TIN ,0
2011-09-15,22494,EMERGENCY FIRST AID TIN ,6
2011-09-16,22494,EMERGENCY FIRST AID TIN ,0
2011-09-17,22494,EMERGENCY FIRST AID TIN ,0
2011-09-18,22494,EMERGENCY FIRST AID TIN ,4
2011-09-19,22494,EMERGENCY FIRST AID TIN ,0
2011-09-20,22494,EMERGENCY FIRST AID TIN ,4
2011-09-21,22494,EMERGENCY FIRST AID TIN ,4
2011-09-22,22494,EMERGENCY FIRST AID TIN ,36
2011-09-23,22494,EMERGENCY FIRST AID TIN ,16
2011-09-24,22494,EMERGENCY FIRST AID TIN ,0
2011-09-25,22494,EMERGENCY FIRST AID TIN ,0
2011-09-26,22494,EMERGENCY FIRST AID TIN ,1
2011-09-27,22494,EMERGENCY FIRST AID TIN ,0
2011-09-28,22494,EMERGENCY FIRST AID TIN ,2
2011-09-29,22494,EMERGENCY FIRST AID TIN ,1
2011-09-30,22494,EMERGENCY FIRST AID TIN ,0
2011-10-01,22494,EMERGENCY FIRST AID TIN ,0
2011-10-02,22494,EMERGENCY FIRST AID TIN ,0
2011-10-03,22494,EMERGENCY FIRST AID TIN ,4
2011-10-04,22494,EMERGENCY FIRST AID TIN ,2
2011-10-05,22494,EMERGENCY FIRST AID TIN ,14
2011-10-06,22494,EMERGENCY FIRST AID TIN ,1
2011-10-07,22494,EMERGENCY FIRST AID TIN ,0
2011-10-08,22494,EMERGENCY FIRST AID TIN ,0
2011-10-09,22494,EMERGENCY FIRST AID TIN ,0
2011-10-10,22494,EMERGENCY FIRST AID TIN ,2
2011-10-11,22494,EMERGENCY FIRST AID TIN ,0
2011-10-12,22494,EMERGENCY FIRST AID TIN ,2
2011-10-13,22494,EMERGENCY FIRST AID TIN ,1
2011-10-14,22494,EMERGENCY FIRST AID TIN ,0
2011-10-15,22494,EMERGENCY FIRST AID TIN ,0
2011-10-16,22494,EMERGENCY FIRST AID TIN ,2
2011-10-17,22494,EMERGENCY FIRST AID TIN ,2
2011-10-18,22494,EMERGENCY FIRST AID TIN ,1
2011-10-19,22494,EMERGENCY FIRST AID TIN ,4
2011-10-20,22494,EMERGENCY FIRST AID TIN ,0
2011-10-21,22494,EMERGENCY FIRST AID TIN ,0
2011-10-22,22494,EMERGENCY FIRST AID TIN ,0
2011-10-23,22494,EMERGENCY FIRST AID TIN ,0
2011-10-24,22494,EMERGENCY FIRST AID TIN ,0
2011-10-25,22494,EMERGENCY FIRST AID TIN ,0
2011-10-26,22494,EMERGENCY FIRST AID TIN ,0
2011-10-27,22494,EMERGENCY FIRST AID TIN ,3
2011-10-28,22494,EMERGENCY FIRST AID TIN ,2
2011-10-29,22494,EMERGENCY FIRST AID TIN ,0
2011-10-30,22494,EMERGENCY FIRST AID TIN ,0
2011-10-31,22494,EMERGENCY FIRST AID TIN ,5
2011-11-01,22494,EMERGENCY FIRST AID TIN ,0
2011-11-02,22494,EMERGENCY FIRST AID TIN ,1
2011-11-03,22494,EMERGENCY FIRST AID TIN ,0
2011-11-04,22494,EMERGENCY FIRST AID TIN ,4
2011-11-05,22494,EMERGENCY FIRST AID TIN ,0
2011-11-06,22494,EMERGENCY FIRST AID TIN ,0
2011-11-07,22494,EMERGENCY FIRST AID TIN ,0
2011-11-08,22494,EMERGENCY FIRST AID TIN ,1
2011-11-09,22494,EMERGENCY FIRST AID TIN ,1
2011-11-10,22494,EMERGENCY FIRST AID TIN ,2
2010-12-01,22718,CARD CAT AND TREE ,0
2010-12-02,22718,CARD CAT AND TREE ,36
2010-12-03,22718,CARD CAT AND TREE ,0
2010-12-04,22718,CARD CAT AND TREE ,0
2010-12-05,22718,CARD CAT AND TREE ,0
2010-12-06,22718,CARD CAT AND TREE ,26
2010-12-07,22718,CARD CAT AND TREE ,0
2010-12-08,22718,CARD CAT AND TREE ,0
2010-12-09,22718,CARD CAT AND TREE ,0
2010-12-10,22718,CARD CAT AND TREE ,0
2010-12-11,22718,CARD CAT AND TREE ,0
2010-12-12,22718,CARD CAT AND TREE ,72
2010-12-13,22718,CARD CAT AND TREE ,13
2010-12-14,22718,CARD CAT AND TREE ,24
2010-12-15,22718,CARD CAT AND TREE ,0
2010-12-16,22718,CARD CAT AND TREE ,0
2010-12-17,22718,CARD CAT AND TREE ,0
2010-12-18,22718,CARD CAT AND TREE ,0
2010-12-19,22718,CARD CAT AND TREE ,0
2010-12-20,22718,CARD CAT AND TREE ,1
2010-12-21,22718,CARD CAT AND TREE ,0
2010-12-22,22718,CARD CAT AND TREE ,0
2010-12-23,22718,CARD CAT AND TREE ,1
2010-12-24,22718,CARD CAT AND TREE ,0
2010-12-25,22718,CARD CAT AND TREE ,0
2010-12-26,22718,CARD CAT AND TREE ,0
2010-12-27,22718,CARD CAT AND TREE ,0
2010-12-28,22718,CARD CAT AND TREE ,0
2010-12-29,22718,CARD CAT AND TREE ,0
2010-12-30,22718,CARD CAT AND TREE ,0
2010-12-31,22718,CARD CAT AND TREE ,0
2011-01-01,22718,CARD CAT AND TREE ,0
2011-01-02,22718,CARD CAT AND TREE ,0
2011-01-03,22718,CARD CAT AND TREE ,0
2011-01-04,22718,CARD CAT AND TREE ,0
2011-01-05,22718,CARD CAT AND TREE ,3
2011-01-06,22718,CARD CAT AND TREE ,0
2011-01-07,22718,CARD CAT AND TREE ,36
2011-01-08,22718,CARD CAT AND TREE ,0
2011-01-09,22718,CARD CAT AND TREE ,12
2011-01-10,22718,CARD CAT AND TREE ,60
2011-01-11,22718,CARD CAT AND TREE ,0
2011-01-12,22718,CARD CAT AND TREE ,4
2011-01-13,22718,CARD CAT AND TREE ,0
2011-01-14,22718,CARD CAT AND TREE ,12
2011-01-15,22718,CARD CAT AND TREE ,0
2011-01-16,22718,CARD CAT AND TREE ,0
2011-01-17,22718,CARD CAT AND TREE ,1
2011-01-18,22718,CARD CAT AND TREE ,0
2011-01-19,22718,CARD CAT AND TREE ,1
2011-01-20,22718,CARD CAT AND TREE ,1
2011-01-21,22718,CARD CAT AND TREE ,12
2011-01-22,22718,CARD CAT AND TREE ,0
2011-01-23,22718,CARD CAT AND TREE ,0
2011-01-24,22718,CARD CAT AND TREE ,3
2011-01-25,22718,CARD CAT AND TREE ,0
2011-01-26,22718,CARD CAT AND TREE ,12
2011-01-27,22718,CARD CAT AND TREE ,14
2011-01-28,22718,CARD CAT AND TREE ,0
2011-01-29,22718,CARD CAT AND TREE ,0
2011-01-30,22718,CARD CAT AND TREE ,0
2011-01-31,22718,CARD CAT AND TREE ,24
2011-02-01,22718,CARD CAT AND TREE ,0
2011-02-02,22718,CARD CAT AND TREE ,0
2011-02-03,22718,CARD CAT AND TREE ,0
2011-02-04,22718,CARD CAT AND TREE ,0
2011-02-05,22718,CARD CAT AND TREE ,0
2011-02-06,22718,CARD CAT AND TREE ,0
2011-02-07,22718,CARD CAT AND TREE ,1
2011-02-08,22718,CARD CAT AND TREE ,0
2011-02-09,22718,CARD CAT AND TREE ,0
2011-02-10,22718,CARD CAT AND TREE ,0
2011-02-11,22718,CARD CAT AND TREE ,0
2011-02-12,22718,CARD CAT AND TREE ,0
2011-02-13,22718,CARD CAT AND TREE ,0
2011-02-14,22718,CARD CAT AND TREE ,0
2011-02-15,22718,CARD CAT AND TREE ,12
2011-02-16,22718,CARD CAT AND TREE ,2
2011-02-17,22718,CARD CAT AND TREE ,24
2011-02-18,22718,CARD CAT AND TREE ,0
2011-02-19,22718,CARD CAT AND TREE ,0
2011-02-20,22718,CARD CAT AND TREE ,0
2011-02-21,22718,CARD CAT AND TREE ,1
2011-02-22,22718,CARD CAT AND TREE ,37
2011-02-23,22718,CARD CAT AND TREE ,12
2011-02-24,22718,CARD CAT AND TREE ,0
2011-02-25,22718,CARD CAT AND TREE ,12
2011-02-26,22718,CARD CAT AND TREE ,0
2011-02-27,22718,CARD CAT AND TREE ,12
2011-02-28,22718,CARD CAT AND TREE ,3
2011-03-01,22718,CARD CAT AND TREE ,0
2011-03-02,22718,CARD CAT AND TREE ,12
2011-03-03,22718,CARD CAT AND TREE ,0
2011-03-04,22718,CARD CAT AND TREE ,1
2011-03-05,22718,CARD CAT AND TREE ,0
2011-03-06,22718,CARD CAT AND TREE ,0
2011-03-07,22718,CARD CAT AND TREE ,1
2011-03-08,22718,CARD CAT AND TREE ,16
2011-03-09,22718,CARD CAT AND TREE ,0
2011-03-10,22718,CARD CAT AND TREE ,0
2011-03-11,22718,CARD CAT AND TREE ,0
2011-03-12,22718,CARD CAT AND TREE ,0
2011-03-13,22718,CARD CAT AND TREE ,0
2011-03-14,22718,CARD CAT AND TREE ,0
2011-03-15,22718,CARD CAT AND TREE ,0
2011-03-16,22718,CARD CAT AND TREE ,84
2011-03-17,22718,CARD CAT AND TREE ,16
2011-03-18,22718,CARD CAT AND TREE ,12
2011-03-19,22718,CARD CAT AND TREE ,0
2011-03-20,22718,CARD CAT AND TREE ,0
2011-03-21,22718,CARD CAT AND TREE ,12
2011-03-22,22718,CARD CAT AND TREE ,0
2011-03-23,22718,CARD CAT AND TREE ,0
2011-03-24,22718,CARD CAT AND TREE ,12
2011-03-25,22718,CARD CAT AND TREE ,12
2011-03-26,22718,CARD CAT AND TREE ,0
2011-03-27,22718,CARD CAT AND TREE ,0
2011-03-28,22718,CARD CAT AND TREE ,0
2011-03-29,22718,CARD CAT AND TREE ,12
2011-03-30,22718,CARD CAT AND TREE ,13
2011-03-31,22718,CARD CAT AND TREE ,1
2011-04-01,22718,CARD CAT AND TREE ,12
2011-04-02,22718,CARD CAT AND TREE ,0
2011-04-03,22718,CARD CAT AND TREE ,24
2011-04-04,22718,CARD CAT AND TREE ,0
2011-04-05,22718,CARD CAT AND TREE ,0
2011-04-06,22718,CARD CAT AND TREE ,0
2011-04-07,22718,CARD CAT AND TREE ,0
2011-04-08,22718,CARD CAT AND TREE ,12
2011-04-09,22718,CARD CAT AND TREE ,0
2011-04-10,22718,CARD CAT AND TREE ,0
2011-04-11,22718,CARD CAT AND TREE ,0
2011-04-12,22718,CARD CAT AND TREE ,0
2011-04-13,22718,CARD CAT AND TREE ,0
2011-04-14,22718,CARD CAT AND TREE ,0
2011-04-15,22718,CARD CAT AND TREE ,12
2011-04-16,22718,CARD CAT AND TREE ,0
2011-04-17,22718,CARD CAT AND TREE ,0
2011-04-18,22718,CARD CAT AND TREE ,1
2011-04-19,22718,CARD CAT AND TREE ,0
2011-04-20,22718,CARD CAT AND TREE ,0
2011-04-21,22718,CARD CAT AND TREE ,12
2011-04-22,22718,CARD CAT AND TREE ,0
2011-04-23,22718,CARD CAT AND TREE ,0
2011-04-24,22718,CARD CAT AND TREE ,0
2011-04-25,22718,CARD CAT AND TREE ,0
2011-04-26,22718,CARD CAT AND TREE ,2
2011-04-27,22718,CARD CAT AND TREE ,0
2011-04-28,22718,CARD CAT AND TREE ,0
2011-04-29,22718,CARD CAT AND TREE ,0
2011-04-30,22718,CARD CAT AND TREE ,0
2011-05-01,22718,CARD CAT AND TREE ,0
2011-05-02,22718,CARD CAT AND TREE ,0
2011-05-03,22718,CARD CAT AND TREE ,0
2011-05-04,22718,CARD CAT AND TREE ,0
2011-05-05,22718,CARD CAT AND TREE ,0
2011-05-06,22718,CARD CAT AND TREE ,4
2011-05-07,22718,CARD CAT AND TREE ,0
2011-05-08,22718,CARD CAT AND TREE ,0
2011-05-09,22718,CARD CAT AND TREE ,25
2011-05-10,22718,CARD CAT AND TREE ,12
2011-05-11,22718,CARD CAT AND TREE ,0
2011-05-12,22718,CARD CAT AND TREE ,12
2011-05-13,22718,CARD CAT AND TREE ,12
2011-05-14,22718,CARD CAT AND TREE ,0
2011-05-15,22718,CARD CAT AND TREE ,12
2011-05-16,22718,CARD CAT AND TREE ,0
2011-05-17,22718,CARD CAT AND TREE ,0
2011-05-18,22718,CARD CAT AND TREE ,24
2011-05-19,22718,CARD CAT AND TREE ,0
2011-05-20,22718,CARD CAT AND TREE ,12
2011-05-21,22718,CARD CAT AND TREE ,0
2011-05-22,22718,CARD CAT AND TREE ,36
2011-05-23,22718,CARD CAT AND TREE ,0
2011-05-24,22718,CARD CAT AND TREE ,1
2011-05-25,22718,CARD CAT AND TREE ,1
2011-05-26,22718,CARD CAT AND TREE ,0
2011-05-27,22718,CARD CAT AND TREE ,0
2011-05-28,22718,CARD CAT AND TREE ,0
2011-05-29,22718,CARD CAT AND TREE ,0
2011-05-30,22718,CARD CAT AND TREE ,0
2011-05-31,22718,CARD CAT AND TREE ,0
2011-06-01,22718,CARD CAT AND TREE ,2
2011-06-02,22718,CARD CAT AND TREE ,0
2011-06-03,22718,CARD CAT AND TREE ,0
2011-06-04,22718,CARD CAT AND TREE ,0
2011-06-05,22718,CARD CAT AND TREE ,0
2011-06-06,22718,CARD CAT AND TREE ,24
2011-06-07,22718,CARD CAT AND TREE ,0
2011-06-08,22718,CARD CAT AND TREE ,0
2011-06-09,22718,CARD CAT AND TREE ,0
2011-06-10,22718,CARD CAT AND TREE ,0
2011-06-11,22718,CARD CAT AND TREE ,0
2011-06-12,22718,CARD CAT AND TREE ,0
2011-06-13,22718,CARD CAT AND TREE ,0
2011-06-14,22718,CARD CAT AND TREE ,12
2011-06-15,22718,CARD CAT AND TREE ,0
2011-06-16,22718,CARD CAT AND TREE ,0
2011-06-17,22718,CARD CAT AND TREE ,0
2011-06-18,22718,CARD CAT AND TREE ,0
2011-06-19,22718,CARD CAT AND TREE ,12
2011-06-20,22718,CARD CAT AND TREE ,13
2011-06-21,22718,CARD CAT AND TREE ,0
2011-06-22,22718,CARD CAT AND TREE ,0
2011-06-23,22718,CARD CAT AND TREE ,12
2011-06-24,22718,CARD CAT AND TREE ,0
2011-06-25,22718,CARD CAT AND TREE ,0
2011-06-26,22718,CARD CAT AND TREE ,0
2011-06-27,22718,CARD CAT AND TREE ,24
2011-06-28,22718,CARD CAT AND TREE ,0
2011-06-29,22718,CARD CAT AND TREE ,13
2011-06-30,22718,CARD CAT AND TREE ,12
2011-07-01,22718,CARD CAT AND TREE ,0
2011-07-02,22718,CARD CAT AND TREE ,0
2011-07-03,22718,CARD CAT AND TREE ,0
2011-07-04,22718,CARD CAT AND TREE ,1
2011-07-05,22718,CARD CAT AND TREE ,1
2011-07-06,22718,CARD CAT AND TREE ,0
2011-07-07,22718,CARD CAT AND TREE ,1
2011-07-08,22718,CARD CAT AND TREE ,0
2011-07-09,22718,CARD CAT AND TREE ,0
2011-07-10,22718,CARD CAT AND TREE ,0
2011-07-11,22718,CARD CAT AND TREE ,2
2011-07-12,22718,CARD CAT AND TREE ,14
2011-07-13,22718,CARD CAT AND TREE ,0
2011-07-14,22718,CARD CAT AND TREE ,0
2011-07-15,22718,CARD CAT AND TREE ,0
2011-07-16,22718,CARD CAT AND TREE ,0
2011-07-17,22718,CARD CAT AND TREE ,12
2011-07-18,22718,CARD CAT AND TREE ,4
2011-07-19,22718,CARD CAT AND TREE ,0
2011-07-20,22718,CARD CAT AND TREE ,2
2011-07-21,22718,CARD CAT AND TREE ,0
2011-07-22,22718,CARD CAT AND TREE ,0
2011-07-23,22718,CARD CAT AND TREE ,0
2011-07-24,22718,CARD CAT AND TREE ,0
2011-07-25,22718,CARD CAT AND TREE ,0
2011-07-26,22718,CARD CAT AND TREE ,0
2011-07-27,22718,CARD CAT AND TREE ,0
2011-07-28,22718,CARD CAT AND TREE ,12
2011-07-29,22718,CARD CAT AND TREE ,0
2011-07-30,22718,CARD CAT AND TREE ,0
2011-07-31,22718,CARD CAT AND TREE ,0
2011-08-01,22718,CARD CAT AND TREE ,12
2011-08-02,22718,CARD CAT AND TREE ,12
2011-08-03,22718,CARD CAT AND TREE ,0
2011-08-04,22718,CARD CAT AND TREE ,0
2011-08-05,22718,CARD CAT AND TREE ,12
2011-08-06,22718,CARD CAT AND TREE ,0
2011-08-07,22718,CARD CAT AND TREE ,0
2011-08-08,22718,CARD CAT AND TREE ,0
2011-08-09,22718,CARD CAT AND TREE ,0
2011-08-10,22718,CARD CAT AND TREE ,13
2011-08-11,22718,CARD CAT AND TREE ,12
2011-08-12,22718,CARD CAT AND TREE ,0
2011-08-13,22718,CARD CAT AND TREE ,0
2011-08-14,22718,CARD CAT AND TREE ,0
2011-08-15,22718,CARD CAT AND TREE ,0
2011-08-16,22718,CARD CAT AND TREE ,12
2011-08-17,22718,CARD CAT AND TREE ,0
2011-08-18,22718,CARD CAT AND TREE ,12
2011-08-19,22718,CARD CAT AND TREE ,0
2011-08-20,22718,CARD CAT AND TREE ,0
2011-08-21,22718,CARD CAT AND TREE ,0
2011-08-22,22718,CARD CAT AND TREE ,0
2011-08-23,22718,CARD CAT AND TREE ,0
2011-08-24,22718,CARD CAT AND TREE ,0
2011-08-25,22718,CARD CAT AND TREE ,12
2011-08-26,22718,CARD CAT AND TREE ,0
2011-08-27,22718,CARD CAT AND TREE ,0
2011-08-28,22718,CARD CAT AND TREE ,36
2011-08-29,22718,CARD CAT AND TREE ,0
2011-08-30,22718,CARD CAT AND TREE ,3
2011-08-31,22718,CARD CAT AND TREE ,1
2011-09-01,22718,CARD CAT AND TREE ,0
2011-09-02,22718,CARD CAT AND TREE ,24
2011-09-03,22718,CARD CAT AND TREE ,0
2011-09-04,22718,CARD CAT AND TREE ,24
2011-09-05,22718,CARD CAT AND TREE ,12
2011-09-06,22718,CARD CAT AND TREE ,24
2011-09-07,22718,CARD CAT AND TREE ,15
2011-09-08,22718,CARD CAT AND TREE ,0
2011-09-09,22718,CARD CAT AND TREE ,0
2011-09-10,22718,CARD CAT AND TREE ,0
2011-09-11,22718,CARD CAT AND TREE ,0
2011-09-12,22718,CARD CAT AND TREE ,0
2011-09-13,22718,CARD CAT AND TREE ,48
2011-09-14,22718,CARD CAT AND TREE ,19
2011-09-15,22718,CARD CAT AND TREE ,0
2011-09-16,22718,CARD CAT AND TREE ,0
2011-09-17,22718,CARD CAT AND TREE ,0
2011-09-18,22718,CARD CAT AND TREE ,12
2011-09-19,22718,CARD CAT AND TREE ,0
2011-09-20,22718,CARD CAT AND TREE ,0
2011-09-21,22718,CARD CAT AND TREE ,13
2011-09-22,22718,CARD CAT AND TREE ,0
2011-09-23,22718,CARD CAT AND TREE ,0
2011-09-24,22718,CARD CAT AND TREE ,0
2011-09-25,22718,CARD CAT AND TREE ,12
2011-09-26,22718,CARD CAT AND TREE ,0
2011-09-27,22718,CARD CAT AND TREE ,13
2011-09-28,22718,CARD CAT AND TREE ,2
2011-09-29,22718,CARD CAT AND TREE ,0
2011-09-30,22718,CARD CAT AND TREE ,0
2011-10-01,22718,CARD CAT AND TREE ,0
2011-10-02,22718,CARD CAT AND TREE ,0
2011-10-03,22718,CARD CAT AND TREE ,0
2011-10-04,22718,CARD CAT AND TREE ,1
2011-10-05,22718,CARD CAT AND TREE ,12
2011-10-06,22718,CARD CAT AND TREE ,0
2011-10-07,22718,CARD CAT AND TREE ,13
2011-10-08,22718,CARD CAT AND TREE ,0
2011-10-09,22718,CARD CAT AND TREE ,0
2011-10-10,22718,CARD CAT AND TREE ,12
2011-10-11,22718,CARD CAT AND TREE ,12
2011-10-12,22718,CARD CAT AND TREE ,0
2011-10-13,22718,CARD CAT AND TREE ,0
2011-10-14,22718,CARD CAT AND TREE ,24
2011-10-15,22718,CARD CAT AND TREE ,0
2011-10-16,22718,CARD CAT AND TREE ,0
2011-10-17,22718,CARD CAT AND TREE ,0
2011-10-18,22718,CARD CAT AND TREE ,2
2011-10-19,22718,CARD CAT AND TREE ,12
2011-10-20,22718,CARD CAT AND TREE ,0
2011-10-21,22718,CARD CAT AND TREE ,0
2011-10-22,22718,CARD CAT AND TREE ,0
2011-10-23,22718,CARD CAT AND TREE ,0
2011-10-24,22718,CARD CAT AND TREE ,0
2011-10-25,22718,CARD CAT AND TREE ,0
2011-10-26,22718,CARD CAT AND TREE ,0
2011-10-27,22718,CARD CAT AND TREE ,0
2011-10-28,22718,CARD CAT AND TREE ,0
2011-10-29,22718,CARD CAT AND TREE ,0
2011-10-30,22718,CARD CAT AND TREE ,0
2011-10-31,22718,CARD CAT AND TREE ,6
2011-11-01,22718,CARD CAT AND TREE ,0
2011-11-02,22718,CARD CAT AND TREE ,1
2011-11-03,22718,CARD CAT AND TREE ,12
2011-11-04,22718,CARD CAT AND TREE ,12
2011-11-05,22718,CARD CAT AND TREE ,0
2011-11-06,22718,CARD CAT AND TREE ,24
2011-11-07,22718,CARD CAT AND TREE ,0
2011-11-08,22718,CARD CAT AND TREE ,0
2011-11-09,22718,CARD CAT AND TREE ,12
2011-11-10,22718,CARD CAT AND TREE ,0
2010-12-01,22781,GUMBALL MAGAZINE RACK,3
2010-12-02,22781,GUMBALL MAGAZINE RACK,2
2010-12-03,22781,GUMBALL MAGAZINE RACK,4
2010-12-04,22781,GUMBALL MAGAZINE RACK,0
2010-12-05,22781,GUMBALL MAGAZINE RACK,2
2010-12-06,22781,GUMBALL MAGAZINE RACK,1
2010-12-07,22781,GUMBALL MAGAZINE RACK,1
2010-12-08,22781,GUMBALL MAGAZINE RACK,9
2010-12-09,22781,GUMBALL MAGAZINE RACK,0
2010-12-10,22781,GUMBALL MAGAZINE RACK,3
2010-12-11,22781,GUMBALL MAGAZINE RACK,0
2010-12-12,22781,GUMBALL MAGAZINE RACK,0
2010-12-13,22781,GUMBALL MAGAZINE RACK,3
2010-12-14,22781,GUMBALL MAGAZINE RACK,2
2010-12-15,22781,GUMBALL MAGAZINE RACK,3
2010-12-16,22781,GUMBALL MAGAZINE RACK,7
2010-12-17,22781,GUMBALL MAGAZINE RACK,0
2010-12-18,22781,GUMBALL MAGAZINE RACK,0
2010-12-19,22781,GUMBALL MAGAZINE RACK,0
2010-12-20,22781,GUMBALL MAGAZINE RACK,1
2010-12-21,22781,GUMBALL MAGAZINE RACK,0
2010-12-22,22781,GUMBALL MAGAZINE RACK,0
2010-12-23,22781,GUMBALL MAGAZINE RACK,0
2010-12-24,22781,GUMBALL MAGAZINE RACK,0
2010-12-25,22781,GUMBALL MAGAZINE RACK,0
2010-12-26,22781,GUMBALL MAGAZINE RACK,0
2010-12-27,22781,GUMBALL MAGAZINE RACK,0
2010-12-28,22781,GUMBALL MAGAZINE RACK,0
2010-12-29,22781,GUMBALL MAGAZINE RACK,0
2010-12-30,22781,GUMBALL MAGAZINE RACK,0
2010-12-31,22781,GUMBALL MAGAZINE RACK,0
2011-01-01,22781,GUMBALL MAGAZINE RACK,0
2011-01-02,22781,GUMBALL MAGAZINE RACK,0
2011-01-03,22781,GUMBALL MAGAZINE RACK,0
2011-01-04,22781,GUMBALL MAGAZINE RACK,2
2011-01-05,22781,GUMBALL MAGAZINE RACK,0
2011-01-06,22781,GUMBALL MAGAZINE RACK,0
2011-01-07,22781,GUMBALL MAGAZINE RACK,0
2011-01-08,22781,GUMBALL MAGAZINE RACK,0
2011-01-09,22781,GUMBALL MAGAZINE RACK,2
2011-01-10,22781,GUMBALL MAGAZINE RACK,10
2011-01-11,22781,GUMBALL MAGAZINE RACK,0
2011-01-12,22781,GUMBALL MAGAZINE RACK,0
2011-01-13,22781,GUMBALL MAGAZINE RACK,0
2011-01-14,22781,GUMBALL MAGAZINE RACK,0
2011-01-15,22781,GUMBALL MAGAZINE RACK,0
2011-01-16,22781,GUMBALL MAGAZINE RACK,0
2011-01-17,22781,GUMBALL MAGAZINE RACK,0
2011-01-18,22781,GUMBALL MAGAZINE RACK,0
2011-01-19,22781,GUMBALL MAGAZINE RACK,3
2011-01-20,22781,GUMBALL MAGAZINE RACK,1
2011-01-21,22781,GUMBALL MAGAZINE RACK,14
2011-01-22,22781,GUMBALL MAGAZINE RACK,0
2011-01-23,22781,GUMBALL MAGAZINE RACK,0
2011-01-24,22781,GUMBALL MAGAZINE RACK,0
2011-01-25,22781,GUMBALL MAGAZINE RACK,0
2011-01-26,22781,GUMBALL MAGAZINE RACK,1
2011-01-27,22781,GUMBALL MAGAZINE RACK,1
2011-01-28,22781,GUMBALL MAGAZINE RACK,12
2011-01-29,22781,GUMBALL MAGAZINE RACK,0
2011-01-30,22781,GUMBALL MAGAZINE RACK,0
2011-01-31,22781,GUMBALL MAGAZINE RACK,1
2011-02-01,22781,GUMBALL MAGAZINE RACK,0
2011-02-02,22781,GUMBALL MAGAZINE RACK,2
2011-02-03,22781,GUMBALL MAGAZINE RACK,2
2011-02-04,22781,GUMBALL MAGAZINE RACK,2
2011-02-05,22781,GUMBALL MAGAZINE RACK,0
2011-02-06,22781,GUMBALL MAGAZINE RACK,0
2011-02-07,22781,GUMBALL MAGAZINE RACK,1
2011-02-08,22781,GUMBALL MAGAZINE RACK,0
2011-02-09,22781,GUMBALL MAGAZINE RACK,0
2011-02-10,22781,GUMBALL MAGAZINE RACK,2
2011-02-11,22781,GUMBALL MAGAZINE RACK,1
2011-02-12,22781,GUMBALL MAGAZINE RACK,0
2011-02-13,22781,GUMBALL MAGAZINE RACK,0
2011-02-14,22781,GUMBALL MAGAZINE RACK,0
2011-02-15,22781,GUMBALL MAGAZINE RACK,8
2011-02-16,22781,GUMBALL MAGAZINE RACK,0
2011-02-17,22781,GUMBALL MAGAZINE RACK,0
2011-02-18,22781,GUMBALL MAGAZINE RACK,0
2011-02-19,22781,GUMBALL MAGAZINE RACK,0
2011-02-20,22781,GUMBALL MAGAZINE RACK,0
2011-02-21,22781,GUMBALL MAGAZINE RACK,0
2011-02-22,22781,GUMBALL MAGAZINE RACK,8
2011-02-23,22781,GUMBALL MAGAZINE RACK,1
2011-02-24,22781,GUMBALL MAGAZINE RACK,0
2011-02-25,22781,GUMBALL MAGAZINE RACK,0
2011-02-26,22781,GUMBALL MAGAZINE RACK,0
2011-02-27,22781,GUMBALL MAGAZINE RACK,1
2011-02-28,22781,GUMBALL MAGAZINE RACK,3
2011-03-01,22781,GUMBALL MAGAZINE RACK,0
2011-03-02,22781,GUMBALL MAGAZINE RACK,2
2011-03-03,22781,GUMBALL MAGAZINE RACK,0
2011-03-04,22781,GUMBALL MAGAZINE RACK,0
2011-03-05,22781,GUMBALL MAGAZINE RACK,0
2011-03-06,22781,GUMBALL MAGAZINE RACK,1
2011-03-07,22781,GUMBALL MAGAZINE RACK,5
2011-03-08,22781,GUMBALL MAGAZINE RACK,2
2011-03-09,22781,GUMBALL MAGAZINE RACK,0
2011-03-10,22781,GUMBALL MAGAZINE RACK,0
2011-03-11,22781,GUMBALL MAGAZINE RACK,0
2011-03-12,22781,GUMBALL MAGAZINE RACK,0
2011-03-13,22781,GUMBALL MAGAZINE RACK,0
2011-03-14,22781,GUMBALL MAGAZINE RACK,1
2011-03-15,22781,GUMBALL MAGAZINE RACK,2
2011-03-16,22781,GUMBALL MAGAZINE RACK,16
2011-03-17,22781,GUMBALL MAGAZINE RACK,1
2011-03-18,22781,GUMBALL MAGAZINE RACK,12
2011-03-19,22781,GUMBALL MAGAZINE RACK,0
2011-03-20,22781,GUMBALL MAGAZINE RACK,2
2011-03-21,22781,GUMBALL MAGAZINE RACK,0
2011-03-22,22781,GUMBALL MAGAZINE RACK,0
2011-03-23,22781,GUMBALL MAGAZINE RACK,2
2011-03-24,22781,GUMBALL MAGAZINE RACK,0
2011-03-25,22781,GUMBALL MAGAZINE RACK,0
2011-03-26,22781,GUMBALL MAGAZINE RACK,0
2011-03-27,22781,GUMBALL MAGAZINE RACK,0
2011-03-28,22781,GUMBALL MAGAZINE RACK,7
2011-03-29,22781,GUMBALL MAGAZINE RACK,2
2011-03-30,22781,GUMBALL MAGAZINE RACK,0
2011-03-31,22781,GUMBALL MAGAZINE RACK,0
2011-04-01,22781,GUMBALL MAGAZINE RACK,1
2011-04-02,22781,GUMBALL MAGAZINE RACK,0
2011-04-03,22781,GUMBALL MAGAZINE RACK,0
2011-04-04,22781,GUMBALL MAGAZINE RACK,2
2011-04-05,22781,GUMBALL MAGAZINE RACK,0
2011-04-06,22781,GUMBALL MAGAZINE RACK,12
2011-04-07,22781,GUMBALL MAGAZINE RACK,1
2011-04-08,22781,GUMBALL MAGAZINE RACK,0
2011-04-09,22781,GUMBALL MAGAZINE RACK,0
2011-04-10,22781,GUMBALL MAGAZINE RACK,0
2011-04-11,22781,GUMBALL MAGAZINE RACK,0
2011-04-12,22781,GUMBALL MAGAZINE RACK,2
2011-04-13,22781,GUMBALL MAGAZINE RACK,0
2011-04-14,22781,GUMBALL MAGAZINE RACK,0
2011-04-15,22781,GUMBALL MAGAZINE RACK,0
2011-04-16,22781,GUMBALL MAGAZINE RACK,0
2011-04-17,22781,GUMBALL MAGAZINE RACK,0
2011-04-18,22781,GUMBALL MAGAZINE RACK,6
2011-04-19,22781,GUMBALL MAGAZINE RACK,0
2011-04-20,22781,GUMBALL MAGAZINE RACK,6
2011-04-21,22781,GUMBALL MAGAZINE RACK,2
2011-04-22,22781,GUMBALL MAGAZINE RACK,0
2011-04-23,22781,GUMBALL MAGAZINE RACK,0
2011-04-24,22781,GUMBALL MAGAZINE RACK,0
2011-04-25,22781,GUMBALL MAGAZINE RACK,0
2011-04-26,22781,GUMBALL MAGAZINE RACK,0
2011-04-27,22781,GUMBALL MAGAZINE RACK,3
2011-04-28,22781,GUMBALL MAGAZINE RACK,26
2011-04-29,22781,GUMBALL MAGAZINE RACK,0
2011-04-30,22781,GUMBALL MAGAZINE RACK,0
2011-05-01,22781,GUMBALL MAGAZINE RACK,2
2011-05-02,22781,GUMBALL MAGAZINE RACK,0
2011-05-03,22781,GUMBALL MAGAZINE RACK,0
2011-05-04,22781,GUMBALL MAGAZINE RACK,0
2011-05-05,22781,GUMBALL MAGAZINE RACK,0
2011-05-06,22781,GUMBALL MAGAZINE RACK,2
2011-05-07,22781,GUMBALL MAGAZINE RACK,0
2011-05-08,22781,GUMBALL MAGAZINE RACK,3
2011-05-09,22781,GUMBALL MAGAZINE RACK,2
2011-05-10,22781,GUMBALL MAGAZINE RACK,1
2011-05-11,22781,GUMBALL MAGAZINE RACK,0
2011-05-12,22781,GUMBALL MAGAZINE RACK,2
2011-05-13,22781,GUMBALL MAGAZINE RACK,0
2011-05-14,22781,GUMBALL MAGAZINE RACK,0
2011-05-15,22781,GUMBALL MAGAZINE RACK,0
2011-05-16,22781,GUMBALL MAGAZINE RACK,1
2011-05-17,22781,GUMBALL MAGAZINE RACK,0
2011-05-18,22781,GUMBALL MAGAZINE RACK,0
2011-05-19,22781,GUMBALL MAGAZINE RACK,4
2011-05-20,22781,GUMBALL MAGAZINE RACK,3
2011-05-21,22781,GUMBALL MAGAZINE RACK,0
2011-05-22,22781,GUMBALL MAGAZINE RACK,0
2011-05-23,22781,GUMBALL MAGAZINE RACK,1
2011-05-24,22781,GUMBALL MAGAZINE RACK,0
2011-05-25,22781,GUMBALL MAGAZINE RACK,0
2011-05-26,22781,GUMBALL MAGAZINE RACK,0
2011-05-27,22781,GUMBALL MAGAZINE RACK,0
2011-05-28,22781,GUMBALL MAGAZINE RACK,0
2011-05-29,22781,GUMBALL MAGAZINE RACK,0
2011-05-30,22781,GUMBALL MAGAZINE RACK,0
2011-05-31,22781,GUMBALL MAGAZINE RACK,7
2011-06-01,22781,GUMBALL MAGAZINE RACK,3
2011-06-02,22781,GUMBALL MAGAZINE RACK,33
2011-06-03,22781,GUMBALL MAGAZINE RACK,0
2011-06-04,22781,GUMBALL MAGAZINE RACK,0
2011-06-05,22781,GUMBALL MAGAZINE RACK,2
2011-06-06,22781,GUMBALL MAGAZINE RACK,2
2011-06-07,22781,GUMBALL MAGAZINE RACK,3
2011-06-08,22781,GUMBALL MAGAZINE RACK,25
2011-06-09,22781,GUMBALL MAGAZINE RACK,0
2011-06-10,22781,GUMBALL MAGAZINE RACK,3
2011-06-11,22781,GUMBALL MAGAZINE RACK,0
2011-06-12,22781,GUMBALL MAGAZINE RACK,0
2011-06-13,22781,GUMBALL MAGAZINE RACK,4
2011-06-14,22781,GUMBALL MAGAZINE RACK,1
2011-06-15,22781,GUMBALL MAGAZINE RACK,1
2011-06-16,22781,GUMBALL MAGAZINE RACK,3
2011-06-17,22781,GUMBALL MAGAZINE RACK,12
2011-06-18,22781,GUMBALL MAGAZINE RACK,0
2011-06-19,22781,GUMBALL MAGAZINE RACK,4
2011-06-20,22781,GUMBALL MAGAZINE RACK,0
2011-06-21,22781,GUMBALL MAGAZINE RACK,0
2011-06-22,22781,GUMBALL MAGAZINE RACK,1
2011-06-23,22781,GUMBALL MAGAZINE RACK,0
2011-06-24,22781,GUMBALL MAGAZINE RACK,0
2011-06-25,22781,GUMBALL MAGAZINE RACK,0
2011-06-26,22781,GUMBALL MAGAZINE RACK,3
2011-06-27,22781,GUMBALL MAGAZINE RACK,1
2011-06-28,22781,GUMBALL MAGAZINE RACK,0
2011-06-29,22781,GUMBALL MAGAZINE RACK,1
2011-06-30,22781,GUMBALL MAGAZINE RACK,0
2011-07-01,22781,GUMBALL MAGAZINE RACK,0
2011-07-02,22781,GUMBALL MAGAZINE RACK,0
2011-07-03,22781,GUMBALL MAGAZINE RACK,0
2011-07-04,22781,GUMBALL MAGAZINE RACK,1
2011-07-05,22781,GUMBALL MAGAZINE RACK,0
2011-07-06,22781,GUMBALL MAGAZINE RACK,0
2011-07-07,22781,GUMBALL MAGAZINE RACK,0
2011-07-08,22781,GUMBALL MAGAZINE RACK,0
2011-07-09,22781,GUMBALL MAGAZINE RACK,0
2011-07-10,22781,GUMBALL MAGAZINE RACK,0
2011-07-11,22781,GUMBALL MAGAZINE RACK,6
2011-07-12,22781,GUMBALL MAGAZINE RACK,2
2011-07-13,22781,GUMBALL MAGAZINE RACK,0
2011-07-14,22781,GUMBALL MAGAZINE RACK,3
2011-07-15,22781,GUMBALL MAGAZINE RACK,0
2011-07-16,22781,GUMBALL MAGAZINE RACK,0
2011-07-17,22781,GUMBALL MAGAZINE RACK,0
2011-07-18,22781,GUMBALL MAGAZINE RACK,0
2011-07-19,22781,GUMBALL MAGAZINE RACK,2
2011-07-20,22781,GUMBALL MAGAZINE RACK,1
2011-07-21,22781,GUMBALL MAGAZINE RACK,0
2011-07-22,22781,GUMBALL MAGAZINE RACK,0
2011-07-23,22781,GUMBALL MAGAZINE RACK,0
2011-07-24,22781,GUMBALL MAGAZINE RACK,13
2011-07-25,22781,GUMBALL MAGAZINE RACK,0
2011-07-26,22781,GUMBALL MAGAZINE RACK,2
2011-07-27,22781,GUMBALL MAGAZINE RACK,0
2011-07-28,22781,GUMBALL MAGAZINE RACK,12
2011-07-29,22781,GUMBALL MAGAZINE RACK,2
2011-07-30,22781,GUMBALL MAGAZINE RACK,0
2011-07-31,22781,GUMBALL MAGAZINE RACK,0
2011-08-01,22781,GUMBALL MAGAZINE RACK,3
2011-08-02,22781,GUMBALL MAGAZINE RACK,1
2011-08-03,22781,GUMBALL MAGAZINE RACK,0
2011-08-04,22781,GUMBALL MAGAZINE RACK,0
2011-08-05,22781,GUMBALL MAGAZINE RACK,2
2011-08-06,22781,GUMBALL MAGAZINE RACK,0
2011-08-07,22781,GUMBALL MAGAZINE RACK,0
2011-08-08,22781,GUMBALL MAGAZINE RACK,0
2011-08-09,22781,GUMBALL MAGAZINE RACK,0
2011-08-10,22781,GUMBALL MAGAZINE RACK,2
2011-08-11,22781,GUMBALL MAGAZINE RACK,0
2011-08-12,22781,GUMBALL MAGAZINE RACK,12
2011-08-13,22781,GUMBALL MAGAZINE RACK,0
2011-08-14,22781,GUMBALL MAGAZINE RACK,0
2011-08-15,22781,GUMBALL MAGAZINE RACK,0
2011-08-16,22781,GUMBALL MAGAZINE RACK,0
2011-08-17,22781,GUMBALL MAGAZINE RACK,0
2011-08-18,22781,GUMBALL MAGAZINE RACK,0
2011-08-19,22781,GUMBALL MAGAZINE RACK,0
2011-08-20,22781,GUMBALL MAGAZINE RACK,0
2011-08-21,22781,GUMBALL MAGAZINE RACK,4
2011-08-22,22781,GUMBALL MAGAZINE RACK,0
2011-08-23,22781,GUMBALL MAGAZINE RACK,4
2011-08-24,22781,GUMBALL MAGAZINE RACK,4
2011-08-25,22781,GUMBALL MAGAZINE RACK,2
2011-08-26,22781,GUMBALL MAGAZINE RACK,0
2011-08-27,22781,GUMBALL MAGAZINE RACK,0
2011-08-28,22781,GUMBALL MAGAZINE RACK,0
2011-08-29,22781,GUMBALL MAGAZINE RACK,0
2011-08-30,22781,GUMBALL MAGAZINE RACK,2
2011-08-31,22781,GUMBALL MAGAZINE RACK,1
2011-09-01,22781,GUMBALL MAGAZINE RACK,12
2011-09-02,22781,GUMBALL MAGAZINE RACK,2
2011-09-03,22781,GUMBALL MAGAZINE RACK,0
2011-09-04,22781,GUMBALL MAGAZINE RACK,0
2011-09-05,22781,GUMBALL MAGAZINE RACK,6
2011-09-06,22781,GUMBALL MAGAZINE RACK,0
2011-09-07,22781,GUMBALL MAGAZINE RACK,1
2011-09-08,22781,GUMBALL MAGAZINE RACK,0
2011-09-09,22781,GUMBALL MAGAZINE RACK,0
2011-09-10,22781,GUMBALL MAGAZINE RACK,0
2011-09-11,22781,GUMBALL MAGAZINE RACK,0
2011-09-12,22781,GUMBALL MAGAZINE RACK,0
2011-09-13,22781,GUMBALL MAGAZINE RACK,0
2011-09-14,22781,GUMBALL MAGAZINE RACK,1
2011-09-15,22781,GUMBALL MAGAZINE RACK,6
2011-09-16,22781,GUMBALL MAGAZINE RACK,2
2011-09-17,22781,GUMBALL MAGAZINE RACK,0
2011-09-18,22781,GUMBALL MAGAZINE RACK,0
2011-09-19,22781,GUMBALL MAGAZINE RACK,0
2011-09-20,22781,GUMBALL MAGAZINE RACK,4
2011-09-21,22781,GUMBALL MAGAZINE RACK,8
2011-09-22,22781,GUMBALL MAGAZINE RACK,1
2011-09-23,22781,GUMBALL MAGAZINE RACK,1
2011-09-24,22781,GUMBALL MAGAZINE RACK,0
2011-09-25,22781,GUMBALL MAGAZINE RACK,2
2011-09-26,22781,GUMBALL MAGAZINE RACK,1
2011-09-27,22781,GUMBALL MAGAZINE RACK,0
2011-09-28,22781,GUMBALL MAGAZINE RACK,4
2011-09-29,22781,GUMBALL MAGAZINE RACK,0
2011-09-30,22781,GUMBALL MAGAZINE RACK,1
2011-10-01,22781,GUMBALL MAGAZINE RACK,0
2011-10-02,22781,GUMBALL MAGAZINE RACK,0
2011-10-03,22781,GUMBALL MAGAZINE RACK,12
2011-10-04,22781,GUMBALL MAGAZINE RACK,0
2011-10-05,22781,GUMBALL MAGAZINE RACK,0
2011-10-06,22781,GUMBALL MAGAZINE RACK,0
2011-10-07,22781,GUMBALL MAGAZINE RACK,0
2011-10-08,22781,GUMBALL MAGAZINE RACK,0
2011-10-09,22781,GUMBALL MAGAZINE RACK,0
2011-10-10,22781,GUMBALL MAGAZINE RACK,2
2011-10-11,22781,GUMBALL MAGAZINE RACK,0
2011-10-12,22781,GUMBALL MAGAZINE RACK,1
2011-10-13,22781,GUMBALL MAGAZINE RACK,0
2011-10-14,22781,GUMBALL MAGAZINE RACK,10
2011-10-15,22781,GUMBALL MAGAZINE RACK,0
2011-10-16,22781,GUMBALL MAGAZINE RACK,1
2011-10-17,22781,GUMBALL MAGAZINE RACK,2
2011-10-18,22781,GUMBALL MAGAZINE RACK,4
2011-10-19,22781,GUMBALL MAGAZINE RACK,0
2011-10-20,22781,GUMBALL MAGAZINE RACK,1
2011-10-21,22781,GUMBALL MAGAZINE RACK,0
2011-10-22,22781,GUMBALL MAGAZINE RACK,0
2011-10-23,22781,GUMBALL MAGAZINE RACK,0
2011-10-24,22781,GUMBALL MAGAZINE RACK,2
2011-10-25,22781,GUMBALL MAGAZINE RACK,2
2011-10-26,22781,GUMBALL MAGAZINE RACK,0
2011-10-27,22781,GUMBALL MAGAZINE RACK,1
2011-10-28,22781,GUMBALL MAGAZINE RACK,1
2011-10-29,22781,GUMBALL MAGAZINE RACK,0
2011-10-30,22781,GUMBALL MAGAZINE RACK,2
2011-10-31,22781,GUMBALL MAGAZINE RACK,4
2011-11-01,22781,GUMBALL MAGAZINE RACK,0
2011-11-02,22781,GUMBALL MAGAZINE RACK,1
2011-11-03,22781,GUMBALL MAGAZINE RACK,2
2011-11-04,22781,GUMBALL MAGAZINE RACK,1
2011-11-05,22781,GUMBALL MAGAZINE RACK,0
2011-11-06,22781,GUMBALL MAGAZINE RACK,0
2011-11-07,22781,GUMBALL MAGAZINE RACK,7
2011-11-08,22781,GUMBALL MAGAZINE RACK,3
2011-11-09,22781,GUMBALL MAGAZINE RACK,4
2011-11-10,22781,GUMBALL MAGAZINE RACK,1
2010-12-01,22816,CARD MOTORBIKE SANTA,16
2010-12-02,22816,CARD MOTORBIKE SANTA,12
2010-12-03,22816,CARD MOTORBIKE SANTA,50
2010-12-04,22816,CARD MOTORBIKE SANTA,0
2010-12-05,22816,CARD MOTORBIKE SANTA,96
2010-12-06,22816,CARD MOTORBIKE SANTA,144
2010-12-07,22816,CARD MOTORBIKE SANTA,98
2010-12-08,22816,CARD MOTORBIKE SANTA,48
2010-12-09,22816,CARD MOTORBIKE SANTA,42
2010-12-10,22816,CARD MOTORBIKE SANTA,57
2010-12-11,22816,CARD MOTORBIKE SANTA,0
2010-12-12,22816,CARD MOTORBIKE SANTA,0
2010-12-13,22816,CARD MOTORBIKE SANTA,39
2010-12-14,22816,CARD MOTORBIKE SANTA,0
2010-12-15,22816,CARD MOTORBIKE SANTA,12
2010-12-16,22816,CARD MOTORBIKE SANTA,60
2010-12-17,22816,CARD MOTORBIKE SANTA,4
2010-12-18,22816,CARD MOTORBIKE SANTA,0
2010-12-19,22816,CARD MOTORBIKE SANTA,0
2010-12-20,22816,CARD MOTORBIKE SANTA,1
2010-12-21,22816,CARD MOTORBIKE SANTA,0
2010-12-22,22816,CARD MOTORBIKE SANTA,0
2010-12-23,22816,CARD MOTORBIKE SANTA,0
2010-12-24,22816,CARD MOTORBIKE SANTA,0
2010-12-25,22816,CARD MOTORBIKE SANTA,0
2010-12-26,22816,CARD MOTORBIKE SANTA,0
2010-12-27,22816,CARD MOTORBIKE SANTA,0
2010-12-28,22816,CARD MOTORBIKE SANTA,0
2010-12-29,22816,CARD MOTORBIKE SANTA,0
2010-12-30,22816,CARD MOTORBIKE SANTA,0
2010-12-31,22816,CARD MOTORBIKE SANTA,0
2011-01-01,22816,CARD MOTORBIKE SANTA,0
2011-01-02,22816,CARD MOTORBIKE SANTA,0
2011-01-03,22816,CARD MOTORBIKE SANTA,0
2011-01-04,22816,CARD MOTORBIKE SANTA,0
2011-01-05,22816,CARD MOTORBIKE SANTA,0
2011-01-06,22816,CARD MOTORBIKE SANTA,1
2011-01-07,22816,CARD MOTORBIKE SANTA,2
2011-01-08,22816,CARD MOTORBIKE SANTA,0
2011-01-09,22816,CARD MOTORBIKE SANTA,0
2011-01-10,22816,CARD MOTORBIKE SANTA,1
2011-01-11,22816,CARD MOTORBIKE SANTA,0
2011-01-12,22816,CARD MOTORBIKE SANTA,0
2011-01-13,22816,CARD MOTORBIKE SANTA,1
2011-01-14,22816,CARD MOTORBIKE SANTA,1
2011-01-15,22816,CARD MOTORBIKE SANTA,0
2011-01-16,22816,CARD MOTORBIKE SANTA,0
2011-01-17,22816,CARD MOTORBIKE SANTA,0
2011-01-18,22816,CARD MOTORBIKE SANTA,0
2011-01-19,22816,CARD MOTORBIKE SANTA,0
2011-01-20,22816,CARD MOTORBIKE SANTA,0
2011-01-21,22816,CARD MOTORBIKE SANTA,0
2011-01-22,22816,CARD MOTORBIKE SANTA,0
2011-01-23,22816,CARD MOTORBIKE SANTA,0
2011-01-24,22816,CARD MOTORBIKE SANTA,0
2011-01-25,22816,CARD MOTORBIKE SANTA,0
2011-01-26,22816,CARD MOTORBIKE SANTA,0
2011-01-27,22816,CARD MOTORBIKE SANTA,0
2011-01-28,22816,CARD MOTORBIKE SANTA,0
2011-01-29,22816,CARD MOTORBIKE SANTA,0
2011-01-30,22816,CARD MOTORBIKE SANTA,0
2011-01-31,22816,CARD MOTORBIKE SANTA,0
2011-02-01,22816,CARD MOTORBIKE SANTA,0
2011-02-02,22816,CARD MOTORBIKE SANTA,0
2011-02-03,22816,CARD MOTORBIKE SANTA,0
2011-02-04,22816,CARD MOTORBIKE SANTA,0
2011-02-05,22816,CARD MOTORBIKE SANTA,0
2011-02-06,22816,CARD MOTORBIKE SANTA,0
2011-02-07,22816,CARD MOTORBIKE SANTA,0
2011-02-08,22816,CARD MOTORBIKE SANTA,0
2011-02-09,22816,CARD MOTORBIKE SANTA,0
2011-02-10,22816,CARD MOTORBIKE SANTA,0
2011-02-11,22816,CARD MOTORBIKE SANTA,0
2011-02-12,22816,CARD MOTORBIKE SANTA,0
2011-02-13,22816,CARD MOTORBIKE SANTA,0
2011-02-14,22816,CARD MOTORBIKE SANTA,0
2011-02-15,22816,CARD MOTORBIKE SANTA,0
2011-02-16,22816,CARD MOTORBIKE SANTA,0
2011-02-17,22816,CARD MOTORBIKE SANTA,0
2011-02-18,22816,CARD MOTORBIKE SANTA,0
2011-02-19,22816,CARD MOTORBIKE SANTA,0
2011-02-20,22816,CARD MOTORBIKE SANTA,0
2011-02-21,22816,CARD MOTORBIKE SANTA,0
2011-02-22,22816,CARD MOTORBIKE SANTA,0
2011-02-23,22816,CARD MOTORBIKE SANTA,0
2011-02-24,22816,CARD MOTORBIKE SANTA,0
2011-02-25,22816,CARD MOTORBIKE SANTA,0
2011-02-26,22816,CARD MOTORBIKE SANTA,0
2011-02-27,22816,CARD MOTORBIKE SANTA,0
2011-02-28,22816,CARD MOTORBIKE SANTA,0
2011-03-01,22816,CARD MOTORBIKE SANTA,0
2011-03-02,22816,CARD MOTORBIKE SANTA,0
2011-03-03,22816,CARD MOTORBIKE SANTA,0
2011-03-04,22816,CARD MOTORBIKE SANTA,0
2011-03-05,22816,CARD MOTORBIKE SANTA,0
2011-03-06,22816,CARD MOTORBIKE SANTA,0
2011-03-07,22816,CARD MOTORBIKE SANTA,0
2011-03-08,22816,CARD MOTORBIKE SANTA,0
2011-03-09,22816,CARD MOTORBIKE SANTA,0
2011-03-10,22816,CARD MOTORBIKE SANTA,0
2011-03-11,22816,CARD MOTORBIKE SANTA,0
2011-03-12,22816,CARD MOTORBIKE SANTA,0
2011-03-13,22816,CARD MOTORBIKE SANTA,0
2011-03-14,22816,CARD MOTORBIKE SANTA,0
2011-03-15,22816,CARD MOTORBIKE SANTA,0
2011-03-16,22816,CARD MOTORBIKE SANTA,0
2011-03-17,22816,CARD MOTORBIKE SANTA,1
2011-03-18,22816,CARD MOTORBIKE SANTA,0
2011-03-19,22816,CARD MOTORBIKE SANTA,0
2011-03-20,22816,CARD MOTORBIKE SANTA,0
2011-03-21,22816,CARD MOTORBIKE SANTA,0
2011-03-22,22816,CARD MOTORBIKE SANTA,0
2011-03-23,22816,CARD MOTORBIKE SANTA,0
2011-03-24,22816,CARD MOTORBIKE SANTA,0
2011-03-25,22816,CARD MOTORBIKE SANTA,0
2011-03-26,22816,CARD MOTORBIKE SANTA,0
2011-03-27,22816,CARD MOTORBIKE SANTA,0
2011-03-28,22816,CARD MOTORBIKE SANTA,0
2011-03-29,22816,CARD MOTORBIKE SANTA,0
2011-03-30,22816,CARD MOTORBIKE SANTA,0
2011-03-31,22816,CARD MOTORBIKE SANTA,0
2011-04-01,22816,CARD MOTORBIKE SANTA,0
2011-04-02,22816,CARD MOTORBIKE SANTA,0
2011-04-03,22816,CARD MOTORBIKE SANTA,0
2011-04-04,22816,CARD MOTORBIKE SANTA,0
2011-04-05,22816,CARD MOTORBIKE SANTA,0
2011-04-06,22816,CARD MOTORBIKE SANTA,0
2011-04-07,22816,CARD MOTORBIKE SANTA,0
2011-04-08,22816,CARD MOTORBIKE SANTA,0
2011-04-09,22816,CARD MOTORBIKE SANTA,0
2011-04-10,22816,CARD MOTORBIKE SANTA,0
2011-04-11,22816,CARD MOTORBIKE SANTA,0
2011-04-12,22816,CARD MOTORBIKE SANTA,0
2011-04-13,22816,CARD MOTORBIKE SANTA,0
2011-04-14,22816,CARD MOTORBIKE SANTA,0
2011-04-15,22816,CARD MOTORBIKE SANTA,0
2011-04-16,22816,CARD MOTORBIKE SANTA,0
2011-04-17,22816,CARD MOTORBIKE SANTA,0
2011-04-18,22816,CARD MOTORBIKE SANTA,0
2011-04-19,22816,CARD MOTORBIKE SANTA,0
2011-04-20,22816,CARD MOTORBIKE SANTA,0
2011-04-21,22816,CARD MOTORBIKE SANTA,0
2011-04-22,22816,CARD MOTORBIKE SANTA,0
2011-04-23,22816,CARD MOTORBIKE SANTA,0
2011-04-24,22816,CARD MOTORBIKE SANTA,0
2011-04-25,22816,CARD MOTORBIKE SANTA,0
2011-04-26,22816,CARD MOTORBIKE SANTA,0
2011-04-27,22816,CARD MOTORBIKE SANTA,0
2011-04-28,22816,CARD MOTORBIKE SANTA,0
2011-04-29,22816,CARD MOTORBIKE SANTA,0
2011-04-30,22816,CARD MOTORBIKE SANTA,0
2011-05-01,22816,CARD MOTORBIKE SANTA,0
2011-05-02,22816,CARD MOTORBIKE SANTA,0
2011-05-03,22816,CARD MOTORBIKE SANTA,0
2011-05-04,22816,CARD MOTORBIKE SANTA,0
2011-05-05,22816,CARD MOTORBIKE SANTA,0
2011-05-06,22816,CARD MOTORBIKE SANTA,0
2011-05-07,22816,CARD MOTORBIKE SANTA,0
2011-05-08,22816,CARD MOTORBIKE SANTA,0
2011-05-09,22816,CARD MOTORBIKE SANTA,0
2011-05-10,22816,CARD MOTORBIKE SANTA,0
2011-05-11,22816,CARD MOTORBIKE SANTA,0
2011-05-12,22816,CARD MOTORBIKE SANTA,0
2011-05-13,22816,CARD MOTORBIKE SANTA,0
2011-05-14,22816,CARD MOTORBIKE SANTA,0
2011-05-15,22816,CARD MOTORBIKE SANTA,0
2011-05-16,22816,CARD MOTORBIKE SANTA,0
2011-05-17,22816,CARD MOTORBIKE SANTA,0
2011-05-18,22816,CARD MOTORBIKE SANTA,0
2011-05-19,22816,CARD MOTORBIKE SANTA,0
2011-05-20,22816,CARD MOTORBIKE SANTA,0
2011-05-21,22816,CARD MOTORBIKE SANTA,0
2011-05-22,22816,CARD MOTORBIKE SANTA,0
2011-05-23,22816,CARD MOTORBIKE SANTA,0
2011-05-24,22816,CARD MOTORBIKE SANTA,2
2011-05-25,22816,CARD MOTORBIKE SANTA,0
2011-05-26,22816,CARD MOTORBIKE SANTA,0
2011-05-27,22816,CARD MOTORBIKE SANTA,0
2011-05-28,22816,CARD MOTORBIKE SANTA,0
2011-05-29,22816,CARD MOTORBIKE SANTA,0
2011-05-30,22816,CARD MOTORBIKE SANTA,0
2011-05-31,22816,CARD MOTORBIKE SANTA,0
2011-06-01,22816,CARD MOTORBIKE SANTA,0
2011-06-02,22816,CARD MOTORBIKE SANTA,0
2011-06-03,22816,CARD MOTORBIKE SANTA,0
2011-06-04,22816,CARD MOTORBIKE SANTA,0
2011-06-05,22816,CARD MOTORBIKE SANTA,0
2011-06-06,22816,CARD MOTORBIKE SANTA,0
2011-06-07,22816,CARD MOTORBIKE SANTA,0
2011-06-08,22816,CARD MOTORBIKE SANTA,0
2011-06-09,22816,CARD MOTORBIKE SANTA,0
2011-06-10,22816,CARD MOTORBIKE SANTA,0
2011-06-11,22816,CARD MOTORBIKE SANTA,0
2011-06-12,22816,CARD MOTORBIKE SANTA,0
2011-06-13,22816,CARD MOTORBIKE SANTA,0
2011-06-14,22816,CARD MOTORBIKE SANTA,0
2011-06-15,22816,CARD MOTORBIKE SANTA,0
2011-06-16,22816,CARD MOTORBIKE SANTA,1
2011-06-17,22816,CARD MOTORBIKE SANTA,0
2011-06-18,22816,CARD MOTORBIKE SANTA,0
2011-06-19,22816,CARD MOTORBIKE SANTA,0
2011-06-20,22816,CARD MOTORBIKE SANTA,0
2011-06-21,22816,CARD MOTORBIKE SANTA,0
2011-06-22,22816,CARD MOTORBIKE SANTA,0
2011-06-23,22816,CARD MOTORBIKE SANTA,0
2011-06-24,22816,CARD MOTORBIKE SANTA,0
2011-06-25,22816,CARD MOTORBIKE SANTA,0
2011-06-26,22816,CARD MOTORBIKE SANTA,0
2011-06-27,22816,CARD MOTORBIKE SANTA,0
2011-06-28,22816,CARD MOTORBIKE SANTA,0
2011-06-29,22816,CARD MOTORBIKE SANTA,0
2011-06-30,22816,CARD MOTORBIKE SANTA,12
2011-07-01,22816,CARD MOTORBIKE SANTA,0
2011-07-02,22816,CARD MOTORBIKE SANTA,0
2011-07-03,22816,CARD MOTORBIKE SANTA,0
2011-07-04,22816,CARD MOTORBIKE SANTA,0
2011-07-05,22816,CARD MOTORBIKE SANTA,0
2011-07-06,22816,CARD MOTORBIKE SANTA,0
2011-07-07,22816,CARD MOTORBIKE SANTA,0
2011-07-08,22816,CARD MOTORBIKE SANTA,0
2011-07-09,22816,CARD MOTORBIKE SANTA,0
2011-07-10,22816,CARD MOTORBIKE SANTA,0
2011-07-11,22816,CARD MOTORBIKE SANTA,0
2011-07-12,22816,CARD MOTORBIKE SANTA,0
2011-07-13,22816,CARD MOTORBIKE SANTA,0
2011-07-14,22816,CARD MOTORBIKE SANTA,0
2011-07-15,22816,CARD MOTORBIKE SANTA,0
2011-07-16,22816,CARD MOTORBIKE SANTA,0
2011-07-17,22816,CARD MOTORBIKE SANTA,0
2011-07-18,22816,CARD MOTORBIKE SANTA,0
2011-07-19,22816,CARD MOTORBIKE SANTA,12
2011-07-20,22816,CARD MOTORBIKE SANTA,1
2011-07-21,22816,CARD MOTORBIKE SANTA,12
2011-07-22,22816,CARD MOTORBIKE SANTA,0
2011-07-23,22816,CARD MOTORBIKE SANTA,0
2011-07-24,22816,CARD MOTORBIKE SANTA,36
2011-07-25,22816,CARD MOTORBIKE SANTA,0
2011-07-26,22816,CARD MOTORBIKE SANTA,0
2011-07-27,22816,CARD MOTORBIKE SANTA,0
2011-07-28,22816,CARD MOTORBIKE SANTA,0
2011-07-29,22816,CARD MOTORBIKE SANTA,0
2011-07-30,22816,CARD MOTORBIKE SANTA,0
2011-07-31,22816,CARD MOTORBIKE SANTA,0
2011-08-01,22816,CARD MOTORBIKE SANTA,0
2011-08-02,22816,CARD MOTORBIKE SANTA,0
2011-08-03,22816,CARD MOTORBIKE SANTA,0
2011-08-04,22816,CARD MOTORBIKE SANTA,0
2011-08-05,22816,CARD MOTORBIKE SANTA,0
2011-08-06,22816,CARD MOTORBIKE SANTA,0
2011-08-07,22816,CARD MOTORBIKE SANTA,0
2011-08-08,22816,CARD MOTORBIKE SANTA,0
2011-08-09,22816,CARD MOTORBIKE SANTA,0
2011-08-10,22816,CARD MOTORBIKE SANTA,0
2011-08-11,22816,CARD MOTORBIKE SANTA,0
2011-08-12,22816,CARD MOTORBIKE SANTA,0
2011-08-13,22816,CARD MOTORBIKE SANTA,0
2011-08-14,22816,CARD MOTORBIKE SANTA,0
2011-08-15,22816,CARD MOTORBIKE SANTA,0
2011-08-16,22816,CARD MOTORBIKE SANTA,0
2011-08-17,22816,CARD MOTORBIKE SANTA,0
2011-08-18,22816,CARD MOTORBIKE SANTA,12
2011-08-19,22816,CARD MOTORBIKE SANTA,0
2011-08-20,22816,CARD MOTORBIKE SANTA,0
2011-08-21,22816,CARD MOTORBIKE SANTA,0
2011-08-22,22816,CARD MOTORBIKE SANTA,12
2011-08-23,22816,CARD MOTORBIKE SANTA,0
2011-08-24,22816,CARD MOTORBIKE SANTA,0
2011-08-25,22816,CARD MOTORBIKE SANTA,0
2011-08-26,22816,CARD MOTORBIKE SANTA,0
2011-08-27,22816,CARD MOTORBIKE SANTA,0
2011-08-28,22816,CARD MOTORBIKE SANTA,0
2011-08-29,22816,CARD MOTORBIKE SANTA,0
2011-08-30,22816,CARD MOTORBIKE SANTA,0
2011-08-31,22816,CARD MOTORBIKE SANTA,0
2011-09-01,22816,CARD MOTORBIKE SANTA,0
2011-09-02,22816,CARD MOTORBIKE SANTA,24
2011-09-03,22816,CARD MOTORBIKE SANTA,0
2011-09-04,22816,CARD MOTORBIKE SANTA,0
2011-09-05,22816,CARD MOTORBIKE SANTA,0
2011-09-06,22816,CARD MOTORBIKE SANTA,0
2011-09-07,22816,CARD MOTORBIKE SANTA,3
2011-09-08,22816,CARD MOTORBIKE SANTA,0
2011-09-09,22816,CARD MOTORBIKE SANTA,5
2011-09-10,22816,CARD MOTORBIKE SANTA,0
2011-09-11,22816,CARD MOTORBIKE SANTA,84
2011-09-12,22816,CARD MOTORBIKE SANTA,0
2011-09-13,22816,CARD MOTORBIKE SANTA,24
2011-09-14,22816,CARD MOTORBIKE SANTA,0
2011-09-15,22816,CARD MOTORBIKE SANTA,132
2011-09-16,22816,CARD MOTORBIKE SANTA,24
2011-09-17,22816,CARD MOTORBIKE SANTA,0
2011-09-18,22816,CARD MOTORBIKE SANTA,0
2011-09-19,22816,CARD MOTORBIKE SANTA,0
2011-09-20,22816,CARD MOTORBIKE SANTA,0
2011-09-21,22816,CARD MOTORBIKE SANTA,24
2011-09-22,22816,CARD MOTORBIKE SANTA,24
2011-09-23,22816,CARD MOTORBIKE SANTA,0
2011-09-24,22816,CARD MOTORBIKE SANTA,0
2011-09-25,22816,CARD MOTORBIKE SANTA,72
2011-09-26,22816,CARD MOTORBIKE SANTA,48
2011-09-27,22816,CARD MOTORBIKE SANTA,14
2011-09-28,22816,CARD MOTORBIKE SANTA,64
2011-09-29,22816,CARD MOTORBIKE SANTA,24
2011-09-30,22816,CARD MOTORBIKE SANTA,28
2011-10-01,22816,CARD MOTORBIKE SANTA,0
2011-10-02,22816,CARD MOTORBIKE SANTA,12
2011-10-03,22816,CARD MOTORBIKE SANTA,14
2011-10-04,22816,CARD MOTORBIKE SANTA,51
2011-10-05,22816,CARD MOTORBIKE SANTA,12
2011-10-06,22816,CARD MOTORBIKE SANTA,24
2011-10-07,22816,CARD MOTORBIKE SANTA,13
2011-10-08,22816,CARD MOTORBIKE SANTA,0
2011-10-09,22816,CARD MOTORBIKE SANTA,24
2011-10-10,22816,CARD MOTORBIKE SANTA,27
2011-10-11,22816,CARD MOTORBIKE SANTA,56
2011-10-12,22816,CARD MOTORBIKE SANTA,70
2011-10-13,22816,CARD MOTORBIKE SANTA,12
2011-10-14,22816,CARD MOTORBIKE SANTA,24
2011-10-15,22816,CARD MOTORBIKE SANTA,0
2011-10-16,22816,CARD MOTORBIKE SANTA,12
2011-10-17,22816,CARD MOTORBIKE SANTA,51
2011-10-18,22816,CARD MOTORBIKE SANTA,34
2011-10-19,22816,CARD MOTORBIKE SANTA,36
2011-10-20,22816,CARD MOTORBIKE SANTA,48
2011-10-21,22816,CARD MOTORBIKE SANTA,36
2011-10-22,22816,CARD MOTORBIKE SANTA,0
2011-10-23,22816,CARD MOTORBIKE SANTA,24
2011-10-24,22816,CARD MOTORBIKE SANTA,36
2011-10-25,22816,CARD MOTORBIKE SANTA,72
2011-10-26,22816,CARD MOTORBIKE SANTA,18
2011-10-27,22816,CARD MOTORBIKE SANTA,16
2011-10-28,22816,CARD MOTORBIKE SANTA,0
2011-10-29,22816,CARD MOTORBIKE SANTA,0
2011-10-30,22816,CARD MOTORBIKE SANTA,24
2011-10-31,22816,CARD MOTORBIKE SANTA,139
2011-11-01,22816,CARD MOTORBIKE SANTA,12
2011-11-02,22816,CARD MOTORBIKE SANTA,91
2011-11-03,22816,CARD MOTORBIKE SANTA,40
2011-11-04,22816,CARD MOTORBIKE SANTA,53
2011-11-05,22816,CARD MOTORBIKE SANTA,0
2011-11-06,22816,CARD MOTORBIKE SANTA,84
2011-11-07,22816,CARD MOTORBIKE SANTA,132
2011-11-08,22816,CARD MOTORBIKE SANTA,38
2011-11-09,22816,CARD MOTORBIKE SANTA,49
2011-11-10,22816,CARD MOTORBIKE SANTA,48
2010-12-01,22840,ROUND CAKE TIN VINTAGE RED,0
2010-12-02,22840,ROUND CAKE TIN VINTAGE RED,8
2010-12-03,22840,ROUND CAKE TIN VINTAGE RED,0
2010-12-04,22840,ROUND CAKE TIN VINTAGE RED,0
2010-12-05,22840,ROUND CAKE TIN VINTAGE RED,2
2010-12-06,22840,ROUND CAKE TIN VINTAGE RED,5
2010-12-07,22840,ROUND CAKE TIN VINTAGE RED,2
2010-12-08,22840,ROUND CAKE TIN VINTAGE RED,0
2010-12-09,22840,ROUND CAKE TIN VINTAGE RED,8
2010-12-10,22840,ROUND CAKE TIN VINTAGE RED,6
2010-12-11,22840,ROUND CAKE TIN VINTAGE RED,0
2010-12-12,22840,ROUND CAKE TIN VINTAGE RED,0
2010-12-13,22840,ROUND CAKE TIN VINTAGE RED,0
2010-12-14,22840,ROUND CAKE TIN VINTAGE RED,0
2010-12-15,22840,ROUND CAKE TIN VINTAGE RED,15
2010-12-16,22840,ROUND CAKE TIN VINTAGE RED,5
2010-12-17,22840,ROUND CAKE TIN VINTAGE RED,2
2010-12-18,22840,ROUND CAKE TIN VINTAGE RED,0
2010-12-19,22840,ROUND CAKE TIN VINTAGE RED,0
2010-12-20,22840,ROUND CAKE TIN VINTAGE RED,4
2010-12-21,22840,ROUND CAKE TIN VINTAGE RED,0
2010-12-22,22840,ROUND CAKE TIN VINTAGE RED,0
2010-12-23,22840,ROUND CAKE TIN VINTAGE RED,2
2010-12-24,22840,ROUND CAKE TIN VINTAGE RED,0
2010-12-25,22840,ROUND CAKE TIN VINTAGE RED,0
2010-12-26,22840,ROUND CAKE TIN VINTAGE RED,0
2010-12-27,22840,ROUND CAKE TIN VINTAGE RED,0
2010-12-28,22840,ROUND CAKE TIN VINTAGE RED,0
2010-12-29,22840,ROUND CAKE TIN VINTAGE RED,0
2010-12-30,22840,ROUND CAKE TIN VINTAGE RED,0
2010-12-31,22840,ROUND CAKE TIN VINTAGE RED,0
2011-01-01,22840,ROUND CAKE TIN VINTAGE RED,0
2011-01-02,22840,ROUND CAKE TIN VINTAGE RED,0
2011-01-03,22840,ROUND CAKE TIN VINTAGE RED,0
2011-01-04,22840,ROUND CAKE TIN VINTAGE RED,0
2011-01-05,22840,ROUND CAKE TIN VINTAGE RED,0
2011-01-06,22840,ROUND CAKE TIN VINTAGE RED,3
2011-01-07,22840,ROUND CAKE TIN VINTAGE RED,0
2011-01-08,22840,ROUND CAKE TIN VINTAGE RED,0
2011-01-09,22840,ROUND CAKE TIN VINTAGE RED,2
2011-01-10,22840,ROUND CAKE TIN VINTAGE RED,2
2011-01-11,22840,ROUND CAKE TIN VINTAGE RED,1
2011-01-12,22840,ROUND CAKE TIN VINTAGE RED,0
2011-01-13,22840,ROUND CAKE TIN VINTAGE RED,0
2011-01-14,22840,ROUND CAKE TIN VINTAGE RED,145
2011-01-15,22840,ROUND CAKE TIN VINTAGE RED,0
2011-01-16,22840,ROUND CAKE TIN VINTAGE RED,0
2011-01-17,22840,ROUND CAKE TIN VINTAGE RED,2
2011-01-18,22840,ROUND CAKE TIN VINTAGE RED,1
2011-01-19,22840,ROUND CAKE TIN VINTAGE RED,0
2011-01-20,22840,ROUND CAKE TIN VINTAGE RED,0
2011-01-21,22840,ROUND CAKE TIN VINTAGE RED,10
2011-01-22,22840,ROUND CAKE TIN VINTAGE RED,0
2011-01-23,22840,ROUND CAKE TIN VINTAGE RED,0
2011-01-24,22840,ROUND CAKE TIN VINTAGE RED,15
2011-01-25,22840,ROUND CAKE TIN VINTAGE RED,4
2011-01-26,22840,ROUND CAKE TIN VINTAGE RED,0
2011-01-27,22840,ROUND CAKE TIN VINTAGE RED,3
2011-01-28,22840,ROUND CAKE TIN VINTAGE RED,0
2011-01-29,22840,ROUND CAKE TIN VINTAGE RED,0
2011-01-30,22840,ROUND CAKE TIN VINTAGE RED,2
2011-01-31,22840,ROUND CAKE TIN VINTAGE RED,12
2011-02-01,22840,ROUND CAKE TIN VINTAGE RED,0
2011-02-02,22840,ROUND CAKE TIN VINTAGE RED,12
2011-02-03,22840,ROUND CAKE TIN VINTAGE RED,1
2011-02-04,22840,ROUND CAKE TIN VINTAGE RED,4
2011-02-05,22840,ROUND CAKE TIN VINTAGE RED,0
2011-02-06,22840,ROUND CAKE TIN VINTAGE RED,0
2011-02-07,22840,ROUND CAKE TIN VINTAGE RED,2
2011-02-08,22840,ROUND CAKE TIN VINTAGE RED,6
2011-02-09,22840,ROUND CAKE TIN VINTAGE RED,0
2011-02-10,22840,ROUND CAKE TIN VINTAGE RED,6
2011-02-11,22840,ROUND CAKE TIN VINTAGE RED,0
2011-02-12,22840,ROUND CAKE TIN VINTAGE RED,0
2011-02-13,22840,ROUND CAKE TIN VINTAGE RED,0
2011-02-14,22840,ROUND CAKE TIN VINTAGE RED,0
2011-02-15,22840,ROUND CAKE TIN VINTAGE RED,13
2011-02-16,22840,ROUND CAKE TIN VINTAGE RED,0
2011-02-17,22840,ROUND CAKE TIN VINTAGE RED,0
2011-02-18,22840,ROUND CAKE TIN VINTAGE RED,0
2011-02-19,22840,ROUND CAKE TIN VINTAGE RED,0
2011-02-20,22840,ROUND CAKE TIN VINTAGE RED,6
2011-02-21,22840,ROUND CAKE TIN VINTAGE RED,0
2011-02-22,22840,ROUND CAKE TIN VINTAGE RED,2
2011-02-23,22840,ROUND CAKE TIN VINTAGE RED,14
2011-02-24,22840,ROUND CAKE TIN VINTAGE RED,6
2011-02-25,22840,ROUND CAKE TIN VINTAGE RED,0
2011-02-26,22840,ROUND CAKE TIN VINTAGE RED,0
2011-02-27,22840,ROUND CAKE TIN VINTAGE RED,1
2011-02-28,22840,ROUND CAKE TIN VINTAGE RED,0
2011-03-01,22840,ROUND CAKE TIN VINTAGE RED,2
2011-03-02,22840,ROUND CAKE TIN VINTAGE RED,8
2011-03-03,22840,ROUND CAKE TIN VINTAGE RED,40
2011-03-04,22840,ROUND CAKE TIN VINTAGE RED,2
2011-03-05,22840,ROUND CAKE TIN VINTAGE RED,0
2011-03-06,22840,ROUND CAKE TIN VINTAGE RED,0
2011-03-07,22840,ROUND CAKE TIN VINTAGE RED,0
2011-03-08,22840,ROUND CAKE TIN VINTAGE RED,4
2011-03-09,22840,ROUND CAKE TIN VINTAGE RED,0
2011-03-10,22840,ROUND CAKE TIN VINTAGE RED,0
2011-03-11,22840,ROUND CAKE TIN VINTAGE RED,2
2011-03-12,22840,ROUND CAKE TIN VINTAGE RED,0
2011-03-13,22840,ROUND CAKE TIN VINTAGE RED,0
2011-03-14,22840,ROUND CAKE TIN VINTAGE RED,2
2011-03-15,22840,ROUND CAKE TIN VINTAGE RED,0
2011-03-16,22840,ROUND CAKE TIN VINTAGE RED,0
2011-03-17,22840,ROUND CAKE TIN VINTAGE RED,0
2011-03-18,22840,ROUND CAKE TIN VINTAGE RED,2
2011-03-19,22840,ROUND CAKE TIN VINTAGE RED,0
2011-03-20,22840,ROUND CAKE TIN VINTAGE RED,12
2011-03-21,22840,ROUND CAKE TIN VINTAGE RED,2
2011-03-22,22840,ROUND CAKE TIN VINTAGE RED,2
2011-03-23,22840,ROUND CAKE TIN VINTAGE RED,0
2011-03-24,22840,ROUND CAKE TIN VINTAGE RED,2
2011-03-25,22840,ROUND CAKE TIN VINTAGE RED,0
2011-03-26,22840,ROUND CAKE TIN VINTAGE RED,0
2011-03-27,22840,ROUND CAKE TIN VINTAGE RED,0
2011-03-28,22840,ROUND CAKE TIN VINTAGE RED,6
2011-03-29,22840,ROUND CAKE TIN VINTAGE RED,4
2011-03-30,22840,ROUND CAKE TIN VINTAGE RED,1
2011-03-31,22840,ROUND CAKE TIN VINTAGE RED,2
2011-04-01,22840,ROUND CAKE TIN VINTAGE RED,3
2011-04-02,22840,ROUND CAKE TIN VINTAGE RED,0
2011-04-03,22840,ROUND CAKE TIN VINTAGE RED,3
2011-04-04,22840,ROUND CAKE TIN VINTAGE RED,0
2011-04-05,22840,ROUND CAKE TIN VINTAGE RED,13
2011-04-06,22840,ROUND CAKE TIN VINTAGE RED,3
2011-04-07,22840,ROUND CAKE TIN VINTAGE RED,2
2011-04-08,22840,ROUND CAKE TIN VINTAGE RED,0
2011-04-09,22840,ROUND CAKE TIN VINTAGE RED,0
2011-04-10,22840,ROUND CAKE TIN VINTAGE RED,0
2011-04-11,22840,ROUND CAKE TIN VINTAGE RED,1
2011-04-12,22840,ROUND CAKE TIN VINTAGE RED,0
2011-04-13,22840,ROUND CAKE TIN VINTAGE RED,1
2011-04-14,22840,ROUND CAKE TIN VINTAGE RED,2
2011-04-15,22840,ROUND CAKE TIN VINTAGE RED,2
2011-04-16,22840,ROUND CAKE TIN VINTAGE RED,0
2011-04-17,22840,ROUND CAKE TIN VINTAGE RED,0
2011-04-18,22840,ROUND CAKE TIN VINTAGE RED,2
2011-04-19,22840,ROUND CAKE TIN VINTAGE RED,2
2011-04-20,22840,ROUND CAKE TIN VINTAGE RED,1
2011-04-21,22840,ROUND CAKE TIN VINTAGE RED,2
2011-04-22,22840,ROUND CAKE TIN VINTAGE RED,0
2011-04-23,22840,ROUND CAKE TIN VINTAGE RED,0
2011-04-24,22840,ROUND CAKE TIN VINTAGE RED,0
2011-04-25,22840,ROUND CAKE TIN VINTAGE RED,0
2011-04-26,22840,ROUND CAKE TIN VINTAGE RED,2
2011-04-27,22840,ROUND CAKE TIN VINTAGE RED,1
2011-04-28,22840,ROUND CAKE TIN VINTAGE RED,5
2011-04-29,22840,ROUND CAKE TIN VINTAGE RED,0
2011-04-30,22840,ROUND CAKE TIN VINTAGE RED,0
2011-05-01,22840,ROUND CAKE TIN VINTAGE RED,0
2011-05-02,22840,ROUND CAKE TIN VINTAGE RED,0
2011-05-03,22840,ROUND CAKE TIN VINTAGE RED,2
2011-05-04,22840,ROUND CAKE TIN VINTAGE RED,6
2011-05-05,22840,ROUND CAKE TIN VINTAGE RED,0
2011-05-06,22840,ROUND CAKE TIN VINTAGE RED,0
2011-05-07,22840,ROUND CAKE TIN VINTAGE RED,0
2011-05-08,22840,ROUND CAKE TIN VINTAGE RED,2
2011-05-09,22840,ROUND CAKE TIN VINTAGE RED,1
2011-05-10,22840,ROUND CAKE TIN VINTAGE RED,0
2011-05-11,22840,ROUND CAKE TIN VINTAGE RED,4
2011-05-12,22840,ROUND CAKE TIN VINTAGE RED,0
2011-05-13,22840,ROUND CAKE TIN VINTAGE RED,2
2011-05-14,22840,ROUND CAKE TIN VINTAGE RED,0
2011-05-15,22840,ROUND CAKE TIN VINTAGE RED,0
2011-05-16,22840,ROUND CAKE TIN VINTAGE RED,0
2011-05-17,22840,ROUND CAKE TIN VINTAGE RED,2
2011-05-18,22840,ROUND CAKE TIN VINTAGE RED,0
2011-05-19,22840,ROUND CAKE TIN VINTAGE RED,3
2011-05-20,22840,ROUND CAKE TIN VINTAGE RED,0
2011-05-21,22840,ROUND CAKE TIN VINTAGE RED,0
2011-05-22,22840,ROUND CAKE TIN VINTAGE RED,0
2011-05-23,22840,ROUND CAKE TIN VINTAGE RED,0
2011-05-24,22840,ROUND CAKE TIN VINTAGE RED,1
2011-05-25,22840,ROUND CAKE TIN VINTAGE RED,2
2011-05-26,22840,ROUND CAKE TIN VINTAGE RED,0
2011-05-27,22840,ROUND CAKE TIN VINTAGE RED,4
2011-05-28,22840,ROUND CAKE TIN VINTAGE RED,0
2011-05-29,22840,ROUND CAKE TIN VINTAGE RED,1
2011-05-30,22840,ROUND CAKE TIN VINTAGE RED,0
2011-05-31,22840,ROUND CAKE TIN VINTAGE RED,4
2011-06-01,22840,ROUND CAKE TIN VINTAGE RED,0
2011-06-02,22840,ROUND CAKE TIN VINTAGE RED,3
2011-06-03,22840,ROUND CAKE TIN VINTAGE RED,0
2011-06-04,22840,ROUND CAKE TIN VINTAGE RED,0
2011-06-05,22840,ROUND CAKE TIN VINTAGE RED,2
2011-06-06,22840,ROUND CAKE TIN VINTAGE RED,4
2011-06-07,22840,ROUND CAKE TIN VINTAGE RED,0
2011-06-08,22840,ROUND CAKE TIN VINTAGE RED,0
2011-06-09,22840,ROUND CAKE TIN VINTAGE RED,0
2011-06-10,22840,ROUND CAKE TIN VINTAGE RED,0
2011-06-11,22840,ROUND CAKE TIN VINTAGE RED,0
2011-06-12,22840,ROUND CAKE TIN VINTAGE RED,0
2011-06-13,22840,ROUND CAKE TIN VINTAGE RED,2
2011-06-14,22840,ROUND CAKE TIN VINTAGE RED,16
2011-06-15,22840,ROUND CAKE TIN VINTAGE RED,0
2011-06-16,22840,ROUND CAKE TIN VINTAGE RED,0
2011-06-17,22840,ROUND CAKE TIN VINTAGE RED,0
2011-06-18,22840,ROUND CAKE TIN VINTAGE RED,0
2011-06-19,22840,ROUND CAKE TIN VINTAGE RED,0
2011-06-20,22840,ROUND CAKE TIN VINTAGE RED,2
2011-06-21,22840,ROUND CAKE TIN VINTAGE RED,0
2011-06-22,22840,ROUND CAKE TIN VINTAGE RED,6
2011-06-23,22840,ROUND CAKE TIN VINTAGE RED,0
2011-06-24,22840,ROUND CAKE TIN VINTAGE RED,2
2011-06-25,22840,ROUND CAKE TIN VINTAGE RED,0
2011-06-26,22840,ROUND CAKE TIN VINTAGE RED,2
2011-06-27,22840,ROUND CAKE TIN VINTAGE RED,0
2011-06-28,22840,ROUND CAKE TIN VINTAGE RED,2
2011-06-29,22840,ROUND CAKE TIN VINTAGE RED,0
2011-06-30,22840,ROUND CAKE TIN VINTAGE RED,0
2011-07-01,22840,ROUND CAKE TIN VINTAGE RED,0
2011-07-02,22840,ROUND CAKE TIN VINTAGE RED,0
2011-07-03,22840,ROUND CAKE TIN VINTAGE RED,0
2011-07-04,22840,ROUND CAKE TIN VINTAGE RED,2
2011-07-05,22840,ROUND CAKE TIN VINTAGE RED,0
2011-07-06,22840,ROUND CAKE TIN VINTAGE RED,2
2011-07-07,22840,ROUND CAKE TIN VINTAGE RED,2
2011-07-08,22840,ROUND CAKE TIN VINTAGE RED,0
2011-07-09,22840,ROUND CAKE TIN VINTAGE RED,0
2011-07-10,22840,ROUND CAKE TIN VINTAGE RED,0
2011-07-11,22840,ROUND CAKE TIN VINTAGE RED,2
2011-07-12,22840,ROUND CAKE TIN VINTAGE RED,0
2011-07-13,22840,ROUND CAKE TIN VINTAGE RED,4
2011-07-14,22840,ROUND CAKE TIN VINTAGE RED,2
2011-07-15,22840,ROUND CAKE TIN VINTAGE RED,2
2011-07-16,22840,ROUND CAKE TIN VINTAGE RED,0
2011-07-17,22840,ROUND CAKE TIN VINTAGE RED,0
2011-07-18,22840,ROUND CAKE TIN VINTAGE RED,4
2011-07-19,22840,ROUND CAKE TIN VINTAGE RED,0
2011-07-20,22840,ROUND CAKE TIN VINTAGE RED,0
2011-07-21,22840,ROUND CAKE TIN VINTAGE RED,48
2011-07-22,22840,ROUND CAKE TIN VINTAGE RED,0
2011-07-23,22840,ROUND CAKE TIN VINTAGE RED,0
2011-07-24,22840,ROUND CAKE TIN VINTAGE RED,0
2011-07-25,22840,ROUND CAKE TIN VINTAGE RED,0
2011-07-26,22840,ROUND CAKE TIN VINTAGE RED,0
2011-07-27,22840,ROUND CAKE TIN VINTAGE RED,0
2011-07-28,22840,ROUND CAKE TIN VINTAGE RED,7
2011-07-29,22840,ROUND CAKE TIN VINTAGE RED,2
2011-07-30,22840,ROUND CAKE TIN VINTAGE RED,0
2011-07-31,22840,ROUND CAKE TIN VINTAGE RED,1
2011-08-01,22840,ROUND CAKE TIN VINTAGE RED,2
2011-08-02,22840,ROUND CAKE TIN VINTAGE RED,6
2011-08-03,22840,ROUND CAKE TIN VINTAGE RED,3
2011-08-04,22840,ROUND CAKE TIN VINTAGE RED,14
2011-08-05,22840,ROUND CAKE TIN VINTAGE RED,0
2011-08-06,22840,ROUND CAKE TIN VINTAGE RED,0
2011-08-07,22840,ROUND CAKE TIN VINTAGE RED,0
2011-08-08,22840,ROUND CAKE TIN VINTAGE RED,0
2011-08-09,22840,ROUND CAKE TIN VINTAGE RED,4
2011-08-10,22840,ROUND CAKE TIN VINTAGE RED,0
2011-08-11,22840,ROUND CAKE TIN VINTAGE RED,0
2011-08-12,22840,ROUND CAKE TIN VINTAGE RED,2
2011-08-13,22840,ROUND CAKE TIN VINTAGE RED,0
2011-08-14,22840,ROUND CAKE TIN VINTAGE RED,1
2011-08-15,22840,ROUND CAKE TIN VINTAGE RED,0
2011-08-16,22840,ROUND CAKE TIN VINTAGE RED,0
2011-08-17,22840,ROUND CAKE TIN VINTAGE RED,0
2011-08-18,22840,ROUND CAKE TIN VINTAGE RED,0
2011-08-19,22840,ROUND CAKE TIN VINTAGE RED,0
2011-08-20,22840,ROUND CAKE TIN VINTAGE RED,0
2011-08-21,22840,ROUND CAKE TIN VINTAGE RED,0
2011-08-22,22840,ROUND CAKE TIN VINTAGE RED,2
2011-08-23,22840,ROUND CAKE TIN VINTAGE RED,0
2011-08-24,22840,ROUND CAKE TIN VINTAGE RED,0
2011-08-25,22840,ROUND CAKE TIN VINTAGE RED,4
2011-08-26,22840,ROUND CAKE TIN VINTAGE RED,0
2011-08-27,22840,ROUND CAKE TIN VINTAGE RED,0
2011-08-28,22840,ROUND CAKE TIN VINTAGE RED,0
2011-08-29,22840,ROUND CAKE TIN VINTAGE RED,0
2011-08-30,22840,ROUND CAKE TIN VINTAGE RED,0
2011-08-31,22840,ROUND CAKE TIN VINTAGE RED,7
2011-09-01,22840,ROUND CAKE TIN VINTAGE RED,2
2011-09-02,22840,ROUND CAKE TIN VINTAGE RED,12
2011-09-03,22840,ROUND CAKE TIN VINTAGE RED,0
2011-09-04,22840,ROUND CAKE TIN VINTAGE RED,0
2011-09-05,22840,ROUND CAKE TIN VINTAGE RED,2
2011-09-06,22840,ROUND CAKE TIN VINTAGE RED,0
2011-09-07,22840,ROUND CAKE TIN VINTAGE RED,2
2011-09-08,22840,ROUND CAKE TIN VINTAGE RED,1
2011-09-09,22840,ROUND CAKE TIN VINTAGE RED,2
2011-09-10,22840,ROUND CAKE TIN VINTAGE RED,0
2011-09-11,22840,ROUND CAKE TIN VINTAGE RED,0
2011-09-12,22840,ROUND CAKE TIN VINTAGE RED,4
2011-09-13,22840,ROUND CAKE TIN VINTAGE RED,2
2011-09-14,22840,ROUND CAKE TIN VINTAGE RED,0
2011-09-15,22840,ROUND CAKE TIN VINTAGE RED,0
2011-09-16,22840,ROUND CAKE TIN VINTAGE RED,6
2011-09-17,22840,ROUND CAKE TIN VINTAGE RED,0
2011-09-18,22840,ROUND CAKE TIN VINTAGE RED,7
2011-09-19,22840,ROUND CAKE TIN VINTAGE RED,2
2011-09-20,22840,ROUND CAKE TIN VINTAGE RED,2
2011-09-21,22840,ROUND CAKE TIN VINTAGE RED,0
2011-09-22,22840,ROUND CAKE TIN VINTAGE RED,42
2011-09-23,22840,ROUND CAKE TIN VINTAGE RED,5
2011-09-24,22840,ROUND CAKE TIN VINTAGE RED,0
2011-09-25,22840,ROUND CAKE TIN VINTAGE RED,1
2011-09-26,22840,ROUND CAKE TIN VINTAGE RED,0
2011-09-27,22840,ROUND CAKE TIN VINTAGE RED,0
2011-09-28,22840,ROUND CAKE TIN VINTAGE RED,4
2011-09-29,22840,ROUND CAKE TIN VINTAGE RED,0
2011-09-30,22840,ROUND CAKE TIN VINTAGE RED,12
2011-10-01,22840,ROUND CAKE TIN VINTAGE RED,0
2011-10-02,22840,ROUND CAKE TIN VINTAGE RED,0
2011-10-03,22840,ROUND CAKE TIN VINTAGE RED,0
2011-10-04,22840,ROUND CAKE TIN VINTAGE RED,0
2011-10-05,22840,ROUND CAKE TIN VINTAGE RED,0
2011-10-06,22840,ROUND CAKE TIN VINTAGE RED,2
2011-10-07,22840,ROUND CAKE TIN VINTAGE RED,2
2011-10-08,22840,ROUND CAKE TIN VINTAGE RED,0
2011-10-09,22840,ROUND CAKE TIN VINTAGE RED,1
2011-10-10,22840,ROUND CAKE TIN VINTAGE RED,0
2011-10-11,22840,ROUND CAKE TIN VINTAGE RED,2
2011-10-12,22840,ROUND CAKE TIN VINTAGE RED,1
2011-10-13,22840,ROUND CAKE TIN VINTAGE RED,4
2011-10-14,22840,ROUND CAKE TIN VINTAGE RED,2
2011-10-15,22840,ROUND CAKE TIN VINTAGE RED,0
2011-10-16,22840,ROUND CAKE TIN VINTAGE RED,0
2011-10-17,22840,ROUND CAKE TIN VINTAGE RED,4
2011-10-18,22840,ROUND CAKE TIN VINTAGE RED,2
2011-10-19,22840,ROUND CAKE TIN VINTAGE RED,6
2011-10-20,22840,ROUND CAKE TIN VINTAGE RED,1
2011-10-21,22840,ROUND CAKE TIN VINTAGE RED,0
2011-10-22,22840,ROUND CAKE TIN VINTAGE RED,0
2011-10-23,22840,ROUND CAKE TIN VINTAGE RED,2
2011-10-24,22840,ROUND CAKE TIN VINTAGE RED,0
2011-10-25,22840,ROUND CAKE TIN VINTAGE RED,3
2011-10-26,22840,ROUND CAKE TIN VINTAGE RED,0
2011-10-27,22840,ROUND CAKE TIN VINTAGE RED,12
2011-10-28,22840,ROUND CAKE TIN VINTAGE RED,4
2011-10-29,22840,ROUND CAKE TIN VINTAGE RED,0
2011-10-30,22840,ROUND CAKE TIN VINTAGE RED,0
2011-10-31,22840,ROUND CAKE TIN VINTAGE RED,2
2011-11-01,22840,ROUND CAKE TIN VINTAGE RED,0
2011-11-02,22840,ROUND CAKE TIN VINTAGE RED,2
2011-11-03,22840,ROUND CAKE TIN VINTAGE RED,4
2011-11-04,22840,ROUND CAKE TIN VINTAGE RED,3
2011-11-05,22840,ROUND CAKE TIN VINTAGE RED,0
2011-11-06,22840,ROUND CAKE TIN VINTAGE RED,6
2011-11-07,22840,ROUND CAKE TIN VINTAGE RED,2
2011-11-08,22840,ROUND CAKE TIN VINTAGE RED,4
2011-11-09,22840,ROUND CAKE TIN VINTAGE RED,15
2011-11-10,22840,ROUND CAKE TIN VINTAGE RED,1
2010-12-01,22891,TEA FOR ONE POLKADOT,0
2010-12-02,22891,TEA FOR ONE POLKADOT,0
2010-12-03,22891,TEA FOR ONE POLKADOT,2
2010-12-04,22891,TEA FOR ONE POLKADOT,0
2010-12-05,22891,TEA FOR ONE POLKADOT,3
2010-12-06,22891,TEA FOR ONE POLKADOT,2
2010-12-07,22891,TEA FOR ONE POLKADOT,21
2010-12-08,22891,TEA FOR ONE POLKADOT,0
2010-12-09,22891,TEA FOR ONE POLKADOT,15
2010-12-10,22891,TEA FOR ONE POLKADOT,1
2010-12-11,22891,TEA FOR ONE POLKADOT,0
2010-12-12,22891,TEA FOR ONE POLKADOT,3
2010-12-13,22891,TEA FOR ONE POLKADOT,28
2010-12-14,22891,TEA FOR ONE POLKADOT,4
2010-12-15,22891,TEA FOR ONE POLKADOT,0
2010-12-16,22891,TEA FOR ONE POLKADOT,0
2010-12-17,22891,TEA FOR ONE POLKADOT,5
2010-12-18,22891,TEA FOR ONE POLKADOT,0
2010-12-19,22891,TEA FOR ONE POLKADOT,2
2010-12-20,22891,TEA FOR ONE POLKADOT,10
2010-12-21,22891,TEA FOR ONE POLKADOT,1
2010-12-22,22891,TEA FOR ONE POLKADOT,4
2010-12-23,22891,TEA FOR ONE POLKADOT,1
2010-12-24,22891,TEA FOR ONE POLKADOT,0
2010-12-25,22891,TEA FOR ONE POLKADOT,0
2010-12-26,22891,TEA FOR ONE POLKADOT,0
2010-12-27,22891,TEA FOR ONE POLKADOT,0
2010-12-28,22891,TEA FOR ONE POLKADOT,0
2010-12-29,22891,TEA FOR ONE POLKADOT,0
2010-12-30,22891,TEA FOR ONE POLKADOT,0
2010-12-31,22891,TEA FOR ONE POLKADOT,0
2011-01-01,22891,TEA FOR ONE POLKADOT,0
2011-01-02,22891,TEA FOR ONE POLKADOT,0
2011-01-03,22891,TEA FOR ONE POLKADOT,0
2011-01-04,22891,TEA FOR ONE POLKADOT,1
2011-01-05,22891,TEA FOR ONE POLKADOT,8
2011-01-06,22891,TEA FOR ONE POLKADOT,0
2011-01-07,22891,TEA FOR ONE POLKADOT,6
2011-01-08,22891,TEA FOR ONE POLKADOT,0
2011-01-09,22891,TEA FOR ONE POLKADOT,1
2011-01-10,22891,TEA FOR ONE POLKADOT,0
2011-01-11,22891,TEA FOR ONE POLKADOT,0
2011-01-12,22891,TEA FOR ONE POLKADOT,0
2011-01-13,22891,TEA FOR ONE POLKADOT,0
2011-01-14,22891,TEA FOR ONE POLKADOT,8
2011-01-15,22891,TEA FOR ONE POLKADOT,0
2011-01-16,22891,TEA FOR ONE POLKADOT,0
2011-01-17,22891,TEA FOR ONE POLKADOT,0
2011-01-18,22891,TEA FOR ONE POLKADOT,1
2011-01-19,22891,TEA FOR ONE POLKADOT,0
2011-01-20,22891,TEA FOR ONE POLKADOT,3
2011-01-21,22891,TEA FOR ONE POLKADOT,0
2011-01-22,22891,TEA FOR ONE POLKADOT,0
2011-01-23,22891,TEA FOR ONE POLKADOT,0
2011-01-24,22891,TEA FOR ONE POLKADOT,0
2011-01-25,22891,TEA FOR ONE POLKADOT,5
2011-01-26,22891,TEA FOR ONE POLKADOT,0
2011-01-27,22891,TEA FOR ONE POLKADOT,0
2011-01-28,22891,TEA FOR ONE POLKADOT,0
2011-01-29,22891,TEA FOR ONE POLKADOT,0
2011-01-30,22891,TEA FOR ONE POLKADOT,0
2011-01-31,22891,TEA FOR ONE POLKADOT,1
2011-02-01,22891,TEA FOR ONE POLKADOT,2
2011-02-02,22891,TEA FOR ONE POLKADOT,1
2011-02-03,22891,TEA FOR ONE POLKADOT,3
2011-02-04,22891,TEA FOR ONE POLKADOT,3
2011-02-05,22891,TEA FOR ONE POLKADOT,0
2011-02-06,22891,TEA FOR ONE POLKADOT,0
2011-02-07,22891,TEA FOR ONE POLKADOT,2
2011-02-08,22891,TEA FOR ONE POLKADOT,0
2011-02-09,22891,TEA FOR ONE POLKADOT,0
2011-02-10,22891,TEA FOR ONE POLKADOT,0
2011-02-11,22891,TEA FOR ONE POLKADOT,1
2011-02-12,22891,TEA FOR ONE POLKADOT,0
2011-02-13,22891,TEA FOR ONE POLKADOT,0
2011-02-14,22891,TEA FOR ONE POLKADOT,0
2011-02-15,22891,TEA FOR ONE POLKADOT,0
2011-02-16,22891,TEA FOR ONE POLKADOT,0
2011-02-17,22891,TEA FOR ONE POLKADOT,0
2011-02-18,22891,TEA FOR ONE POLKADOT,0
2011-02-19,22891,TEA FOR ONE POLKADOT,0
2011-02-20,22891,TEA FOR ONE POLKADOT,0
2011-02-21,22891,TEA FOR ONE POLKADOT,7
2011-02-22,22891,TEA FOR ONE POLKADOT,0
2011-02-23,22891,TEA FOR ONE POLKADOT,0
2011-02-24,22891,TEA FOR ONE POLKADOT,3
2011-02-25,22891,TEA FOR ONE POLKADOT,1
2011-02-26,22891,TEA FOR ONE POLKADOT,0
2011-02-27,22891,TEA FOR ONE POLKADOT,0
2011-02-28,22891,TEA FOR ONE POLKADOT,0
2011-03-01,22891,TEA FOR ONE POLKADOT,0
2011-03-02,22891,TEA FOR ONE POLKADOT,0
2011-03-03,22891,TEA FOR ONE POLKADOT,3
2011-03-04,22891,TEA FOR ONE POLKADOT,0
2011-03-05,22891,TEA FOR ONE POLKADOT,0
2011-03-06,22891,TEA FOR ONE POLKADOT,0
2011-03-07,22891,TEA FOR ONE POLKADOT,0
2011-03-08,22891,TEA FOR ONE POLKADOT,0
2011-03-09,22891,TEA FOR ONE POLKADOT,3
2011-03-10,22891,TEA FOR ONE POLKADOT,0
2011-03-11,22891,TEA FOR ONE POLKADOT,1
2011-03-12,22891,TEA FOR ONE POLKADOT,0
2011-03-13,22891,TEA FOR ONE POLKADOT,0
2011-03-14,22891,TEA FOR ONE POLKADOT,4
2011-03-15,22891,TEA FOR ONE POLKADOT,2
2011-03-16,22891,TEA FOR ONE POLKADOT,3
2011-03-17,22891,TEA FOR ONE POLKADOT,1
2011-03-18,22891,TEA FOR ONE POLKADOT,0
2011-03-19,22891,TEA FOR ONE POLKADOT,0
2011-03-20,22891,TEA FOR ONE POLKADOT,0
2011-03-21,22891,TEA FOR ONE POLKADOT,0
2011-03-22,22891,TEA FOR ONE POLKADOT,5
2011-03-23,22891,TEA FOR ONE POLKADOT,0
2011-03-24,22891,TEA FOR ONE POLKADOT,0
2011-03-25,22891,TEA FOR ONE POLKADOT,1
2011-03-26,22891,TEA FOR ONE POLKADOT,0
2011-03-27,22891,TEA FOR ONE POLKADOT,9
2011-03-28,22891,TEA FOR ONE POLKADOT,2
2011-03-29,22891,TEA FOR ONE POLKADOT,0
2011-03-30,22891,TEA FOR ONE POLKADOT,2
2011-03-31,22891,TEA FOR ONE POLKADOT,1
2011-04-01,22891,TEA FOR ONE POLKADOT,0
2011-04-02,22891,TEA FOR ONE POLKADOT,0
2011-04-03,22891,TEA FOR ONE POLKADOT,0
2011-04-04,22891,TEA FOR ONE POLKADOT,0
2011-04-05,22891,TEA FOR ONE POLKADOT,19
2011-04-06,22891,TEA FOR ONE POLKADOT,0
2011-04-07,22891,TEA FOR ONE POLKADOT,0
2011-04-08,22891,TEA FOR ONE POLKADOT,0
2011-04-09,22891,TEA FOR ONE POLKADOT,0
2011-04-10,22891,TEA FOR ONE POLKADOT,0
2011-04-11,22891,TEA FOR ONE POLKADOT,0
2011-04-12,22891,TEA FOR ONE POLKADOT,1
2011-04-13,22891,TEA FOR ONE POLKADOT,0
2011-04-14,22891,TEA FOR ONE POLKADOT,2
2011-04-15,22891,TEA FOR ONE POLKADOT,0
2011-04-16,22891,TEA FOR ONE POLKADOT,0
2011-04-17,22891,TEA FOR ONE POLKADOT,0
2011-04-18,22891,TEA FOR ONE POLKADOT,0
2011-04-19,22891,TEA FOR ONE POLKADOT,0
2011-04-20,22891,TEA FOR ONE POLKADOT,0
2011-04-21,22891,TEA FOR ONE POLKADOT,0
2011-04-22,22891,TEA FOR ONE POLKADOT,0
2011-04-23,22891,TEA FOR ONE POLKADOT,0
2011-04-24,22891,TEA FOR ONE POLKADOT,0
2011-04-25,22891,TEA FOR ONE POLKADOT,0
2011-04-26,22891,TEA FOR ONE POLKADOT,0
2011-04-27,22891,TEA FOR ONE POLKADOT,0
2011-04-28,22891,TEA FOR ONE POLKADOT,1
2011-04-29,22891,TEA FOR ONE POLKADOT,0
2011-04-30,22891,TEA FOR ONE POLKADOT,0
2011-05-01,22891,TEA FOR ONE POLKADOT,0
2011-05-02,22891,TEA FOR ONE POLKADOT,0
2011-05-03,22891,TEA FOR ONE POLKADOT,3
2011-05-04,22891,TEA FOR ONE POLKADOT,3
2011-05-05,22891,TEA FOR ONE POLKADOT,0
2011-05-06,22891,TEA FOR ONE POLKADOT,0
2011-05-07,22891,TEA FOR ONE POLKADOT,0
2011-05-08,22891,TEA FOR ONE POLKADOT,0
2011-05-09,22891,TEA FOR ONE POLKADOT,0
2011-05-10,22891,TEA FOR ONE POLKADOT,3
2011-05-11,22891,TEA FOR ONE POLKADOT,0
2011-05-12,22891,TEA FOR ONE POLKADOT,0
2011-05-13,22891,TEA FOR ONE POLKADOT,0
2011-05-14,22891,TEA FOR ONE POLKADOT,0
2011-05-15,22891,TEA FOR ONE POLKADOT,0
2011-05-16,22891,TEA FOR ONE POLKADOT,3
2011-05-17,22891,TEA FOR ONE POLKADOT,0
2011-05-18,22891,TEA FOR ONE POLKADOT,0
2011-05-19,22891,TEA FOR ONE POLKADOT,0
2011-05-20,22891,TEA FOR ONE POLKADOT,0
2011-05-21,22891,TEA FOR ONE POLKADOT,0
2011-05-22,22891,TEA FOR ONE POLKADOT,2
2011-05-23,22891,TEA FOR ONE POLKADOT,6
2011-05-24,22891,TEA FOR ONE POLKADOT,3
2011-05-25,22891,TEA FOR ONE POLKADOT,0
2011-05-26,22891,TEA FOR ONE POLKADOT,6
2011-05-27,22891,TEA FOR ONE POLKADOT,0
2011-05-28,22891,TEA FOR ONE POLKADOT,0
2011-05-29,22891,TEA FOR ONE POLKADOT,0
2011-05-30,22891,TEA FOR ONE POLKADOT,0
2011-05-31,22891,TEA FOR ONE POLKADOT,0
2011-06-01,22891,TEA FOR ONE POLKADOT,0
2011-06-02,22891,TEA FOR ONE POLKADOT,1
2011-06-03,22891,TEA FOR ONE POLKADOT,0
2011-06-04,22891,TEA FOR ONE POLKADOT,0
2011-06-05,22891,TEA FOR ONE POLKADOT,0
2011-06-06,22891,TEA FOR ONE POLKADOT,0
2011-06-07,22891,TEA FOR ONE POLKADOT,4
2011-06-08,22891,TEA FOR ONE POLKADOT,0
2011-06-09,22891,TEA FOR ONE POLKADOT,0
2011-06-10,22891,TEA FOR ONE POLKADOT,0
2011-06-11,22891,TEA FOR ONE POLKADOT,0
2011-06-12,22891,TEA FOR ONE POLKADOT,4
2011-06-13,22891,TEA FOR ONE POLKADOT,0
2011-06-14,22891,TEA FOR ONE POLKADOT,0
2011-06-15,22891,TEA FOR ONE POLKADOT,0
2011-06-16,22891,TEA FOR ONE POLKADOT,1
2011-06-17,22891,TEA FOR ONE POLKADOT,0
2011-06-18,22891,TEA FOR ONE POLKADOT,0
2011-06-19,22891,TEA FOR ONE POLKADOT,0
2011-06-20,22891,TEA FOR ONE POLKADOT,0
2011-06-21,22891,TEA FOR ONE POLKADOT,0
2011-06-22,22891,TEA FOR ONE POLKADOT,0
2011-06-23,22891,TEA FOR ONE POLKADOT,0
2011-06-24,22891,TEA FOR ONE POLKADOT,0
2011-06-25,22891,TEA FOR ONE POLKADOT,0
2011-06-26,22891,TEA FOR ONE POLKADOT,0
2011-06-27,22891,TEA FOR ONE POLKADOT,0
2011-06-28,22891,TEA FOR ONE POLKADOT,1
2011-06-29,22891,TEA FOR ONE POLKADOT,4
2011-06-30,22891,TEA FOR ONE POLKADOT,6
2011-07-01,22891,TEA FOR ONE POLKADOT,0
2011-07-02,22891,TEA FOR ONE POLKADOT,0
2011-07-03,22891,TEA FOR ONE POLKADOT,0
2011-07-04,22891,TEA FOR ONE POLKADOT,1
2011-07-05,22891,TEA FOR ONE POLKADOT,1
2011-07-06,22891,TEA FOR ONE POLKADOT,1
2011-07-07,22891,TEA FOR ONE POLKADOT,0
2011-07-08,22891,TEA FOR ONE POLKADOT,0
2011-07-09,22891,TEA FOR ONE POLKADOT,0
2011-07-10,22891,TEA FOR ONE POLKADOT,0
2011-07-11,22891,TEA FOR ONE POLKADOT,1
2011-07-12,22891,TEA FOR ONE POLKADOT,3
2011-07-13,22891,TEA FOR ONE POLKADOT,1
2011-07-14,22891,TEA FOR ONE POLKADOT,1
2011-07-15,22891,TEA FOR ONE POLKADOT,0
2011-07-16,22891,TEA FOR ONE POLKADOT,0
2011-07-17,22891,TEA FOR ONE POLKADOT,0
2011-07-18,22891,TEA FOR ONE POLKADOT,1
2011-07-19,22891,TEA FOR ONE POLKADOT,0
2011-07-20,22891,TEA FOR ONE POLKADOT,0
2011-07-21,22891,TEA FOR ONE POLKADOT,0
2011-07-22,22891,TEA FOR ONE POLKADOT,0
2011-07-23,22891,TEA FOR ONE POLKADOT,0
2011-07-24,22891,TEA FOR ONE POLKADOT,0
2011-07-25,22891,TEA FOR ONE POLKADOT,0
2011-07-26,22891,TEA FOR ONE POLKADOT,0
2011-07-27,22891,TEA FOR ONE POLKADOT,0
2011-07-28,22891,TEA FOR ONE POLKADOT,0
2011-07-29,22891,TEA FOR ONE POLKADOT,0
2011-07-30,22891,TEA FOR ONE POLKADOT,0
2011-07-31,22891,TEA FOR ONE POLKADOT,0
2011-08-01,22891,TEA FOR ONE POLKADOT,0
2011-08-02,22891,TEA FOR ONE POLKADOT,0
2011-08-03,22891,TEA FOR ONE POLKADOT,0
2011-08-04,22891,TEA FOR ONE POLKADOT,0
2011-08-05,22891,TEA FOR ONE POLKADOT,2
2011-08-06,22891,TEA FOR ONE POLKADOT,0
2011-08-07,22891,TEA FOR ONE POLKADOT,0
2011-08-08,22891,TEA FOR ONE POLKADOT,0
2011-08-09,22891,TEA FOR ONE POLKADOT,0
2011-08-10,22891,TEA FOR ONE POLKADOT,0
2011-08-11,22891,TEA FOR ONE POLKADOT,4
2011-08-12,22891,TEA FOR ONE POLKADOT,0
2011-08-13,22891,TEA FOR ONE POLKADOT,0
2011-08-14,22891,TEA FOR ONE POLKADOT,0
2011-08-15,22891,TEA FOR ONE POLKADOT,0
2011-08-16,22891,TEA FOR ONE POLKADOT,0
2011-08-17,22891,TEA FOR ONE POLKADOT,4
2011-08-18,22891,TEA FOR ONE POLKADOT,1
2011-08-19,22891,TEA FOR ONE POLKADOT,0
2011-08-20,22891,TEA FOR ONE POLKADOT,0
2011-08-21,22891,TEA FOR ONE POLKADOT,0
2011-08-22,22891,TEA FOR ONE POLKADOT,0
2011-08-23,22891,TEA FOR ONE POLKADOT,0
2011-08-24,22891,TEA FOR ONE POLKADOT,6
2011-08-25,22891,TEA FOR ONE POLKADOT,0
2011-08-26,22891,TEA FOR ONE POLKADOT,0
2011-08-27,22891,TEA FOR ONE POLKADOT,0
2011-08-28,22891,TEA FOR ONE POLKADOT,0
2011-08-29,22891,TEA FOR ONE POLKADOT,0
2011-08-30,22891,TEA FOR ONE POLKADOT,1
2011-08-31,22891,TEA FOR ONE POLKADOT,2
2011-09-01,22891,TEA FOR ONE POLKADOT,0
2011-09-02,22891,TEA FOR ONE POLKADOT,0
2011-09-03,22891,TEA FOR ONE POLKADOT,0
2011-09-04,22891,TEA FOR ONE POLKADOT,0
2011-09-05,22891,TEA FOR ONE POLKADOT,1
2011-09-06,22891,TEA FOR ONE POLKADOT,0
2011-09-07,22891,TEA FOR ONE POLKADOT,1
2011-09-08,22891,TEA FOR ONE POLKADOT,0
2011-09-09,22891,TEA FOR ONE POLKADOT,0
2011-09-10,22891,TEA FOR ONE POLKADOT,0
2011-09-11,22891,TEA FOR ONE POLKADOT,0
2011-09-12,22891,TEA FOR ONE POLKADOT,0
2011-09-13,22891,TEA FOR ONE POLKADOT,0
2011-09-14,22891,TEA FOR ONE POLKADOT,0
2011-09-15,22891,TEA FOR ONE POLKADOT,0
2011-09-16,22891,TEA FOR ONE POLKADOT,0
2011-09-17,22891,TEA FOR ONE POLKADOT,0
2011-09-18,22891,TEA FOR ONE POLKADOT,2
2011-09-19,22891,TEA FOR ONE POLKADOT,0
2011-09-20,22891,TEA FOR ONE POLKADOT,0
2011-09-21,22891,TEA FOR ONE POLKADOT,1
2011-09-22,22891,TEA FOR ONE POLKADOT,6
2011-09-23,22891,TEA FOR ONE POLKADOT,0
2011-09-24,22891,TEA FOR ONE POLKADOT,0
2011-09-25,22891,TEA FOR ONE POLKADOT,0
2011-09-26,22891,TEA FOR ONE POLKADOT,3
2011-09-27,22891,TEA FOR ONE POLKADOT,25
2011-09-28,22891,TEA FOR ONE POLKADOT,3
2011-09-29,22891,TEA FOR ONE POLKADOT,0
2011-09-30,22891,TEA FOR ONE POLKADOT,0
2011-10-01,22891,TEA FOR ONE POLKADOT,0
2011-10-02,22891,TEA FOR ONE POLKADOT,0
2011-10-03,22891,TEA FOR ONE POLKADOT,0
2011-10-04,22891,TEA FOR ONE POLKADOT,0
2011-10-05,22891,TEA FOR ONE POLKADOT,0
2011-10-06,22891,TEA FOR ONE POLKADOT,0
2011-10-07,22891,TEA FOR ONE POLKADOT,0
2011-10-08,22891,TEA FOR ONE POLKADOT,0
2011-10-09,22891,TEA FOR ONE POLKADOT,0
2011-10-10,22891,TEA FOR ONE POLKADOT,7
2011-10-11,22891,TEA FOR ONE POLKADOT,3
2011-10-12,22891,TEA FOR ONE POLKADOT,0
2011-10-13,22891,TEA FOR ONE POLKADOT,0
2011-10-14,22891,TEA FOR ONE POLKADOT,3
2011-10-15,22891,TEA FOR ONE POLKADOT,0
2011-10-16,22891,TEA FOR ONE POLKADOT,0
2011-10-17,22891,TEA FOR ONE POLKADOT,1
2011-10-18,22891,TEA FOR ONE POLKADOT,0
2011-10-19,22891,TEA FOR ONE POLKADOT,0
2011-10-20,22891,TEA FOR ONE POLKADOT,0
2011-10-21,22891,TEA FOR ONE POLKADOT,3
2011-10-22,22891,TEA FOR ONE POLKADOT,0
2011-10-23,22891,TEA FOR ONE POLKADOT,0
2011-10-24,22891,TEA FOR ONE POLKADOT,1
2011-10-25,22891,TEA FOR ONE POLKADOT,0
2011-10-26,22891,TEA FOR ONE POLKADOT,0
2011-10-27,22891,TEA FOR ONE POLKADOT,0
2011-10-28,22891,TEA FOR ONE POLKADOT,0
2011-10-29,22891,TEA FOR ONE POLKADOT,0
2011-10-30,22891,TEA FOR ONE POLKADOT,0
2011-10-31,22891,TEA FOR ONE POLKADOT,1
2011-11-01,22891,TEA FOR ONE POLKADOT,0
2011-11-02,22891,TEA FOR ONE POLKADOT,0
2011-11-03,22891,TEA FOR ONE POLKADOT,0
2011-11-04,22891,TEA FOR ONE POLKADOT,0
2011-11-05,22891,TEA FOR ONE POLKADOT,0
2011-11-06,22891,TEA FOR ONE POLKADOT,0
2011-11-07,22891,TEA FOR ONE POLKADOT,10
2011-11-08,22891,TEA FOR ONE POLKADOT,0
2011-11-09,22891,TEA FOR ONE POLKADOT,1
2011-11-10,22891,TEA FOR ONE POLKADOT,2
2010-12-01,23002,TRAVEL CARD WALLET SKULLS,0
2010-12-02,23002,TRAVEL CARD WALLET SKULLS,0
2010-12-03,23002,TRAVEL CARD WALLET SKULLS,0
2010-12-04,23002,TRAVEL CARD WALLET SKULLS,0
2010-12-05,23002,TRAVEL CARD WALLET SKULLS,0
2010-12-06,23002,TRAVEL CARD WALLET SKULLS,0
2010-12-07,23002,TRAVEL CARD WALLET SKULLS,0
2010-12-08,23002,TRAVEL CARD WALLET SKULLS,0
2010-12-09,23002,TRAVEL CARD WALLET SKULLS,0
2010-12-10,23002,TRAVEL CARD WALLET SKULLS,0
2010-12-11,23002,TRAVEL CARD WALLET SKULLS,0
2010-12-12,23002,TRAVEL CARD WALLET SKULLS,0
2010-12-13,23002,TRAVEL CARD WALLET SKULLS,0
2010-12-14,23002,TRAVEL CARD WALLET SKULLS,0
2010-12-15,23002,TRAVEL CARD WALLET SKULLS,0
2010-12-16,23002,TRAVEL CARD WALLET SKULLS,0
2010-12-17,23002,TRAVEL CARD WALLET SKULLS,0
2010-12-18,23002,TRAVEL CARD WALLET SKULLS,0
2010-12-19,23002,TRAVEL CARD WALLET SKULLS,0
2010-12-20,23002,TRAVEL CARD WALLET SKULLS,0
2010-12-21,23002,TRAVEL CARD WALLET SKULLS,0
2010-12-22,23002,TRAVEL CARD WALLET SKULLS,0
2010-12-23,23002,TRAVEL CARD WALLET SKULLS,0
2010-12-24,23002,TRAVEL CARD WALLET SKULLS,0
2010-12-25,23002,TRAVEL CARD WALLET SKULLS,0
2010-12-26,23002,TRAVEL CARD WALLET SKULLS,0
2010-12-27,23002,TRAVEL CARD WALLET SKULLS,0
2010-12-28,23002,TRAVEL CARD WALLET SKULLS,0
2010-12-29,23002,TRAVEL CARD WALLET SKULLS,0
2010-12-30,23002,TRAVEL CARD WALLET SKULLS,0
2010-12-31,23002,TRAVEL CARD WALLET SKULLS,0
2011-01-01,23002,TRAVEL CARD WALLET SKULLS,0
2011-01-02,23002,TRAVEL CARD WALLET SKULLS,0
2011-01-03,23002,TRAVEL CARD WALLET SKULLS,0
2011-01-04,23002,TRAVEL CARD WALLET SKULLS,0
2011-01-05,23002,TRAVEL CARD WALLET SKULLS,0
2011-01-06,23002,TRAVEL CARD WALLET SKULLS,0
2011-01-07,23002,TRAVEL CARD WALLET SKULLS,0
2011-01-08,23002,TRAVEL CARD WALLET SKULLS,0
2011-01-09,23002,TRAVEL CARD WALLET SKULLS,0
2011-01-10,23002,TRAVEL CARD WALLET SKULLS,0
2011-01-11,23002,TRAVEL CARD WALLET SKULLS,0
2011-01-12,23002,TRAVEL CARD WALLET SKULLS,0
2011-01-13,23002,TRAVEL CARD WALLET SKULLS,0
2011-01-14,23002,TRAVEL CARD WALLET SKULLS,0
2011-01-15,23002,TRAVEL CARD WALLET SKULLS,0
2011-01-16,23002,TRAVEL CARD WALLET SKULLS,0
2011-01-17,23002,TRAVEL CARD WALLET SKULLS,0
2011-01-18,23002,TRAVEL CARD WALLET SKULLS,0
2011-01-19,23002,TRAVEL CARD WALLET SKULLS,0
2011-01-20,23002,TRAVEL CARD WALLET SKULLS,0
2011-01-21,23002,TRAVEL CARD WALLET SKULLS,0
2011-01-22,23002,TRAVEL CARD WALLET SKULLS,0
2011-01-23,23002,TRAVEL CARD WALLET SKULLS,0
2011-01-24,23002,TRAVEL CARD WALLET SKULLS,0
2011-01-25,23002,TRAVEL CARD WALLET SKULLS,0
2011-01-26,23002,TRAVEL CARD WALLET SKULLS,0
2011-01-27,23002,TRAVEL CARD WALLET SKULLS,0
2011-01-28,23002,TRAVEL CARD WALLET SKULLS,0
2011-01-29,23002,TRAVEL CARD WALLET SKULLS,0
2011-01-30,23002,TRAVEL CARD WALLET SKULLS,0
2011-01-31,23002,TRAVEL CARD WALLET SKULLS,0
2011-02-01,23002,TRAVEL CARD WALLET SKULLS,0
2011-02-02,23002,TRAVEL CARD WALLET SKULLS,0
2011-02-03,23002,TRAVEL CARD WALLET SKULLS,0
2011-02-04,23002,TRAVEL CARD WALLET SKULLS,0
2011-02-05,23002,TRAVEL CARD WALLET SKULLS,0
2011-02-06,23002,TRAVEL CARD WALLET SKULLS,0
2011-02-07,23002,TRAVEL CARD WALLET SKULLS,0
2011-02-08,23002,TRAVEL CARD WALLET SKULLS,0
2011-02-09,23002,TRAVEL CARD WALLET SKULLS,0
2011-02-10,23002,TRAVEL CARD WALLET SKULLS,0
2011-02-11,23002,TRAVEL CARD WALLET SKULLS,0
2011-02-12,23002,TRAVEL CARD WALLET SKULLS,0
2011-02-13,23002,TRAVEL CARD WALLET SKULLS,0
2011-02-14,23002,TRAVEL CARD WALLET SKULLS,0
2011-02-15,23002,TRAVEL CARD WALLET SKULLS,0
2011-02-16,23002,TRAVEL CARD WALLET SKULLS,24
2011-02-17,23002,TRAVEL CARD WALLET SKULLS,25
2011-02-18,23002,TRAVEL CARD WALLET SKULLS,0
2011-02-19,23002,TRAVEL CARD WALLET SKULLS,0
2011-02-20,23002,TRAVEL CARD WALLET SKULLS,0
2011-02-21,23002,TRAVEL CARD WALLET SKULLS,8
2011-02-22,23002,TRAVEL CARD WALLET SKULLS,2
2011-02-23,23002,TRAVEL CARD WALLET SKULLS,2
2011-02-24,23002,TRAVEL CARD WALLET SKULLS,25
2011-02-25,23002,TRAVEL CARD WALLET SKULLS,0
2011-02-26,23002,TRAVEL CARD WALLET SKULLS,0
2011-02-27,23002,TRAVEL CARD WALLET SKULLS,0
2011-02-28,23002,TRAVEL CARD WALLET SKULLS,27
2011-03-01,23002,TRAVEL CARD WALLET SKULLS,0
2011-03-02,23002,TRAVEL CARD WALLET SKULLS,0
2011-03-03,23002,TRAVEL CARD WALLET SKULLS,24
2011-03-04,23002,TRAVEL CARD WALLET SKULLS,0
2011-03-05,23002,TRAVEL CARD WALLET SKULLS,0
2011-03-06,23002,TRAVEL CARD WALLET SKULLS,0
2011-03-07,23002,TRAVEL CARD WALLET SKULLS,1
2011-03-08,23002,TRAVEL CARD WALLET SKULLS,0
2011-03-09,23002,TRAVEL CARD WALLET SKULLS,52
2011-03-10,23002,TRAVEL CARD WALLET SKULLS,24
2011-03-11,23002,TRAVEL CARD WALLET SKULLS,0
2011-03-12,23002,TRAVEL CARD WALLET SKULLS,0
2011-03-13,23002,TRAVEL CARD WALLET SKULLS,4
2011-03-14,23002,TRAVEL CARD WALLET SKULLS,0
2011-03-15,23002,TRAVEL CARD WALLET SKULLS,10
2011-03-16,23002,TRAVEL CARD WALLET SKULLS,0
2011-03-17,23002,TRAVEL CARD WALLET SKULLS,4
2011-03-18,23002,TRAVEL CARD WALLET SKULLS,1
2011-03-19,23002,TRAVEL CARD WALLET SKULLS,0
2011-03-20,23002,TRAVEL CARD WALLET SKULLS,6
2011-03-21,23002,TRAVEL CARD WALLET SKULLS,0
2011-03-22,23002,TRAVEL CARD WALLET SKULLS,0
2011-03-23,23002,TRAVEL CARD WALLET SKULLS,0
2011-03-24,23002,TRAVEL CARD WALLET SKULLS,48
2011-03-25,23002,TRAVEL CARD WALLET SKULLS,0
2011-03-26,23002,TRAVEL CARD WALLET SKULLS,0
2011-03-27,23002,TRAVEL CARD WALLET SKULLS,0
2011-03-28,23002,TRAVEL CARD WALLET SKULLS,1
2011-03-29,23002,TRAVEL CARD WALLET SKULLS,0
2011-03-30,23002,TRAVEL CARD WALLET SKULLS,1
2011-03-31,23002,TRAVEL CARD WALLET SKULLS,0
2011-04-01,23002,TRAVEL CARD WALLET SKULLS,3
2011-04-02,23002,TRAVEL CARD WALLET SKULLS,0
2011-04-03,23002,TRAVEL CARD WALLET SKULLS,1
2011-04-04,23002,TRAVEL CARD WALLET SKULLS,25
2011-04-05,23002,TRAVEL CARD WALLET SKULLS,48
2011-04-06,23002,TRAVEL CARD WALLET SKULLS,0
2011-04-07,23002,TRAVEL CARD WALLET SKULLS,0
2011-04-08,23002,TRAVEL CARD WALLET SKULLS,0
2011-04-09,23002,TRAVEL CARD WALLET SKULLS,0
2011-04-10,23002,TRAVEL CARD WALLET SKULLS,0
2011-04-11,23002,TRAVEL CARD WALLET SKULLS,0
2011-04-12,23002,TRAVEL CARD WALLET SKULLS,0
2011-04-13,23002,TRAVEL CARD WALLET SKULLS,0
2011-04-14,23002,TRAVEL CARD WALLET SKULLS,4
2011-04-15,23002,TRAVEL CARD WALLET SKULLS,80
2011-04-16,23002,TRAVEL CARD WALLET SKULLS,0
2011-04-17,23002,TRAVEL CARD WALLET SKULLS,0
2011-04-18,23002,TRAVEL CARD WALLET SKULLS,3
2011-04-19,23002,TRAVEL CARD WALLET SKULLS,0
2011-04-20,23002,TRAVEL CARD WALLET SKULLS,24
2011-04-21,23002,TRAVEL CARD WALLET SKULLS,0
2011-04-22,23002,TRAVEL CARD WALLET SKULLS,0
2011-04-23,23002,TRAVEL CARD WALLET SKULLS,0
2011-04-24,23002,TRAVEL CARD WALLET SKULLS,0
2011-04-25,23002,TRAVEL CARD WALLET SKULLS,0
2011-04-26,23002,TRAVEL CARD WALLET SKULLS,25
2011-04-27,23002,TRAVEL CARD WALLET SKULLS,34
2011-04-28,23002,TRAVEL CARD WALLET SKULLS,0
2011-04-29,23002,TRAVEL CARD WALLET SKULLS,0
2011-04-30,23002,TRAVEL CARD WALLET SKULLS,0
2011-05-01,23002,TRAVEL CARD WALLET SKULLS,0
2011-05-02,23002,TRAVEL CARD WALLET SKULLS,0
2011-05-03,23002,TRAVEL CARD WALLET SKULLS,0
2011-05-04,23002,TRAVEL CARD WALLET SKULLS,0
2011-05-05,23002,TRAVEL CARD WALLET SKULLS,4
2011-05-06,23002,TRAVEL CARD WALLET SKULLS,27
2011-05-07,23002,TRAVEL CARD WALLET SKULLS,0
2011-05-08,23002,TRAVEL CARD WALLET SKULLS,9
2011-05-09,23002,TRAVEL CARD WALLET SKULLS,0
2011-05-10,23002,TRAVEL CARD WALLET SKULLS,3
2011-05-11,23002,TRAVEL CARD WALLET SKULLS,0
2011-05-12,23002,TRAVEL CARD WALLET SKULLS,0
2011-05-13,23002,TRAVEL CARD WALLET SKULLS,4
2011-05-14,23002,TRAVEL CARD WALLET SKULLS,0
2011-05-15,23002,TRAVEL CARD WALLET SKULLS,1
2011-05-16,23002,TRAVEL CARD WALLET SKULLS,4
2011-05-17,23002,TRAVEL CARD WALLET SKULLS,0
2011-05-18,23002,TRAVEL CARD WALLET SKULLS,0
2011-05-19,23002,TRAVEL CARD WALLET SKULLS,24
2011-05-20,23002,TRAVEL CARD WALLET SKULLS,0
2011-05-21,23002,TRAVEL CARD WALLET SKULLS,0
2011-05-22,23002,TRAVEL CARD WALLET SKULLS,5
2011-05-23,23002,TRAVEL CARD WALLET SKULLS,0
2011-05-24,23002,TRAVEL CARD WALLET SKULLS,0
2011-05-25,23002,TRAVEL CARD WALLET SKULLS,0
2011-05-26,23002,TRAVEL CARD WALLET SKULLS,0
2011-05-27,23002,TRAVEL CARD WALLET SKULLS,0
2011-05-28,23002,TRAVEL CARD WALLET SKULLS,0
2011-05-29,23002,TRAVEL CARD WALLET SKULLS,2
2011-05-30,23002,TRAVEL CARD WALLET SKULLS,0
2011-05-31,23002,TRAVEL CARD WALLET SKULLS,3
2011-06-01,23002,TRAVEL CARD WALLET SKULLS,1
2011-06-02,23002,TRAVEL CARD WALLET SKULLS,0
2011-06-03,23002,TRAVEL CARD WALLET SKULLS,24
2011-06-04,23002,TRAVEL CARD WALLET SKULLS,0
2011-06-05,23002,TRAVEL CARD WALLET SKULLS,23
2011-06-06,23002,TRAVEL CARD WALLET SKULLS,24
2011-06-07,23002,TRAVEL CARD WALLET SKULLS,0
2011-06-08,23002,TRAVEL CARD WALLET SKULLS,0
2011-06-09,23002,TRAVEL CARD WALLET SKULLS,0
2011-06-10,23002,TRAVEL CARD WALLET SKULLS,0
2011-06-11,23002,TRAVEL CARD WALLET SKULLS,0
2011-06-12,23002,TRAVEL CARD WALLET SKULLS,0
2011-06-13,23002,TRAVEL CARD WALLET SKULLS,1
2011-06-14,23002,TRAVEL CARD WALLET SKULLS,4
2011-06-15,23002,TRAVEL CARD WALLET SKULLS,0
2011-06-16,23002,TRAVEL CARD WALLET SKULLS,10
2011-06-17,23002,TRAVEL CARD WALLET SKULLS,54
2011-06-18,23002,TRAVEL CARD WALLET SKULLS,0
2011-06-19,23002,TRAVEL CARD WALLET SKULLS,0
2011-06-20,23002,TRAVEL CARD WALLET SKULLS,6
2011-06-21,23002,TRAVEL CARD WALLET SKULLS,97
2011-06-22,23002,TRAVEL CARD WALLET SKULLS,1
2011-06-23,23002,TRAVEL CARD WALLET SKULLS,0
2011-06-24,23002,TRAVEL CARD WALLET SKULLS,0
2011-06-25,23002,TRAVEL CARD WALLET SKULLS,0
2011-06-26,23002,TRAVEL CARD WALLET SKULLS,0
2011-06-27,23002,TRAVEL CARD WALLET SKULLS,0
2011-06-28,23002,TRAVEL CARD WALLET SKULLS,48
2011-06-29,23002,TRAVEL CARD WALLET SKULLS,0
2011-06-30,23002,TRAVEL CARD WALLET SKULLS,0
2011-07-01,23002,TRAVEL CARD WALLET SKULLS,24
2011-07-02,23002,TRAVEL CARD WALLET SKULLS,0
2011-07-03,23002,TRAVEL CARD WALLET SKULLS,24
2011-07-04,23002,TRAVEL CARD WALLET SKULLS,10
2011-07-05,23002,TRAVEL CARD WALLET SKULLS,0
2011-07-06,23002,TRAVEL CARD WALLET SKULLS,3
2011-07-07,23002,TRAVEL CARD WALLET SKULLS,0
2011-07-08,23002,TRAVEL CARD WALLET SKULLS,0
2011-07-09,23002,TRAVEL CARD WALLET SKULLS,0
2011-07-10,23002,TRAVEL CARD WALLET SKULLS,0
2011-07-11,23002,TRAVEL CARD WALLET SKULLS,3
2011-07-12,23002,TRAVEL CARD WALLET SKULLS,3
2011-07-13,23002,TRAVEL CARD WALLET SKULLS,0
2011-07-14,23002,TRAVEL CARD WALLET SKULLS,0
2011-07-15,23002,TRAVEL CARD WALLET SKULLS,0
2011-07-16,23002,TRAVEL CARD WALLET SKULLS,0
2011-07-17,23002,TRAVEL CARD WALLET SKULLS,2
2011-07-18,23002,TRAVEL CARD WALLET SKULLS,10
2011-07-19,23002,TRAVEL CARD WALLET SKULLS,0
2011-07-20,23002,TRAVEL CARD WALLET SKULLS,1
2011-07-21,23002,TRAVEL CARD WALLET SKULLS,4
2011-07-22,23002,TRAVEL CARD WALLET SKULLS,0
2011-07-23,23002,TRAVEL CARD WALLET SKULLS,0
2011-07-24,23002,TRAVEL CARD WALLET SKULLS,32
2011-07-25,23002,TRAVEL CARD WALLET SKULLS,0
2011-07-26,23002,TRAVEL CARD WALLET SKULLS,0
2011-07-27,23002,TRAVEL CARD WALLET SKULLS,0
2011-07-28,23002,TRAVEL CARD WALLET SKULLS,0
2011-07-29,23002,TRAVEL CARD WALLET SKULLS,3
2011-07-30,23002,TRAVEL CARD WALLET SKULLS,0
2011-07-31,23002,TRAVEL CARD WALLET SKULLS,2
2011-08-01,23002,TRAVEL CARD WALLET SKULLS,1
2011-08-02,23002,TRAVEL CARD WALLET SKULLS,0
2011-08-03,23002,TRAVEL CARD WALLET SKULLS,4
2011-08-04,23002,TRAVEL CARD WALLET SKULLS,0
2011-08-05,23002,TRAVEL CARD WALLET SKULLS,24
2011-08-06,23002,TRAVEL CARD WALLET SKULLS,0
2011-08-07,23002,TRAVEL CARD WALLET SKULLS,0
2011-08-08,23002,TRAVEL CARD WALLET SKULLS,0
2011-08-09,23002,TRAVEL CARD WALLET SKULLS,0
2011-08-10,23002,TRAVEL CARD WALLET SKULLS,0
2011-08-11,23002,TRAVEL CARD WALLET SKULLS,10
2011-08-12,23002,TRAVEL CARD WALLET SKULLS,0
2011-08-13,23002,TRAVEL CARD WALLET SKULLS,0
2011-08-14,23002,TRAVEL CARD WALLET SKULLS,0
2011-08-15,23002,TRAVEL CARD WALLET SKULLS,0
2011-08-16,23002,TRAVEL CARD WALLET SKULLS,6
2011-08-17,23002,TRAVEL CARD WALLET SKULLS,3
2011-08-18,23002,TRAVEL CARD WALLET SKULLS,72
2011-08-19,23002,TRAVEL CARD WALLET SKULLS,0
2011-08-20,23002,TRAVEL CARD WALLET SKULLS,0
2011-08-21,23002,TRAVEL CARD WALLET SKULLS,1
2011-08-22,23002,TRAVEL CARD WALLET SKULLS,0
2011-08-23,23002,TRAVEL CARD WALLET SKULLS,0
2011-08-24,23002,TRAVEL CARD WALLET SKULLS,5
2011-08-25,23002,TRAVEL CARD WALLET SKULLS,1
2011-08-26,23002,TRAVEL CARD WALLET SKULLS,25
2011-08-27,23002,TRAVEL CARD WALLET SKULLS,0
2011-08-28,23002,TRAVEL CARD WALLET SKULLS,5
2011-08-29,23002,TRAVEL CARD WALLET SKULLS,0
2011-08-30,23002,TRAVEL CARD WALLET SKULLS,0
2011-08-31,23002,TRAVEL CARD WALLET SKULLS,0
2011-09-01,23002,TRAVEL CARD WALLET SKULLS,0
2011-09-02,23002,TRAVEL CARD WALLET SKULLS,2
2011-09-03,23002,TRAVEL CARD WALLET SKULLS,0
2011-09-04,23002,TRAVEL CARD WALLET SKULLS,0
2011-09-05,23002,TRAVEL CARD WALLET SKULLS,10
2011-09-06,23002,TRAVEL CARD WALLET SKULLS,0
2011-09-07,23002,TRAVEL CARD WALLET SKULLS,1
2011-09-08,23002,TRAVEL CARD WALLET SKULLS,1
2011-09-09,23002,TRAVEL CARD WALLET SKULLS,24
2011-09-10,23002,TRAVEL CARD WALLET SKULLS,0
2011-09-11,23002,TRAVEL CARD WALLET SKULLS,0
2011-09-12,23002,TRAVEL CARD WALLET SKULLS,0
2011-09-13,23002,TRAVEL CARD WALLET SKULLS,35
2011-09-14,23002,TRAVEL CARD WALLET SKULLS,0
2011-09-15,23002,TRAVEL CARD WALLET SKULLS,4
2011-09-16,23002,TRAVEL CARD WALLET SKULLS,0
2011-09-17,23002,TRAVEL CARD WALLET SKULLS,0
2011-09-18,23002,TRAVEL CARD WALLET SKULLS,0
2011-09-19,23002,TRAVEL CARD WALLET SKULLS,0
2011-09-20,23002,TRAVEL CARD WALLET SKULLS,0
2011-09-21,23002,TRAVEL CARD WALLET SKULLS,4
2011-09-22,23002,TRAVEL CARD WALLET SKULLS,0
2011-09-23,23002,TRAVEL CARD WALLET SKULLS,0
2011-09-24,23002,TRAVEL CARD WALLET SKULLS,0
2011-09-25,23002,TRAVEL CARD WALLET SKULLS,0
2011-09-26,23002,TRAVEL CARD WALLET SKULLS,0
2011-09-27,23002,TRAVEL CARD WALLET SKULLS,1
2011-09-28,23002,TRAVEL CARD WALLET SKULLS,192
2011-09-29,23002,TRAVEL CARD WALLET SKULLS,4
2011-09-30,23002,TRAVEL CARD WALLET SKULLS,48
2011-10-01,23002,TRAVEL CARD WALLET SKULLS,0
2011-10-02,23002,TRAVEL CARD WALLET SKULLS,5
2011-10-03,23002,TRAVEL CARD WALLET SKULLS,0
2011-10-04,23002,TRAVEL CARD WALLET SKULLS,0
2011-10-05,23002,TRAVEL CARD WALLET SKULLS,0
2011-10-06,23002,TRAVEL CARD WALLET SKULLS,1
2011-10-07,23002,TRAVEL CARD WALLET SKULLS,5
2011-10-08,23002,TRAVEL CARD WALLET SKULLS,0
2011-10-09,23002,TRAVEL CARD WALLET SKULLS,0
2011-10-10,23002,TRAVEL CARD WALLET SKULLS,0
2011-10-11,23002,TRAVEL CARD WALLET SKULLS,0
2011-10-12,23002,TRAVEL CARD WALLET SKULLS,1
2011-10-13,23002,TRAVEL CARD WALLET SKULLS,0
2011-10-14,23002,TRAVEL CARD WALLET SKULLS,35
2011-10-15,23002,TRAVEL CARD WALLET SKULLS,0
2011-10-16,23002,TRAVEL CARD WALLET SKULLS,0
2011-10-17,23002,TRAVEL CARD WALLET SKULLS,25
2011-10-18,23002,TRAVEL CARD WALLET SKULLS,44
2011-10-19,23002,TRAVEL CARD WALLET SKULLS,24
2011-10-20,23002,TRAVEL CARD WALLET SKULLS,0
2011-10-21,23002,TRAVEL CARD WALLET SKULLS,24
2011-10-22,23002,TRAVEL CARD WALLET SKULLS,0
2011-10-23,23002,TRAVEL CARD WALLET SKULLS,0
2011-10-24,23002,TRAVEL CARD WALLET SKULLS,25
2011-10-25,23002,TRAVEL CARD WALLET SKULLS,2
2011-10-26,23002,TRAVEL CARD WALLET SKULLS,0
2011-10-27,23002,TRAVEL CARD WALLET SKULLS,24
2011-10-28,23002,TRAVEL CARD WALLET SKULLS,0
2011-10-29,23002,TRAVEL CARD WALLET SKULLS,0
2011-10-30,23002,TRAVEL CARD WALLET SKULLS,3
2011-10-31,23002,TRAVEL CARD WALLET SKULLS,4
2011-11-01,23002,TRAVEL CARD WALLET SKULLS,24
2011-11-02,23002,TRAVEL CARD WALLET SKULLS,1
2011-11-03,23002,TRAVEL CARD WALLET SKULLS,24
2011-11-04,23002,TRAVEL CARD WALLET SKULLS,0
2011-11-05,23002,TRAVEL CARD WALLET SKULLS,0
2011-11-06,23002,TRAVEL CARD WALLET SKULLS,34
2011-11-07,23002,TRAVEL CARD WALLET SKULLS,78
2011-11-08,23002,TRAVEL CARD WALLET SKULLS,3
2011-11-09,23002,TRAVEL CARD WALLET SKULLS,0
2011-11-10,23002,TRAVEL CARD WALLET SKULLS,3
2010-12-01,23186,FRENCH STYLE STORAGE JAR CAFE ,0
2010-12-02,23186,FRENCH STYLE STORAGE JAR CAFE ,0
2010-12-03,23186,FRENCH STYLE STORAGE JAR CAFE ,0
2010-12-04,23186,FRENCH STYLE STORAGE JAR CAFE ,0
2010-12-05,23186,FRENCH STYLE STORAGE JAR CAFE ,0
2010-12-06,23186,FRENCH STYLE STORAGE JAR CAFE ,0
2010-12-07,23186,FRENCH STYLE STORAGE JAR CAFE ,0
2010-12-08,23186,FRENCH STYLE STORAGE JAR CAFE ,0
2010-12-09,23186,FRENCH STYLE STORAGE JAR CAFE ,0
2010-12-10,23186,FRENCH STYLE STORAGE JAR CAFE ,0
2010-12-11,23186,FRENCH STYLE STORAGE JAR CAFE ,0
2010-12-12,23186,FRENCH STYLE STORAGE JAR CAFE ,0
2010-12-13,23186,FRENCH STYLE STORAGE JAR CAFE ,0
2010-12-14,23186,FRENCH STYLE STORAGE JAR CAFE ,0
2010-12-15,23186,FRENCH STYLE STORAGE JAR CAFE ,0
2010-12-16,23186,FRENCH STYLE STORAGE JAR CAFE ,0
2010-12-17,23186,FRENCH STYLE STORAGE JAR CAFE ,0
2010-12-18,23186,FRENCH STYLE STORAGE JAR CAFE ,0
2010-12-19,23186,FRENCH STYLE STORAGE JAR CAFE ,0
2010-12-20,23186,FRENCH STYLE STORAGE JAR CAFE ,0
2010-12-21,23186,FRENCH STYLE STORAGE JAR CAFE ,0
2010-12-22,23186,FRENCH STYLE STORAGE JAR CAFE ,0
2010-12-23,23186,FRENCH STYLE STORAGE JAR CAFE ,0
2010-12-24,23186,FRENCH STYLE STORAGE JAR CAFE ,0
2010-12-25,23186,FRENCH STYLE STORAGE JAR CAFE ,0
2010-12-26,23186,FRENCH STYLE STORAGE JAR CAFE ,0
2010-12-27,23186,FRENCH STYLE STORAGE JAR CAFE ,0
2010-12-28,23186,FRENCH STYLE STORAGE JAR CAFE ,0
2010-12-29,23186,FRENCH STYLE STORAGE JAR CAFE ,0
2010-12-30,23186,FRENCH STYLE STORAGE JAR CAFE ,0
2010-12-31,23186,FRENCH STYLE STORAGE JAR CAFE ,0
2011-01-01,23186,FRENCH STYLE STORAGE JAR CAFE ,0
2011-01-02,23186,FRENCH STYLE STORAGE JAR CAFE ,0
2011-01-03,23186,FRENCH STYLE STORAGE JAR CAFE ,0
2011-01-04,23186,FRENCH STYLE STORAGE JAR CAFE ,0
2011-01-05,23186,FRENCH STYLE STORAGE JAR CAFE ,0
2011-01-06,23186,FRENCH STYLE STORAGE JAR CAFE ,0
2011-01-07,23186,FRENCH STYLE STORAGE JAR CAFE ,0
2011-01-08,23186,FRENCH STYLE STORAGE JAR CAFE ,0
2011-01-09,23186,FRENCH STYLE STORAGE JAR CAFE ,0
2011-01-10,23186,FRENCH STYLE STORAGE JAR CAFE ,0
2011-01-11,23186,FRENCH STYLE STORAGE JAR CAFE ,0
2011-01-12,23186,FRENCH STYLE STORAGE JAR CAFE ,0
2011-01-13,23186,FRENCH STYLE STORAGE JAR CAFE ,0
2011-01-14,23186,FRENCH STYLE STORAGE JAR CAFE ,0
2011-01-15,23186,FRENCH STYLE STORAGE JAR CAFE ,0
2011-01-16,23186,FRENCH STYLE STORAGE JAR CAFE ,0
2011-01-17,23186,FRENCH STYLE STORAGE JAR CAFE ,0
2011-01-18,23186,FRENCH STYLE STORAGE JAR CAFE ,0
2011-01-19,23186,FRENCH STYLE STORAGE JAR CAFE ,0
2011-01-20,23186,FRENCH STYLE STORAGE JAR CAFE ,0
2011-01-21,23186,FRENCH STYLE STORAGE JAR CAFE ,0
2011-01-22,23186,FRENCH STYLE STORAGE JAR CAFE ,0
2011-01-23,23186,FRENCH STYLE STORAGE JAR CAFE ,0
2011-01-24,23186,FRENCH STYLE STORAGE JAR CAFE ,0
2011-01-25,23186,FRENCH STYLE STORAGE JAR CAFE ,0
2011-01-26,23186,FRENCH STYLE STORAGE JAR CAFE ,0
2011-01-27,23186,FRENCH STYLE STORAGE JAR CAFE ,0
2011-01-28,23186,FRENCH STYLE STORAGE JAR CAFE ,0
2011-01-29,23186,FRENCH STYLE STORAGE JAR CAFE ,0
2011-01-30,23186,FRENCH STYLE STORAGE JAR CAFE ,0
2011-01-31,23186,FRENCH STYLE STORAGE JAR CAFE ,0
2011-02-01,23186,FRENCH STYLE STORAGE JAR CAFE ,0
2011-02-02,23186,FRENCH STYLE STORAGE JAR CAFE ,0
2011-02-03,23186,FRENCH STYLE STORAGE JAR CAFE ,0
2011-02-04,23186,FRENCH STYLE STORAGE JAR CAFE ,0
2011-02-05,23186,FRENCH STYLE STORAGE JAR CAFE ,0
2011-02-06,23186,FRENCH STYLE STORAGE JAR CAFE ,0
2011-02-07,23186,FRENCH STYLE STORAGE JAR CAFE ,0
2011-02-08,23186,FRENCH STYLE STORAGE JAR CAFE ,0
2011-02-09,23186,FRENCH STYLE STORAGE JAR CAFE ,0
2011-02-10,23186,FRENCH STYLE STORAGE JAR CAFE ,0
2011-02-11,23186,FRENCH STYLE STORAGE JAR CAFE ,0
2011-02-12,23186,FRENCH STYLE STORAGE JAR CAFE ,0
2011-02-13,23186,FRENCH STYLE STORAGE JAR CAFE ,0
2011-02-14,23186,FRENCH STYLE STORAGE JAR CAFE ,0
2011-02-15,23186,FRENCH STYLE STORAGE JAR CAFE ,0
2011-02-16,23186,FRENCH STYLE STORAGE JAR CAFE ,0
2011-02-17,23186,FRENCH STYLE STORAGE JAR CAFE ,0
2011-02-18,23186,FRENCH STYLE STORAGE JAR CAFE ,0
2011-02-19,23186,FRENCH STYLE STORAGE JAR CAFE ,0
2011-02-20,23186,FRENCH STYLE STORAGE JAR CAFE ,0
2011-02-21,23186,FRENCH STYLE STORAGE JAR CAFE ,0
2011-02-22,23186,FRENCH STYLE STORAGE JAR CAFE ,0
2011-02-23,23186,FRENCH STYLE STORAGE JAR CAFE ,0
2011-02-24,23186,FRENCH STYLE STORAGE JAR CAFE ,0
2011-02-25,23186,FRENCH STYLE STORAGE JAR CAFE ,0
2011-02-26,23186,FRENCH STYLE STORAGE JAR CAFE ,0
2011-02-27,23186,FRENCH STYLE STORAGE JAR CAFE ,0
2011-02-28,23186,FRENCH STYLE STORAGE JAR CAFE ,0
2011-03-01,23186,FRENCH STYLE STORAGE JAR CAFE ,0
2011-03-02,23186,FRENCH STYLE STORAGE JAR CAFE ,0
2011-03-03,23186,FRENCH STYLE STORAGE JAR CAFE ,0
2011-03-04,23186,FRENCH STYLE STORAGE JAR CAFE ,0
2011-03-05,23186,FRENCH STYLE STORAGE JAR CAFE ,0
2011-03-06,23186,FRENCH STYLE STORAGE JAR CAFE ,0
2011-03-07,23186,FRENCH STYLE STORAGE JAR CAFE ,0
2011-03-08,23186,FRENCH STYLE STORAGE JAR CAFE ,6
2011-03-09,23186,FRENCH STYLE STORAGE JAR CAFE ,12
2011-03-10,23186,FRENCH STYLE STORAGE JAR CAFE ,0
2011-03-11,23186,FRENCH STYLE STORAGE JAR CAFE ,0
2011-03-12,23186,FRENCH STYLE STORAGE JAR CAFE ,0
2011-03-13,23186,FRENCH STYLE STORAGE JAR CAFE ,0
2011-03-14,23186,FRENCH STYLE STORAGE JAR CAFE ,0
2011-03-15,23186,FRENCH STYLE STORAGE JAR CAFE ,0
2011-03-16,23186,FRENCH STYLE STORAGE JAR CAFE ,0
2011-03-17,23186,FRENCH STYLE STORAGE JAR CAFE ,0
2011-03-18,23186,FRENCH STYLE STORAGE JAR CAFE ,0
2011-03-19,23186,FRENCH STYLE STORAGE JAR CAFE ,0
2011-03-20,23186,FRENCH STYLE STORAGE JAR CAFE ,0
2011-03-21,23186,FRENCH STYLE STORAGE JAR CAFE ,0
2011-03-22,23186,FRENCH STYLE STORAGE JAR CAFE ,0
2011-03-23,23186,FRENCH STYLE STORAGE JAR CAFE ,0
2011-03-24,23186,FRENCH STYLE STORAGE JAR CAFE ,0
2011-03-25,23186,FRENCH STYLE STORAGE JAR CAFE ,0
2011-03-26,23186,FRENCH STYLE STORAGE JAR CAFE ,0
2011-03-27,23186,FRENCH STYLE STORAGE JAR CAFE ,0
2011-03-28,23186,FRENCH STYLE STORAGE JAR CAFE ,0
2011-03-29,23186,FRENCH STYLE STORAGE JAR CAFE ,0
2011-03-30,23186,FRENCH STYLE STORAGE JAR CAFE ,0
2011-03-31,23186,FRENCH STYLE STORAGE JAR CAFE ,0
2011-04-01,23186,FRENCH STYLE STORAGE JAR CAFE ,0
2011-04-02,23186,FRENCH STYLE STORAGE JAR CAFE ,0
2011-04-03,23186,FRENCH STYLE STORAGE JAR CAFE ,0
2011-04-04,23186,FRENCH STYLE STORAGE JAR CAFE ,0
2011-04-05,23186,FRENCH STYLE STORAGE JAR CAFE ,0
2011-04-06,23186,FRENCH STYLE STORAGE JAR CAFE ,0
2011-04-07,23186,FRENCH STYLE STORAGE JAR CAFE ,0
2011-04-08,23186,FRENCH STYLE STORAGE JAR CAFE ,0
2011-04-09,23186,FRENCH STYLE STORAGE JAR CAFE ,0
2011-04-10,23186,FRENCH STYLE STORAGE JAR CAFE ,0
2011-04-11,23186,FRENCH STYLE STORAGE JAR CAFE ,0
2011-04-12,23186,FRENCH STYLE STORAGE JAR CAFE ,0
2011-04-13,23186,FRENCH STYLE STORAGE JAR CAFE ,0
2011-04-14,23186,FRENCH STYLE STORAGE JAR CAFE ,0
2011-04-15,23186,FRENCH STYLE STORAGE JAR CAFE ,0
2011-04-16,23186,FRENCH STYLE STORAGE JAR CAFE ,0
2011-04-17,23186,FRENCH STYLE STORAGE JAR CAFE ,0
2011-04-18,23186,FRENCH STYLE STORAGE JAR CAFE ,0
2011-04-19,23186,FRENCH STYLE STORAGE JAR CAFE ,0
2011-04-20,23186,FRENCH STYLE STORAGE JAR CAFE ,0
2011-04-21,23186,FRENCH STYLE STORAGE JAR CAFE ,0
2011-04-22,23186,FRENCH STYLE STORAGE JAR CAFE ,0
2011-04-23,23186,FRENCH STYLE STORAGE JAR CAFE ,0
2011-04-24,23186,FRENCH STYLE STORAGE JAR CAFE ,0
2011-04-25,23186,FRENCH STYLE STORAGE JAR CAFE ,0
2011-04-26,23186,FRENCH STYLE STORAGE JAR CAFE ,0
2011-04-27,23186,FRENCH STYLE STORAGE JAR CAFE ,0
2011-04-28,23186,FRENCH STYLE STORAGE JAR CAFE ,0
2011-04-29,23186,FRENCH STYLE STORAGE JAR CAFE ,0
2011-04-30,23186,FRENCH STYLE STORAGE JAR CAFE ,0
2011-05-01,23186,FRENCH STYLE STORAGE JAR CAFE ,0
2011-05-02,23186,FRENCH STYLE STORAGE JAR CAFE ,0
2011-05-03,23186,FRENCH STYLE STORAGE JAR CAFE ,0
2011-05-04,23186,FRENCH STYLE STORAGE JAR CAFE ,0
2011-05-05,23186,FRENCH STYLE STORAGE JAR CAFE ,0
2011-05-06,23186,FRENCH STYLE STORAGE JAR CAFE ,0
2011-05-07,23186,FRENCH STYLE STORAGE JAR CAFE ,0
2011-05-08,23186,FRENCH STYLE STORAGE JAR CAFE ,0
2011-05-09,23186,FRENCH STYLE STORAGE JAR CAFE ,0
2011-05-10,23186,FRENCH STYLE STORAGE JAR CAFE ,0
2011-05-11,23186,FRENCH STYLE STORAGE JAR CAFE ,0
2011-05-12,23186,FRENCH STYLE STORAGE JAR CAFE ,0
2011-05-13,23186,FRENCH STYLE STORAGE JAR CAFE ,0
2011-05-14,23186,FRENCH STYLE STORAGE JAR CAFE ,0
2011-05-15,23186,FRENCH STYLE STORAGE JAR CAFE ,0
2011-05-16,23186,FRENCH STYLE STORAGE JAR CAFE ,0
2011-05-17,23186,FRENCH STYLE STORAGE JAR CAFE ,0
2011-05-18,23186,FRENCH STYLE STORAGE JAR CAFE ,0
2011-05-19,23186,FRENCH STYLE STORAGE JAR CAFE ,0
2011-05-20,23186,FRENCH STYLE STORAGE JAR CAFE ,0
2011-05-21,23186,FRENCH STYLE STORAGE JAR CAFE ,0
2011-05-22,23186,FRENCH STYLE STORAGE JAR CAFE ,0
2011-05-23,23186,FRENCH STYLE STORAGE JAR CAFE ,0
2011-05-24,23186,FRENCH STYLE STORAGE JAR CAFE ,0
2011-05-25,23186,FRENCH STYLE STORAGE JAR CAFE ,0
2011-05-26,23186,FRENCH STYLE STORAGE JAR CAFE ,0
2011-05-27,23186,FRENCH STYLE STORAGE JAR CAFE ,0
2011-05-28,23186,FRENCH STYLE STORAGE JAR CAFE ,0
2011-05-29,23186,FRENCH STYLE STORAGE JAR CAFE ,0
2011-05-30,23186,FRENCH STYLE STORAGE JAR CAFE ,0
2011-05-31,23186,FRENCH STYLE STORAGE JAR CAFE ,0
2011-06-01,23186,FRENCH STYLE STORAGE JAR CAFE ,0
2011-06-02,23186,FRENCH STYLE STORAGE JAR CAFE ,0
2011-06-03,23186,FRENCH STYLE STORAGE JAR CAFE ,0
2011-06-04,23186,FRENCH STYLE STORAGE JAR CAFE ,0
2011-06-05,23186,FRENCH STYLE STORAGE JAR CAFE ,0
2011-06-06,23186,FRENCH STYLE STORAGE JAR CAFE ,0
2011-06-07,23186,FRENCH STYLE STORAGE JAR CAFE ,0
2011-06-08,23186,FRENCH STYLE STORAGE JAR CAFE ,0
2011-06-09,23186,FRENCH STYLE STORAGE JAR CAFE ,0
2011-06-10,23186,FRENCH STYLE STORAGE JAR CAFE ,0
2011-06-11,23186,FRENCH STYLE STORAGE JAR CAFE ,0
2011-06-12,23186,FRENCH STYLE STORAGE JAR CAFE ,0
2011-06-13,23186,FRENCH STYLE STORAGE JAR CAFE ,0
2011-06-14,23186,FRENCH STYLE STORAGE JAR CAFE ,0
2011-06-15,23186,FRENCH STYLE STORAGE JAR CAFE ,0
2011-06-16,23186,FRENCH STYLE STORAGE JAR CAFE ,12
2011-06-17,23186,FRENCH STYLE STORAGE JAR CAFE ,0
2011-06-18,23186,FRENCH STYLE STORAGE JAR CAFE ,0
2011-06-19,23186,FRENCH STYLE STORAGE JAR CAFE ,0
2011-06-20,23186,FRENCH STYLE STORAGE JAR CAFE ,0
2011-06-21,23186,FRENCH STYLE STORAGE JAR CAFE ,0
2011-06-22,23186,FRENCH STYLE STORAGE JAR CAFE ,48
2011-06-23,23186,FRENCH STYLE STORAGE JAR CAFE ,0
2011-06-24,23186,FRENCH STYLE STORAGE JAR CAFE ,0
2011-06-25,23186,FRENCH STYLE STORAGE JAR CAFE ,0
2011-06-26,23186,FRENCH STYLE STORAGE JAR CAFE ,0
2011-06-27,23186,FRENCH STYLE STORAGE JAR CAFE ,0
2011-06-28,23186,FRENCH STYLE STORAGE JAR CAFE ,0
2011-06-29,23186,FRENCH STYLE STORAGE JAR CAFE ,0
2011-06-30,23186,FRENCH STYLE STORAGE JAR CAFE ,0
2011-07-01,23186,FRENCH STYLE STORAGE JAR CAFE ,0
2011-07-02,23186,FRENCH STYLE STORAGE JAR CAFE ,0
2011-07-03,23186,FRENCH STYLE STORAGE JAR CAFE ,6
2011-07-04,23186,FRENCH STYLE STORAGE JAR CAFE ,0
2011-07-05,23186,FRENCH STYLE STORAGE JAR CAFE ,0
2011-07-06,23186,FRENCH STYLE STORAGE JAR CAFE ,12
2011-07-07,23186,FRENCH STYLE STORAGE JAR CAFE ,0
2011-07-08,23186,FRENCH STYLE STORAGE JAR CAFE ,48
2011-07-09,23186,FRENCH STYLE STORAGE JAR CAFE ,0
2011-07-10,23186,FRENCH STYLE STORAGE JAR CAFE ,0
2011-07-11,23186,FRENCH STYLE STORAGE JAR CAFE ,49
2011-07-12,23186,FRENCH STYLE STORAGE JAR CAFE ,48
2011-07-13,23186,FRENCH STYLE STORAGE JAR CAFE ,0
2011-07-14,23186,FRENCH STYLE STORAGE JAR CAFE ,96
2011-07-15,23186,FRENCH STYLE STORAGE JAR CAFE ,0
2011-07-16,23186,FRENCH STYLE STORAGE JAR CAFE ,0
2011-07-17,23186,FRENCH STYLE STORAGE JAR CAFE ,12
2011-07-18,23186,FRENCH STYLE STORAGE JAR CAFE ,0
2011-07-19,23186,FRENCH STYLE STORAGE JAR CAFE ,0
2011-07-20,23186,FRENCH STYLE STORAGE JAR CAFE ,18
2011-07-21,23186,FRENCH STYLE STORAGE JAR CAFE ,48
2011-07-22,23186,FRENCH STYLE STORAGE JAR CAFE ,48
2011-07-23,23186,FRENCH STYLE STORAGE JAR CAFE ,0
2011-07-24,23186,FRENCH STYLE STORAGE JAR CAFE ,6
2011-07-25,23186,FRENCH STYLE STORAGE JAR CAFE ,30
2011-07-26,23186,FRENCH STYLE STORAGE JAR CAFE ,0
2011-07-27,23186,FRENCH STYLE STORAGE JAR CAFE ,0
2011-07-28,23186,FRENCH STYLE STORAGE JAR CAFE ,0
2011-07-29,23186,FRENCH STYLE STORAGE JAR CAFE ,0
2011-07-30,23186,FRENCH STYLE STORAGE JAR CAFE ,0
2011-07-31,23186,FRENCH STYLE STORAGE JAR CAFE ,288
2011-08-01,23186,FRENCH STYLE STORAGE JAR CAFE ,6
2011-08-02,23186,FRENCH STYLE STORAGE JAR CAFE ,0
2011-08-03,23186,FRENCH STYLE STORAGE JAR CAFE ,0
2011-08-04,23186,FRENCH STYLE STORAGE JAR CAFE ,0
2011-08-05,23186,FRENCH STYLE STORAGE JAR CAFE ,18
2011-08-06,23186,FRENCH STYLE STORAGE JAR CAFE ,0
2011-08-07,23186,FRENCH STYLE STORAGE JAR CAFE ,0
2011-08-08,23186,FRENCH STYLE STORAGE JAR CAFE ,48
2011-08-09,23186,FRENCH STYLE STORAGE JAR CAFE ,0
2011-08-10,23186,FRENCH STYLE STORAGE JAR CAFE ,0
2011-08-11,23186,FRENCH STYLE STORAGE JAR CAFE ,0
2011-08-12,23186,FRENCH STYLE STORAGE JAR CAFE ,0
2011-08-13,23186,FRENCH STYLE STORAGE JAR CAFE ,0
2011-08-14,23186,FRENCH STYLE STORAGE JAR CAFE ,0
2011-08-15,23186,FRENCH STYLE STORAGE JAR CAFE ,0
2011-08-16,23186,FRENCH STYLE STORAGE JAR CAFE ,0
2011-08-17,23186,FRENCH STYLE STORAGE JAR CAFE ,0
2011-08-18,23186,FRENCH STYLE STORAGE JAR CAFE ,0
2011-08-19,23186,FRENCH STYLE STORAGE JAR CAFE ,0
2011-08-20,23186,FRENCH STYLE STORAGE JAR CAFE ,0
2011-08-21,23186,FRENCH STYLE STORAGE JAR CAFE ,0
2011-08-22,23186,FRENCH STYLE STORAGE JAR CAFE ,0
2011-08-23,23186,FRENCH STYLE STORAGE JAR CAFE ,0
2011-08-24,23186,FRENCH STYLE STORAGE JAR CAFE ,0
2011-08-25,23186,FRENCH STYLE STORAGE JAR CAFE ,48
2011-08-26,23186,FRENCH STYLE STORAGE JAR CAFE ,0
2011-08-27,23186,FRENCH STYLE STORAGE JAR CAFE ,0
2011-08-28,23186,FRENCH STYLE STORAGE JAR CAFE ,0
2011-08-29,23186,FRENCH STYLE STORAGE JAR CAFE ,0
2011-08-30,23186,FRENCH STYLE STORAGE JAR CAFE ,0
2011-08-31,23186,FRENCH STYLE STORAGE JAR CAFE ,0
2011-09-01,23186,FRENCH STYLE STORAGE JAR CAFE ,0
2011-09-02,23186,FRENCH STYLE STORAGE JAR CAFE ,0
2011-09-03,23186,FRENCH STYLE STORAGE JAR CAFE ,0
2011-09-04,23186,FRENCH STYLE STORAGE JAR CAFE ,12
2011-09-05,23186,FRENCH STYLE STORAGE JAR CAFE ,6
2011-09-06,23186,FRENCH STYLE STORAGE JAR CAFE ,0
2011-09-07,23186,FRENCH STYLE STORAGE JAR CAFE ,48
2011-09-08,23186,FRENCH STYLE STORAGE JAR CAFE ,0
2011-09-09,23186,FRENCH STYLE STORAGE JAR CAFE ,0
2011-09-10,23186,FRENCH STYLE STORAGE JAR CAFE ,0
2011-09-11,23186,FRENCH STYLE STORAGE JAR CAFE ,0
2011-09-12,23186,FRENCH STYLE STORAGE JAR CAFE ,0
2011-09-13,23186,FRENCH STYLE STORAGE JAR CAFE ,6
2011-09-14,23186,FRENCH STYLE STORAGE JAR CAFE ,96
2011-09-15,23186,FRENCH STYLE STORAGE JAR CAFE ,0
2011-09-16,23186,FRENCH STYLE STORAGE JAR CAFE ,6
2011-09-17,23186,FRENCH STYLE STORAGE JAR CAFE ,0
2011-09-18,23186,FRENCH STYLE STORAGE JAR CAFE ,12
2011-09-19,23186,FRENCH STYLE STORAGE JAR CAFE ,6
2011-09-20,23186,FRENCH STYLE STORAGE JAR CAFE ,0
2011-09-21,23186,FRENCH STYLE STORAGE JAR CAFE ,0
2011-09-22,23186,FRENCH STYLE STORAGE JAR CAFE ,48
2011-09-23,23186,FRENCH STYLE STORAGE JAR CAFE ,66
2011-09-24,23186,FRENCH STYLE STORAGE JAR CAFE ,0
2011-09-25,23186,FRENCH STYLE STORAGE JAR CAFE ,0
2011-09-26,23186,FRENCH STYLE STORAGE JAR CAFE ,0
2011-09-27,23186,FRENCH STYLE STORAGE JAR CAFE ,48
2011-09-28,23186,FRENCH STYLE STORAGE JAR CAFE ,0
2011-09-29,23186,FRENCH STYLE STORAGE JAR CAFE ,0
2011-09-30,23186,FRENCH STYLE STORAGE JAR CAFE ,0
2011-10-01,23186,FRENCH STYLE STORAGE JAR CAFE ,0
2011-10-02,23186,FRENCH STYLE STORAGE JAR CAFE ,11
2011-10-03,23186,FRENCH STYLE STORAGE JAR CAFE ,0
2011-10-04,23186,FRENCH STYLE STORAGE JAR CAFE ,0
2011-10-05,23186,FRENCH STYLE STORAGE JAR CAFE ,0
2011-10-06,23186,FRENCH STYLE STORAGE JAR CAFE ,48
2011-10-07,23186,FRENCH STYLE STORAGE JAR CAFE ,0
2011-10-08,23186,FRENCH STYLE STORAGE JAR CAFE ,0
2011-10-09,23186,FRENCH STYLE STORAGE JAR CAFE ,0
2011-10-10,23186,FRENCH STYLE STORAGE JAR CAFE ,0
2011-10-11,23186,FRENCH STYLE STORAGE JAR CAFE ,54
2011-10-12,23186,FRENCH STYLE STORAGE JAR CAFE ,0
2011-10-13,23186,FRENCH STYLE STORAGE JAR CAFE ,0
2011-10-14,23186,FRENCH STYLE STORAGE JAR CAFE ,0
2011-10-15,23186,FRENCH STYLE STORAGE JAR CAFE ,0
2011-10-16,23186,FRENCH STYLE STORAGE JAR CAFE ,6
2011-10-17,23186,FRENCH STYLE STORAGE JAR CAFE ,0
2011-10-18,23186,FRENCH STYLE STORAGE JAR CAFE ,0
2011-10-19,23186,FRENCH STYLE STORAGE JAR CAFE ,48
2011-10-20,23186,FRENCH STYLE STORAGE JAR CAFE ,0
2011-10-21,23186,FRENCH STYLE STORAGE JAR CAFE ,0
2011-10-22,23186,FRENCH STYLE STORAGE JAR CAFE ,0
2011-10-23,23186,FRENCH STYLE STORAGE JAR CAFE ,0
2011-10-24,23186,FRENCH STYLE STORAGE JAR CAFE ,0
2011-10-25,23186,FRENCH STYLE STORAGE JAR CAFE ,6
2011-10-26,23186,FRENCH STYLE STORAGE JAR CAFE ,0
2011-10-27,23186,FRENCH STYLE STORAGE JAR CAFE ,6
2011-10-28,23186,FRENCH STYLE STORAGE JAR CAFE ,0
2011-10-29,23186,FRENCH STYLE STORAGE JAR CAFE ,0
2011-10-30,23186,FRENCH STYLE STORAGE JAR CAFE ,9
2011-10-31,23186,FRENCH STYLE STORAGE JAR CAFE ,0
2011-11-01,23186,FRENCH STYLE STORAGE JAR CAFE ,6
2011-11-02,23186,FRENCH STYLE STORAGE JAR CAFE ,6
2011-11-03,23186,FRENCH STYLE STORAGE JAR CAFE ,120
2011-11-04,23186,FRENCH STYLE STORAGE JAR CAFE ,0
2011-11-05,23186,FRENCH STYLE STORAGE JAR CAFE ,0
2011-11-06,23186,FRENCH STYLE STORAGE JAR CAFE ,3
2011-11-07,23186,FRENCH STYLE STORAGE JAR CAFE ,6
2011-11-08,23186,FRENCH STYLE STORAGE JAR CAFE ,0
2011-11-09,23186,FRENCH STYLE STORAGE JAR CAFE ,0
2011-11-10,23186,FRENCH STYLE STORAGE JAR CAFE ,54
2010-12-01,47566b,TEA TIME PARTY BUNTING,0
2010-12-02,47566b,TEA TIME PARTY BUNTING,0
2010-12-03,47566b,TEA TIME PARTY BUNTING,2
2010-12-04,47566b,TEA TIME PARTY BUNTING,0
2010-12-05,47566b,TEA TIME PARTY BUNTING,0
2010-12-06,47566b,TEA TIME PARTY BUNTING,0
2010-12-07,47566b,TEA TIME PARTY BUNTING,2
2010-12-08,47566b,TEA TIME PARTY BUNTING,0
2010-12-09,47566b,TEA TIME PARTY BUNTING,1
2010-12-10,47566b,TEA TIME PARTY BUNTING,0
2010-12-11,47566b,TEA TIME PARTY BUNTING,0
2010-12-12,47566b,TEA TIME PARTY BUNTING,0
2010-12-13,47566b,TEA TIME PARTY BUNTING,0
2010-12-14,47566b,TEA TIME PARTY BUNTING,0
2010-12-15,47566b,TEA TIME PARTY BUNTING,0
2010-12-16,47566b,TEA TIME PARTY BUNTING,0
2010-12-17,47566b,TEA TIME PARTY BUNTING,0
2010-12-18,47566b,TEA TIME PARTY BUNTING,0
2010-12-19,47566b,TEA TIME PARTY BUNTING,0
2010-12-20,47566b,TEA TIME PARTY BUNTING,0
2010-12-21,47566b,TEA TIME PARTY BUNTING,3
2010-12-22,47566b,TEA TIME PARTY BUNTING,0
2010-12-23,47566b,TEA TIME PARTY BUNTING,0
2010-12-24,47566b,TEA TIME PARTY BUNTING,0
2010-12-25,47566b,TEA TIME PARTY BUNTING,0
2010-12-26,47566b,TEA TIME PARTY BUNTING,0
2010-12-27,47566b,TEA TIME PARTY BUNTING,0
2010-12-28,47566b,TEA TIME PARTY BUNTING,0
2010-12-29,47566b,TEA TIME PARTY BUNTING,0
2010-12-30,47566b,TEA TIME PARTY BUNTING,0
2010-12-31,47566b,TEA TIME PARTY BUNTING,0
2011-01-01,47566b,TEA TIME PARTY BUNTING,0
2011-01-02,47566b,TEA TIME PARTY BUNTING,0
2011-01-03,47566b,TEA TIME PARTY BUNTING,0
2011-01-04,47566b,TEA TIME PARTY BUNTING,0
2011-01-05,47566b,TEA TIME PARTY BUNTING,0
2011-01-06,47566b,TEA TIME PARTY BUNTING,0
2011-01-07,47566b,TEA TIME PARTY BUNTING,0
2011-01-08,47566b,TEA TIME PARTY BUNTING,0
2011-01-09,47566b,TEA TIME PARTY BUNTING,0
2011-01-10,47566b,TEA TIME PARTY BUNTING,0
2011-01-11,47566b,TEA TIME PARTY BUNTING,0
2011-01-12,47566b,TEA TIME PARTY BUNTING,0
2011-01-13,47566b,TEA TIME PARTY BUNTING,0
2011-01-14,47566b,TEA TIME PARTY BUNTING,6
2011-01-15,47566b,TEA TIME PARTY BUNTING,0
2011-01-16,47566b,TEA TIME PARTY BUNTING,0
2011-01-17,47566b,TEA TIME PARTY BUNTING,0
2011-01-18,47566b,TEA TIME PARTY BUNTING,1
2011-01-19,47566b,TEA TIME PARTY BUNTING,1
2011-01-20,47566b,TEA TIME PARTY BUNTING,0
2011-01-21,47566b,TEA TIME PARTY BUNTING,1
2011-01-22,47566b,TEA TIME PARTY BUNTING,0
2011-01-23,47566b,TEA TIME PARTY BUNTING,0
2011-01-24,47566b,TEA TIME PARTY BUNTING,0
2011-01-25,47566b,TEA TIME PARTY BUNTING,0
2011-01-26,47566b,TEA TIME PARTY BUNTING,0
2011-01-27,47566b,TEA TIME PARTY BUNTING,0
2011-01-28,47566b,TEA TIME PARTY BUNTING,0
2011-01-29,47566b,TEA TIME PARTY BUNTING,0
2011-01-30,47566b,TEA TIME PARTY BUNTING,0
2011-01-31,47566b,TEA TIME PARTY BUNTING,0
2011-02-01,47566b,TEA TIME PARTY BUNTING,0
2011-02-02,47566b,TEA TIME PARTY BUNTING,1
2011-02-03,47566b,TEA TIME PARTY BUNTING,0
2011-02-04,47566b,TEA TIME PARTY BUNTING,4
2011-02-05,47566b,TEA TIME PARTY BUNTING,0
2011-02-06,47566b,TEA TIME PARTY BUNTING,0
2011-02-07,47566b,TEA TIME PARTY BUNTING,0
2011-02-08,47566b,TEA TIME PARTY BUNTING,0
2011-02-09,47566b,TEA TIME PARTY BUNTING,4
2011-02-10,47566b,TEA TIME PARTY BUNTING,1
2011-02-11,47566b,TEA TIME PARTY BUNTING,0
2011-02-12,47566b,TEA TIME PARTY BUNTING,0
2011-02-13,47566b,TEA TIME PARTY BUNTING,0
2011-02-14,47566b,TEA TIME PARTY BUNTING,0
2011-02-15,47566b,TEA TIME PARTY BUNTING,0
2011-02-16,47566b,TEA TIME PARTY BUNTING,0
2011-02-17,47566b,TEA TIME PARTY BUNTING,0
2011-02-18,47566b,TEA TIME PARTY BUNTING,0
2011-02-19,47566b,TEA TIME PARTY BUNTING,0
2011-02-20,47566b,TEA TIME PARTY BUNTING,0
2011-02-21,47566b,TEA TIME PARTY BUNTING,0
2011-02-22,47566b,TEA TIME PARTY BUNTING,0
2011-02-23,47566b,TEA TIME PARTY BUNTING,2
2011-02-24,47566b,TEA TIME PARTY BUNTING,0
2011-02-25,47566b,TEA TIME PARTY BUNTING,0
2011-02-26,47566b,TEA TIME PARTY BUNTING,0
2011-02-27,47566b,TEA TIME PARTY BUNTING,0
2011-02-28,47566b,TEA TIME PARTY BUNTING,0
2011-03-01,47566b,TEA TIME PARTY BUNTING,0
2011-03-02,47566b,TEA TIME PARTY BUNTING,0
2011-03-03,47566b,TEA TIME PARTY BUNTING,0
2011-03-04,47566b,TEA TIME PARTY BUNTING,0
2011-03-05,47566b,TEA TIME PARTY BUNTING,0
2011-03-06,47566b,TEA TIME PARTY BUNTING,0
2011-03-07,47566b,TEA TIME PARTY BUNTING,1
2011-03-08,47566b,TEA TIME PARTY BUNTING,0
2011-03-09,47566b,TEA TIME PARTY BUNTING,0
2011-03-10,47566b,TEA TIME PARTY BUNTING,0
2011-03-11,47566b,TEA TIME PARTY BUNTING,0
2011-03-12,47566b,TEA TIME PARTY BUNTING,0
2011-03-13,47566b,TEA TIME PARTY BUNTING,0
2011-03-14,47566b,TEA TIME PARTY BUNTING,0
2011-03-15,47566b,TEA TIME PARTY BUNTING,4
2011-03-16,47566b,TEA TIME PARTY BUNTING,0
2011-03-17,47566b,TEA TIME PARTY BUNTING,0
2011-03-18,47566b,TEA TIME PARTY BUNTING,4
2011-03-19,47566b,TEA TIME PARTY BUNTING,0
2011-03-20,47566b,TEA TIME PARTY BUNTING,0
2011-03-21,47566b,TEA TIME PARTY BUNTING,0
2011-03-22,47566b,TEA TIME PARTY BUNTING,3
2011-03-23,47566b,TEA TIME PARTY BUNTING,2
2011-03-24,47566b,TEA TIME PARTY BUNTING,0
2011-03-25,47566b,TEA TIME PARTY BUNTING,0
2011-03-26,47566b,TEA TIME PARTY BUNTING,0
2011-03-27,47566b,TEA TIME PARTY BUNTING,0
2011-03-28,47566b,TEA TIME PARTY BUNTING,0
2011-03-29,47566b,TEA TIME PARTY BUNTING,3
2011-03-30,47566b,TEA TIME PARTY BUNTING,0
2011-03-31,47566b,TEA TIME PARTY BUNTING,6
2011-04-01,47566b,TEA TIME PARTY BUNTING,3
2011-04-02,47566b,TEA TIME PARTY BUNTING,0
2011-04-03,47566b,TEA TIME PARTY BUNTING,0
2011-04-04,47566b,TEA TIME PARTY BUNTING,0
2011-04-05,47566b,TEA TIME PARTY BUNTING,0
2011-04-06,47566b,TEA TIME PARTY BUNTING,0
2011-04-07,47566b,TEA TIME PARTY BUNTING,0
2011-04-08,47566b,TEA TIME PARTY BUNTING,0
2011-04-09,47566b,TEA TIME PARTY BUNTING,0
2011-04-10,47566b,TEA TIME PARTY BUNTING,0
2011-04-11,47566b,TEA TIME PARTY BUNTING,0
2011-04-12,47566b,TEA TIME PARTY BUNTING,0
2011-04-13,47566b,TEA TIME PARTY BUNTING,0
2011-04-14,47566b,TEA TIME PARTY BUNTING,0
2011-04-15,47566b,TEA TIME PARTY BUNTING,8
2011-04-16,47566b,TEA TIME PARTY BUNTING,0
2011-04-17,47566b,TEA TIME PARTY BUNTING,0
2011-04-18,47566b,TEA TIME PARTY BUNTING,0
2011-04-19,47566b,TEA TIME PARTY BUNTING,0
2011-04-20,47566b,TEA TIME PARTY BUNTING,0
2011-04-21,47566b,TEA TIME PARTY BUNTING,0
2011-04-22,47566b,TEA TIME PARTY BUNTING,0
2011-04-23,47566b,TEA TIME PARTY BUNTING,0
2011-04-24,47566b,TEA TIME PARTY BUNTING,0
2011-04-25,47566b,TEA TIME PARTY BUNTING,0
2011-04-26,47566b,TEA TIME PARTY BUNTING,13
2011-04-27,47566b,TEA TIME PARTY BUNTING,0
2011-04-28,47566b,TEA TIME PARTY BUNTING,0
2011-04-29,47566b,TEA TIME PARTY BUNTING,0
2011-04-30,47566b,TEA TIME PARTY BUNTING,0
2011-05-01,47566b,TEA TIME PARTY BUNTING,0
2011-05-02,47566b,TEA TIME PARTY BUNTING,0
2011-05-03,47566b,TEA TIME PARTY BUNTING,0
2011-05-04,47566b,TEA TIME PARTY BUNTING,0
2011-05-05,47566b,TEA TIME PARTY BUNTING,0
2011-05-06,47566b,TEA TIME PARTY BUNTING,0
2011-05-07,47566b,TEA TIME PARTY BUNTING,0
2011-05-08,47566b,TEA TIME PARTY BUNTING,0
2011-05-09,47566b,TEA TIME PARTY BUNTING,0
2011-05-10,47566b,TEA TIME PARTY BUNTING,5
2011-05-11,47566b,TEA TIME PARTY BUNTING,0
2011-05-12,47566b,TEA TIME PARTY BUNTING,0
2011-05-13,47566b,TEA TIME PARTY BUNTING,0
2011-05-14,47566b,TEA TIME PARTY BUNTING,0
2011-05-15,47566b,TEA TIME PARTY BUNTING,0
2011-05-16,47566b,TEA TIME PARTY BUNTING,0
2011-05-17,47566b,TEA TIME PARTY BUNTING,4
2011-05-18,47566b,TEA TIME PARTY BUNTING,0
2011-05-19,47566b,TEA TIME PARTY BUNTING,13
2011-05-20,47566b,TEA TIME PARTY BUNTING,0
2011-05-21,47566b,TEA TIME PARTY BUNTING,0
2011-05-22,47566b,TEA TIME PARTY BUNTING,0
2011-05-23,47566b,TEA TIME PARTY BUNTING,4
2011-05-24,47566b,TEA TIME PARTY BUNTING,0
2011-05-25,47566b,TEA TIME PARTY BUNTING,0
2011-05-26,47566b,TEA TIME PARTY BUNTING,4
2011-05-27,47566b,TEA TIME PARTY BUNTING,7
2011-05-28,47566b,TEA TIME PARTY BUNTING,0
2011-05-29,47566b,TEA TIME PARTY BUNTING,0
2011-05-30,47566b,TEA TIME PARTY BUNTING,0
2011-05-31,47566b,TEA TIME PARTY BUNTING,0
2011-06-01,47566b,TEA TIME PARTY BUNTING,0
2011-06-02,47566b,TEA TIME PARTY BUNTING,5
2011-06-03,47566b,TEA TIME PARTY BUNTING,0
2011-06-04,47566b,TEA TIME PARTY BUNTING,0
2011-06-05,47566b,TEA TIME PARTY BUNTING,0
2011-06-06,47566b,TEA TIME PARTY BUNTING,0
2011-06-07,47566b,TEA TIME PARTY BUNTING,0
2011-06-08,47566b,TEA TIME PARTY BUNTING,5
2011-06-09,47566b,TEA TIME PARTY BUNTING,0
2011-06-10,47566b,TEA TIME PARTY BUNTING,1
2011-06-11,47566b,TEA TIME PARTY BUNTING,0
2011-06-12,47566b,TEA TIME PARTY BUNTING,0
2011-06-13,47566b,TEA TIME PARTY BUNTING,1
2011-06-14,47566b,TEA TIME PARTY BUNTING,0
2011-06-15,47566b,TEA TIME PARTY BUNTING,10
2011-06-16,47566b,TEA TIME PARTY BUNTING,0
2011-06-17,47566b,TEA TIME PARTY BUNTING,0
2011-06-18,47566b,TEA TIME PARTY BUNTING,0
2011-06-19,47566b,TEA TIME PARTY BUNTING,0
2011-06-20,47566b,TEA TIME PARTY BUNTING,4
2011-06-21,47566b,TEA TIME PARTY BUNTING,1
2011-06-22,47566b,TEA TIME PARTY BUNTING,0
2011-06-23,47566b,TEA TIME PARTY BUNTING,0
2011-06-24,47566b,TEA TIME PARTY BUNTING,0
2011-06-25,47566b,TEA TIME PARTY BUNTING,0
2011-06-26,47566b,TEA TIME PARTY BUNTING,0
2011-06-27,47566b,TEA TIME PARTY BUNTING,5
2011-06-28,47566b,TEA TIME PARTY BUNTING,0
2011-06-29,47566b,TEA TIME PARTY BUNTING,0
2011-06-30,47566b,TEA TIME PARTY BUNTING,0
2011-07-01,47566b,TEA TIME PARTY BUNTING,7
2011-07-02,47566b,TEA TIME PARTY BUNTING,0
2011-07-03,47566b,TEA TIME PARTY BUNTING,0
2011-07-04,47566b,TEA TIME PARTY BUNTING,8
2011-07-05,47566b,TEA TIME PARTY BUNTING,4
2011-07-06,47566b,TEA TIME PARTY BUNTING,0
2011-07-07,47566b,TEA TIME PARTY BUNTING,0
2011-07-08,47566b,TEA TIME PARTY BUNTING,9
2011-07-09,47566b,TEA TIME PARTY BUNTING,0
2011-07-10,47566b,TEA TIME PARTY BUNTING,0
2011-07-11,47566b,TEA TIME PARTY BUNTING,0
2011-07-12,47566b,TEA TIME PARTY BUNTING,0
2011-07-13,47566b,TEA TIME PARTY BUNTING,0
2011-07-14,47566b,TEA TIME PARTY BUNTING,0
2011-07-15,47566b,TEA TIME PARTY BUNTING,0
2011-07-16,47566b,TEA TIME PARTY BUNTING,0
2011-07-17,47566b,TEA TIME PARTY BUNTING,0
2011-07-18,47566b,TEA TIME PARTY BUNTING,0
2011-07-19,47566b,TEA TIME PARTY BUNTING,0
2011-07-20,47566b,TEA TIME PARTY BUNTING,0
2011-07-21,47566b,TEA TIME PARTY BUNTING,0
2011-07-22,47566b,TEA TIME PARTY BUNTING,0
2011-07-23,47566b,TEA TIME PARTY BUNTING,0
2011-07-24,47566b,TEA TIME PARTY BUNTING,0
2011-07-25,47566b,TEA TIME PARTY BUNTING,0
2011-07-26,47566b,TEA TIME PARTY BUNTING,0
2011-07-27,47566b,TEA TIME PARTY BUNTING,0
2011-07-28,47566b,TEA TIME PARTY BUNTING,0
2011-07-29,47566b,TEA TIME PARTY BUNTING,0
2011-07-30,47566b,TEA TIME PARTY BUNTING,0
2011-07-31,47566b,TEA TIME PARTY BUNTING,0
2011-08-01,47566b,TEA TIME PARTY BUNTING,0
2011-08-02,47566b,TEA TIME PARTY BUNTING,0
2011-08-03,47566b,TEA TIME PARTY BUNTING,0
2011-08-04,47566b,TEA TIME PARTY BUNTING,0
2011-08-05,47566b,TEA TIME PARTY BUNTING,0
2011-08-06,47566b,TEA TIME PARTY BUNTING,0
2011-08-07,47566b,TEA TIME PARTY BUNTING,0
2011-08-08,47566b,TEA TIME PARTY BUNTING,0
2011-08-09,47566b,TEA TIME PARTY BUNTING,0
2011-08-10,47566b,TEA TIME PARTY BUNTING,0
2011-08-11,47566b,TEA TIME PARTY BUNTING,0
2011-08-12,47566b,TEA TIME PARTY BUNTING,0
2011-08-13,47566b,TEA TIME PARTY BUNTING,0
2011-08-14,47566b,TEA TIME PARTY BUNTING,0
2011-08-15,47566b,TEA TIME PARTY BUNTING,0
2011-08-16,47566b,TEA TIME PARTY BUNTING,0
2011-08-17,47566b,TEA TIME PARTY BUNTING,0
2011-08-18,47566b,TEA TIME PARTY BUNTING,0
2011-08-19,47566b,TEA TIME PARTY BUNTING,0
2011-08-20,47566b,TEA TIME PARTY BUNTING,0
2011-08-21,47566b,TEA TIME PARTY BUNTING,0
2011-08-22,47566b,TEA TIME PARTY BUNTING,0
2011-08-23,47566b,TEA TIME PARTY BUNTING,0
2011-08-24,47566b,TEA TIME PARTY BUNTING,0
2011-08-25,47566b,TEA TIME PARTY BUNTING,0
2011-08-26,47566b,TEA TIME PARTY BUNTING,0
2011-08-27,47566b,TEA TIME PARTY BUNTING,0
2011-08-28,47566b,TEA TIME PARTY BUNTING,0
2011-08-29,47566b,TEA TIME PARTY BUNTING,0
2011-08-30,47566b,TEA TIME PARTY BUNTING,0
2011-08-31,47566b,TEA TIME PARTY BUNTING,0
2011-09-01,47566b,TEA TIME PARTY BUNTING,0
2011-09-02,47566b,TEA TIME PARTY BUNTING,0
2011-09-03,47566b,TEA TIME PARTY BUNTING,0
2011-09-04,47566b,TEA TIME PARTY BUNTING,0
2011-09-05,47566b,TEA TIME PARTY BUNTING,0
2011-09-06,47566b,TEA TIME PARTY BUNTING,0
2011-09-07,47566b,TEA TIME PARTY BUNTING,6
2011-09-08,47566b,TEA TIME PARTY BUNTING,0
2011-09-09,47566b,TEA TIME PARTY BUNTING,0
2011-09-10,47566b,TEA TIME PARTY BUNTING,0
2011-09-11,47566b,TEA TIME PARTY BUNTING,0
2011-09-12,47566b,TEA TIME PARTY BUNTING,0
2011-09-13,47566b,TEA TIME PARTY BUNTING,1
2011-09-14,47566b,TEA TIME PARTY BUNTING,0
2011-09-15,47566b,TEA TIME PARTY BUNTING,3
2011-09-16,47566b,TEA TIME PARTY BUNTING,2
2011-09-17,47566b,TEA TIME PARTY BUNTING,0
2011-09-18,47566b,TEA TIME PARTY BUNTING,0
2011-09-19,47566b,TEA TIME PARTY BUNTING,0
2011-09-20,47566b,TEA TIME PARTY BUNTING,2
2011-09-21,47566b,TEA TIME PARTY BUNTING,0
2011-09-22,47566b,TEA TIME PARTY BUNTING,0
2011-09-23,47566b,TEA TIME PARTY BUNTING,2
2011-09-24,47566b,TEA TIME PARTY BUNTING,0
2011-09-25,47566b,TEA TIME PARTY BUNTING,0
2011-09-26,47566b,TEA TIME PARTY BUNTING,0
2011-09-27,47566b,TEA TIME PARTY BUNTING,0
2011-09-28,47566b,TEA TIME PARTY BUNTING,0
2011-09-29,47566b,TEA TIME PARTY BUNTING,0
2011-09-30,47566b,TEA TIME PARTY BUNTING,0
2011-10-01,47566b,TEA TIME PARTY BUNTING,0
2011-10-02,47566b,TEA TIME PARTY BUNTING,0
2011-10-03,47566b,TEA TIME PARTY BUNTING,0
2011-10-04,47566b,TEA TIME PARTY BUNTING,0
2011-10-05,47566b,TEA TIME PARTY BUNTING,0
2011-10-06,47566b,TEA TIME PARTY BUNTING,0
2011-10-07,47566b,TEA TIME PARTY BUNTING,0
2011-10-08,47566b,TEA TIME PARTY BUNTING,0
2011-10-09,47566b,TEA TIME PARTY BUNTING,0
2011-10-10,47566b,TEA TIME PARTY BUNTING,0
2011-10-11,47566b,TEA TIME PARTY BUNTING,0
2011-10-12,47566b,TEA TIME PARTY BUNTING,0
2011-10-13,47566b,TEA TIME PARTY BUNTING,0
2011-10-14,47566b,TEA TIME PARTY BUNTING,0
2011-10-15,47566b,TEA TIME PARTY BUNTING,0
2011-10-16,47566b,TEA TIME PARTY BUNTING,0
2011-10-17,47566b,TEA TIME PARTY BUNTING,0
2011-10-18,47566b,TEA TIME PARTY BUNTING,0
2011-10-19,47566b,TEA TIME PARTY BUNTING,3
2011-10-20,47566b,TEA TIME PARTY BUNTING,0
2011-10-21,47566b,TEA TIME PARTY BUNTING,0
2011-10-22,47566b,TEA TIME PARTY BUNTING,0
2011-10-23,47566b,TEA TIME PARTY BUNTING,0
2011-10-24,47566b,TEA TIME PARTY BUNTING,1
2011-10-25,47566b,TEA TIME PARTY BUNTING,0
2011-10-26,47566b,TEA TIME PARTY BUNTING,0
2011-10-27,47566b,TEA TIME PARTY BUNTING,0
2011-10-28,47566b,TEA TIME PARTY BUNTING,0
2011-10-29,47566b,TEA TIME PARTY BUNTING,0
2011-10-30,47566b,TEA TIME PARTY BUNTING,0
2011-10-31,47566b,TEA TIME PARTY BUNTING,4
2011-11-01,47566b,TEA TIME PARTY BUNTING,0
2011-11-02,47566b,TEA TIME PARTY BUNTING,0
2011-11-03,47566b,TEA TIME PARTY BUNTING,0
2011-11-04,47566b,TEA TIME PARTY BUNTING,0
2011-11-05,47566b,TEA TIME PARTY BUNTING,0
2011-11-06,47566b,TEA TIME PARTY BUNTING,0
2011-11-07,47566b,TEA TIME PARTY BUNTING,0
2011-11-08,47566b,TEA TIME PARTY BUNTING,2
2011-11-09,47566b,TEA TIME PARTY BUNTING,0
2011-11-10,47566b,TEA TIME PARTY BUNTING,0
2010-12-01,85130D,BEADED CRYSTAL HEART PINK LARGE,0
2010-12-02,85130D,BEADED CRYSTAL HEART PINK LARGE,0
2010-12-03,85130D,BEADED CRYSTAL HEART PINK LARGE,0
2010-12-04,85130D,BEADED CRYSTAL HEART PINK LARGE,0
2010-12-05,85130D,BEADED CRYSTAL HEART PINK LARGE,5
2010-12-06,85130D,BEADED CRYSTAL HEART PINK LARGE,0
2010-12-07,85130D,BEADED CRYSTAL HEART PINK LARGE,0
2010-12-08,85130D,BEADED CRYSTAL HEART PINK LARGE,0
2010-12-09,85130D,BEADED CRYSTAL HEART PINK LARGE,0
2010-12-10,85130D,BEADED CRYSTAL HEART PINK LARGE,0
2010-12-11,85130D,BEADED CRYSTAL HEART PINK LARGE,0
2010-12-12,85130D,BEADED CRYSTAL HEART PINK LARGE,0
2010-12-13,85130D,BEADED CRYSTAL HEART PINK LARGE,0
2010-12-14,85130D,BEADED CRYSTAL HEART PINK LARGE,0
2010-12-15,85130D,BEADED CRYSTAL HEART PINK LARGE,1
2010-12-16,85130D,BEADED CRYSTAL HEART PINK LARGE,0
2010-12-17,85130D,BEADED CRYSTAL HEART PINK LARGE,0
2010-12-18,85130D,BEADED CRYSTAL HEART PINK LARGE,0
2010-12-19,85130D,BEADED CRYSTAL HEART PINK LARGE,0
2010-12-20,85130D,BEADED CRYSTAL HEART PINK LARGE,0
2010-12-21,85130D,BEADED CRYSTAL HEART PINK LARGE,0
2010-12-22,85130D,BEADED CRYSTAL HEART PINK LARGE,0
2010-12-23,85130D,BEADED CRYSTAL HEART PINK LARGE,0
2010-12-24,85130D,BEADED CRYSTAL HEART PINK LARGE,0
2010-12-25,85130D,BEADED CRYSTAL HEART PINK LARGE,0
2010-12-26,85130D,BEADED CRYSTAL HEART PINK LARGE,0
2010-12-27,85130D,BEADED CRYSTAL HEART PINK LARGE,0
2010-12-28,85130D,BEADED CRYSTAL HEART PINK LARGE,0
2010-12-29,85130D,BEADED CRYSTAL HEART PINK LARGE,0
2010-12-30,85130D,BEADED CRYSTAL HEART PINK LARGE,0
2010-12-31,85130D,BEADED CRYSTAL HEART PINK LARGE,0
2011-01-01,85130D,BEADED CRYSTAL HEART PINK LARGE,0
2011-01-02,85130D,BEADED CRYSTAL HEART PINK LARGE,0
2011-01-03,85130D,BEADED CRYSTAL HEART PINK LARGE,0
2011-01-04,85130D,BEADED CRYSTAL HEART PINK LARGE,0
2011-01-05,85130D,BEADED CRYSTAL HEART PINK LARGE,0
2011-01-06,85130D,BEADED CRYSTAL HEART PINK LARGE,0
2011-01-07,85130D,BEADED CRYSTAL HEART PINK LARGE,0
2011-01-08,85130D,BEADED CRYSTAL HEART PINK LARGE,0
2011-01-09,85130D,BEADED CRYSTAL HEART PINK LARGE,0
2011-01-10,85130D,BEADED CRYSTAL HEART PINK LARGE,2
2011-01-11,85130D,BEADED CRYSTAL HEART PINK LARGE,0
2011-01-12,85130D,BEADED CRYSTAL HEART PINK LARGE,0
2011-01-13,85130D,BEADED CRYSTAL HEART PINK LARGE,3
2011-01-14,85130D,BEADED CRYSTAL HEART PINK LARGE,12
2011-01-15,85130D,BEADED CRYSTAL HEART PINK LARGE,0
2011-01-16,85130D,BEADED CRYSTAL HEART PINK LARGE,6
2011-01-17,85130D,BEADED CRYSTAL HEART PINK LARGE,0
2011-01-18,85130D,BEADED CRYSTAL HEART PINK LARGE,0
2011-01-19,85130D,BEADED CRYSTAL HEART PINK LARGE,0
2011-01-20,85130D,BEADED CRYSTAL HEART PINK LARGE,0
2011-01-21,85130D,BEADED CRYSTAL HEART PINK LARGE,0
2011-01-22,85130D,BEADED CRYSTAL HEART PINK LARGE,0
2011-01-23,85130D,BEADED CRYSTAL HEART PINK LARGE,0
2011-01-24,85130D,BEADED CRYSTAL HEART PINK LARGE,0
2011-01-25,85130D,BEADED CRYSTAL HEART PINK LARGE,0
2011-01-26,85130D,BEADED CRYSTAL HEART PINK LARGE,0
2011-01-27,85130D,BEADED CRYSTAL HEART PINK LARGE,0
2011-01-28,85130D,BEADED CRYSTAL HEART PINK LARGE,12
2011-01-29,85130D,BEADED CRYSTAL HEART PINK LARGE,0
2011-01-30,85130D,BEADED CRYSTAL HEART PINK LARGE,0
2011-01-31,85130D,BEADED CRYSTAL HEART PINK LARGE,0
2011-02-01,85130D,BEADED CRYSTAL HEART PINK LARGE,0
2011-02-02,85130D,BEADED CRYSTAL HEART PINK LARGE,12
2011-02-03,85130D,BEADED CRYSTAL HEART PINK LARGE,0
2011-02-04,85130D,BEADED CRYSTAL HEART PINK LARGE,0
2011-02-05,85130D,BEADED CRYSTAL HEART PINK LARGE,0
2011-02-06,85130D,BEADED CRYSTAL HEART PINK LARGE,0
2011-02-07,85130D,BEADED CRYSTAL HEART PINK LARGE,12
2011-02-08,85130D,BEADED CRYSTAL HEART PINK LARGE,0
2011-02-09,85130D,BEADED CRYSTAL HEART PINK LARGE,0
2011-02-10,85130D,BEADED CRYSTAL HEART PINK LARGE,0
2011-02-11,85130D,BEADED CRYSTAL HEART PINK LARGE,0
2011-02-12,85130D,BEADED CRYSTAL HEART PINK LARGE,0
2011-02-13,85130D,BEADED CRYSTAL HEART PINK LARGE,0
2011-02-14,85130D,BEADED CRYSTAL HEART PINK LARGE,0
2011-02-15,85130D,BEADED CRYSTAL HEART PINK LARGE,0
2011-02-16,85130D,BEADED CRYSTAL HEART PINK LARGE,0
2011-02-17,85130D,BEADED CRYSTAL HEART PINK LARGE,0
2011-02-18,85130D,BEADED CRYSTAL HEART PINK LARGE,0
2011-02-19,85130D,BEADED CRYSTAL HEART PINK LARGE,0
2011-02-20,85130D,BEADED CRYSTAL HEART PINK LARGE,0
2011-02-21,85130D,BEADED CRYSTAL HEART PINK LARGE,0
2011-02-22,85130D,BEADED CRYSTAL HEART PINK LARGE,0
2011-02-23,85130D,BEADED CRYSTAL HEART PINK LARGE,0
2011-02-24,85130D,BEADED CRYSTAL HEART PINK LARGE,0
2011-02-25,85130D,BEADED CRYSTAL HEART PINK LARGE,0
2011-02-26,85130D,BEADED CRYSTAL HEART PINK LARGE,0
2011-02-27,85130D,BEADED CRYSTAL HEART PINK LARGE,1
2011-02-28,85130D,BEADED CRYSTAL HEART PINK LARGE,0
2011-03-01,85130D,BEADED CRYSTAL HEART PINK LARGE,0
2011-03-02,85130D,BEADED CRYSTAL HEART PINK LARGE,0
2011-03-03,85130D,BEADED CRYSTAL HEART PINK LARGE,2
2011-03-04,85130D,BEADED CRYSTAL HEART PINK LARGE,1
2011-03-05,85130D,BEADED CRYSTAL HEART PINK LARGE,0
2011-03-06,85130D,BEADED CRYSTAL HEART PINK LARGE,0
2011-03-07,85130D,BEADED CRYSTAL HEART PINK LARGE,0
2011-03-08,85130D,BEADED CRYSTAL HEART PINK LARGE,0
2011-03-09,85130D,BEADED CRYSTAL HEART PINK LARGE,0
2011-03-10,85130D,BEADED CRYSTAL HEART PINK LARGE,0
2011-03-11,85130D,BEADED CRYSTAL HEART PINK LARGE,0
2011-03-12,85130D,BEADED CRYSTAL HEART PINK LARGE,0
2011-03-13,85130D,BEADED CRYSTAL HEART PINK LARGE,0
2011-03-14,85130D,BEADED CRYSTAL HEART PINK LARGE,12
2011-03-15,85130D,BEADED CRYSTAL HEART PINK LARGE,0
2011-03-16,85130D,BEADED CRYSTAL HEART PINK LARGE,1
2011-03-17,85130D,BEADED CRYSTAL HEART PINK LARGE,1
2011-03-18,85130D,BEADED CRYSTAL HEART PINK LARGE,0
2011-03-19,85130D,BEADED CRYSTAL HEART PINK LARGE,0
2011-03-20,85130D,BEADED CRYSTAL HEART PINK LARGE,0
2011-03-21,85130D,BEADED CRYSTAL HEART PINK LARGE,0
2011-03-22,85130D,BEADED CRYSTAL HEART PINK LARGE,0
2011-03-23,85130D,BEADED CRYSTAL HEART PINK LARGE,0
2011-03-24,85130D,BEADED CRYSTAL HEART PINK LARGE,0
2011-03-25,85130D,BEADED CRYSTAL HEART PINK LARGE,0
2011-03-26,85130D,BEADED CRYSTAL HEART PINK LARGE,0
2011-03-27,85130D,BEADED CRYSTAL HEART PINK LARGE,2
2011-03-28,85130D,BEADED CRYSTAL HEART PINK LARGE,0
2011-03-29,85130D,BEADED CRYSTAL HEART PINK LARGE,0
2011-03-30,85130D,BEADED CRYSTAL HEART PINK LARGE,0
2011-03-31,85130D,BEADED CRYSTAL HEART PINK LARGE,1
2011-04-01,85130D,BEADED CRYSTAL HEART PINK LARGE,0
2011-04-02,85130D,BEADED CRYSTAL HEART PINK LARGE,0
2011-04-03,85130D,BEADED CRYSTAL HEART PINK LARGE,0
2011-04-04,85130D,BEADED CRYSTAL HEART PINK LARGE,0
2011-04-05,85130D,BEADED CRYSTAL HEART PINK LARGE,0
2011-04-06,85130D,BEADED CRYSTAL HEART PINK LARGE,2
2011-04-07,85130D,BEADED CRYSTAL HEART PINK LARGE,0
2011-04-08,85130D,BEADED CRYSTAL HEART PINK LARGE,0
2011-04-09,85130D,BEADED CRYSTAL HEART PINK LARGE,0
2011-04-10,85130D,BEADED CRYSTAL HEART PINK LARGE,2
2011-04-11,85130D,BEADED CRYSTAL HEART PINK LARGE,0
2011-04-12,85130D,BEADED CRYSTAL HEART PINK LARGE,0
2011-04-13,85130D,BEADED CRYSTAL HEART PINK LARGE,0
2011-04-14,85130D,BEADED CRYSTAL HEART PINK LARGE,0
2011-04-15,85130D,BEADED CRYSTAL HEART PINK LARGE,0
2011-04-16,85130D,BEADED CRYSTAL HEART PINK LARGE,0
2011-04-17,85130D,BEADED CRYSTAL HEART PINK LARGE,0
2011-04-18,85130D,BEADED CRYSTAL HEART PINK LARGE,0
2011-04-19,85130D,BEADED CRYSTAL HEART PINK LARGE,0
2011-04-20,85130D,BEADED CRYSTAL HEART PINK LARGE,0
2011-04-21,85130D,BEADED CRYSTAL HEART PINK LARGE,0
2011-04-22,85130D,BEADED CRYSTAL HEART PINK LARGE,0
2011-04-23,85130D,BEADED CRYSTAL HEART PINK LARGE,0
2011-04-24,85130D,BEADED CRYSTAL HEART PINK LARGE,0
2011-04-25,85130D,BEADED CRYSTAL HEART PINK LARGE,0
2011-04-26,85130D,BEADED CRYSTAL HEART PINK LARGE,0
2011-04-27,85130D,BEADED CRYSTAL HEART PINK LARGE,2
2011-04-28,85130D,BEADED CRYSTAL HEART PINK LARGE,0
2011-04-29,85130D,BEADED CRYSTAL HEART PINK LARGE,0
2011-04-30,85130D,BEADED CRYSTAL HEART PINK LARGE,0
2011-05-01,85130D,BEADED CRYSTAL HEART PINK LARGE,0
2011-05-02,85130D,BEADED CRYSTAL HEART PINK LARGE,0
2011-05-03,85130D,BEADED CRYSTAL HEART PINK LARGE,0
2011-05-04,85130D,BEADED CRYSTAL HEART PINK LARGE,0
2011-05-05,85130D,BEADED CRYSTAL HEART PINK LARGE,0
2011-05-06,85130D,BEADED CRYSTAL HEART PINK LARGE,0
2011-05-07,85130D,BEADED CRYSTAL HEART PINK LARGE,0
2011-05-08,85130D,BEADED CRYSTAL HEART PINK LARGE,0
2011-05-09,85130D,BEADED CRYSTAL HEART PINK LARGE,1
2011-05-10,85130D,BEADED CRYSTAL HEART PINK LARGE,2
2011-05-11,85130D,BEADED CRYSTAL HEART PINK LARGE,0
2011-05-12,85130D,BEADED CRYSTAL HEART PINK LARGE,0
2011-05-13,85130D,BEADED CRYSTAL HEART PINK LARGE,0
2011-05-14,85130D,BEADED CRYSTAL HEART PINK LARGE,0
2011-05-15,85130D,BEADED CRYSTAL HEART PINK LARGE,0
2011-05-16,85130D,BEADED CRYSTAL HEART PINK LARGE,0
2011-05-17,85130D,BEADED CRYSTAL HEART PINK LARGE,0
2011-05-18,85130D,BEADED CRYSTAL HEART PINK LARGE,0
2011-05-19,85130D,BEADED CRYSTAL HEART PINK LARGE,0
2011-05-20,85130D,BEADED CRYSTAL HEART PINK LARGE,0
2011-05-21,85130D,BEADED CRYSTAL HEART PINK LARGE,0
2011-05-22,85130D,BEADED CRYSTAL HEART PINK LARGE,0
2011-05-23,85130D,BEADED CRYSTAL HEART PINK LARGE,0
2011-05-24,85130D,BEADED CRYSTAL HEART PINK LARGE,0
2011-05-25,85130D,BEADED CRYSTAL HEART PINK LARGE,0
2011-05-26,85130D,BEADED CRYSTAL HEART PINK LARGE,0
2011-05-27,85130D,BEADED CRYSTAL HEART PINK LARGE,0
2011-05-28,85130D,BEADED CRYSTAL HEART PINK LARGE,0
2011-05-29,85130D,BEADED CRYSTAL HEART PINK LARGE,2
2011-05-30,85130D,BEADED CRYSTAL HEART PINK LARGE,0
2011-05-31,85130D,BEADED CRYSTAL HEART PINK LARGE,0
2011-06-01,85130D,BEADED CRYSTAL HEART PINK LARGE,0
2011-06-02,85130D,BEADED CRYSTAL HEART PINK LARGE,0
2011-06-03,85130D,BEADED CRYSTAL HEART PINK LARGE,0
2011-06-04,85130D,BEADED CRYSTAL HEART PINK LARGE,0
2011-06-05,85130D,BEADED CRYSTAL HEART PINK LARGE,4
2011-06-06,85130D,BEADED CRYSTAL HEART PINK LARGE,0
2011-06-07,85130D,BEADED CRYSTAL HEART PINK LARGE,0
2011-06-08,85130D,BEADED CRYSTAL HEART PINK LARGE,0
2011-06-09,85130D,BEADED CRYSTAL HEART PINK LARGE,0
2011-06-10,85130D,BEADED CRYSTAL HEART PINK LARGE,0
2011-06-11,85130D,BEADED CRYSTAL HEART PINK LARGE,0
2011-06-12,85130D,BEADED CRYSTAL HEART PINK LARGE,0
2011-06-13,85130D,BEADED CRYSTAL HEART PINK LARGE,0
2011-06-14,85130D,BEADED CRYSTAL HEART PINK LARGE,0
2011-06-15,85130D,BEADED CRYSTAL HEART PINK LARGE,0
2011-06-16,85130D,BEADED CRYSTAL HEART PINK LARGE,0
2011-06-17,85130D,BEADED CRYSTAL HEART PINK LARGE,0
2011-06-18,85130D,BEADED CRYSTAL HEART PINK LARGE,0
2011-06-19,85130D,BEADED CRYSTAL HEART PINK LARGE,0
2011-06-20,85130D,BEADED CRYSTAL HEART PINK LARGE,0
2011-06-21,85130D,BEADED CRYSTAL HEART PINK LARGE,0
2011-06-22,85130D,BEADED CRYSTAL HEART PINK LARGE,0
2011-06-23,85130D,BEADED CRYSTAL HEART PINK LARGE,12
2011-06-24,85130D,BEADED CRYSTAL HEART PINK LARGE,1
2011-06-25,85130D,BEADED CRYSTAL HEART PINK LARGE,0
2011-06-26,85130D,BEADED CRYSTAL HEART PINK LARGE,0
2011-06-27,85130D,BEADED CRYSTAL HEART PINK LARGE,0
2011-06-28,85130D,BEADED CRYSTAL HEART PINK LARGE,0
2011-06-29,85130D,BEADED CRYSTAL HEART PINK LARGE,0
2011-06-30,85130D,BEADED CRYSTAL HEART PINK LARGE,0
2011-07-01,85130D,BEADED CRYSTAL HEART PINK LARGE,0
2011-07-02,85130D,BEADED CRYSTAL HEART PINK LARGE,0
2011-07-03,85130D,BEADED CRYSTAL HEART PINK LARGE,4
2011-07-04,85130D,BEADED CRYSTAL HEART PINK LARGE,0
2011-07-05,85130D,BEADED CRYSTAL HEART PINK LARGE,0
2011-07-06,85130D,BEADED CRYSTAL HEART PINK LARGE,1
2011-07-07,85130D,BEADED CRYSTAL HEART PINK LARGE,0
2011-07-08,85130D,BEADED CRYSTAL HEART PINK LARGE,0
2011-07-09,85130D,BEADED CRYSTAL HEART PINK LARGE,0
2011-07-10,85130D,BEADED CRYSTAL HEART PINK LARGE,0
2011-07-11,85130D,BEADED CRYSTAL HEART PINK LARGE,6
2011-07-12,85130D,BEADED CRYSTAL HEART PINK LARGE,0
2011-07-13,85130D,BEADED CRYSTAL HEART PINK LARGE,24
2011-07-14,85130D,BEADED CRYSTAL HEART PINK LARGE,0
2011-07-15,85130D,BEADED CRYSTAL HEART PINK LARGE,0
2011-07-16,85130D,BEADED CRYSTAL HEART PINK LARGE,0
2011-07-17,85130D,BEADED CRYSTAL HEART PINK LARGE,0
2011-07-18,85130D,BEADED CRYSTAL HEART PINK LARGE,0
2011-07-19,85130D,BEADED CRYSTAL HEART PINK LARGE,0
2011-07-20,85130D,BEADED CRYSTAL HEART PINK LARGE,0
2011-07-21,85130D,BEADED CRYSTAL HEART PINK LARGE,168
2011-07-22,85130D,BEADED CRYSTAL HEART PINK LARGE,0
2011-07-23,85130D,BEADED CRYSTAL HEART PINK LARGE,0
2011-07-24,85130D,BEADED CRYSTAL HEART PINK LARGE,0
2011-07-25,85130D,BEADED CRYSTAL HEART PINK LARGE,2
2011-07-26,85130D,BEADED CRYSTAL HEART PINK LARGE,24
2011-07-27,85130D,BEADED CRYSTAL HEART PINK LARGE,24
2011-07-28,85130D,BEADED CRYSTAL HEART PINK LARGE,3
2011-07-29,85130D,BEADED CRYSTAL HEART PINK LARGE,27
2011-07-30,85130D,BEADED CRYSTAL HEART PINK LARGE,0
2011-07-31,85130D,BEADED CRYSTAL HEART PINK LARGE,0
2011-08-01,85130D,BEADED CRYSTAL HEART PINK LARGE,0
2011-08-02,85130D,BEADED CRYSTAL HEART PINK LARGE,0
2011-08-03,85130D,BEADED CRYSTAL HEART PINK LARGE,26
2011-08-04,85130D,BEADED CRYSTAL HEART PINK LARGE,0
2011-08-05,85130D,BEADED CRYSTAL HEART PINK LARGE,0
2011-08-06,85130D,BEADED CRYSTAL HEART PINK LARGE,0
2011-08-07,85130D,BEADED CRYSTAL HEART PINK LARGE,24
2011-08-08,85130D,BEADED CRYSTAL HEART PINK LARGE,2
2011-08-09,85130D,BEADED CRYSTAL HEART PINK LARGE,24
2011-08-10,85130D,BEADED CRYSTAL HEART PINK LARGE,1
2011-08-11,85130D,BEADED CRYSTAL HEART PINK LARGE,24
2011-08-12,85130D,BEADED CRYSTAL HEART PINK LARGE,0
2011-08-13,85130D,BEADED CRYSTAL HEART PINK LARGE,0
2011-08-14,85130D,BEADED CRYSTAL HEART PINK LARGE,0
2011-08-15,85130D,BEADED CRYSTAL HEART PINK LARGE,0
2011-08-16,85130D,BEADED CRYSTAL HEART PINK LARGE,0
2011-08-17,85130D,BEADED CRYSTAL HEART PINK LARGE,0
2011-08-18,85130D,BEADED CRYSTAL HEART PINK LARGE,0
2011-08-19,85130D,BEADED CRYSTAL HEART PINK LARGE,0
2011-08-20,85130D,BEADED CRYSTAL HEART PINK LARGE,0
2011-08-21,85130D,BEADED CRYSTAL HEART PINK LARGE,0
2011-08-22,85130D,BEADED CRYSTAL HEART PINK LARGE,0
2011-08-23,85130D,BEADED CRYSTAL HEART PINK LARGE,24
2011-08-24,85130D,BEADED CRYSTAL HEART PINK LARGE,0
2011-08-25,85130D,BEADED CRYSTAL HEART PINK LARGE,0
2011-08-26,85130D,BEADED CRYSTAL HEART PINK LARGE,0
2011-08-27,85130D,BEADED CRYSTAL HEART PINK LARGE,0
2011-08-28,85130D,BEADED CRYSTAL HEART PINK LARGE,0
2011-08-29,85130D,BEADED CRYSTAL HEART PINK LARGE,0
2011-08-30,85130D,BEADED CRYSTAL HEART PINK LARGE,0
2011-08-31,85130D,BEADED CRYSTAL HEART PINK LARGE,0
2011-09-01,85130D,BEADED CRYSTAL HEART PINK LARGE,0
2011-09-02,85130D,BEADED CRYSTAL HEART PINK LARGE,0
2011-09-03,85130D,BEADED CRYSTAL HEART PINK LARGE,0
2011-09-04,85130D,BEADED CRYSTAL HEART PINK LARGE,0
2011-09-05,85130D,BEADED CRYSTAL HEART PINK LARGE,2
2011-09-06,85130D,BEADED CRYSTAL HEART PINK LARGE,0
2011-09-07,85130D,BEADED CRYSTAL HEART PINK LARGE,0
2011-09-08,85130D,BEADED CRYSTAL HEART PINK LARGE,0
2011-09-09,85130D,BEADED CRYSTAL HEART PINK LARGE,0
2011-09-10,85130D,BEADED CRYSTAL HEART PINK LARGE,0
2011-09-11,85130D,BEADED CRYSTAL HEART PINK LARGE,0
2011-09-12,85130D,BEADED CRYSTAL HEART PINK LARGE,0
2011-09-13,85130D,BEADED CRYSTAL HEART PINK LARGE,0
2011-09-14,85130D,BEADED CRYSTAL HEART PINK LARGE,0
2011-09-15,85130D,BEADED CRYSTAL HEART PINK LARGE,0
2011-09-16,85130D,BEADED CRYSTAL HEART PINK LARGE,0
2011-09-17,85130D,BEADED CRYSTAL HEART PINK LARGE,0
2011-09-18,85130D,BEADED CRYSTAL HEART PINK LARGE,6
2011-09-19,85130D,BEADED CRYSTAL HEART PINK LARGE,0
2011-09-20,85130D,BEADED CRYSTAL HEART PINK LARGE,0
2011-09-21,85130D,BEADED CRYSTAL HEART PINK LARGE,0
2011-09-22,85130D,BEADED CRYSTAL HEART PINK LARGE,0
2011-09-23,85130D,BEADED CRYSTAL HEART PINK LARGE,0
2011-09-24,85130D,BEADED CRYSTAL HEART PINK LARGE,0
2011-09-25,85130D,BEADED CRYSTAL HEART PINK LARGE,0
2011-09-26,85130D,BEADED CRYSTAL HEART PINK LARGE,0
2011-09-27,85130D,BEADED CRYSTAL HEART PINK LARGE,2
2011-09-28,85130D,BEADED CRYSTAL HEART PINK LARGE,0
2011-09-29,85130D,BEADED CRYSTAL HEART PINK LARGE,0
2011-09-30,85130D,BEADED CRYSTAL HEART PINK LARGE,0
2011-10-01,85130D,BEADED CRYSTAL HEART PINK LARGE,0
2011-10-02,85130D,BEADED CRYSTAL HEART PINK LARGE,3
2011-10-03,85130D,BEADED CRYSTAL HEART PINK LARGE,0
2011-10-04,85130D,BEADED CRYSTAL HEART PINK LARGE,0
2011-10-05,85130D,BEADED CRYSTAL HEART PINK LARGE,0
2011-10-06,85130D,BEADED CRYSTAL HEART PINK LARGE,4
2011-10-07,85130D,BEADED CRYSTAL HEART PINK LARGE,0
2011-10-08,85130D,BEADED CRYSTAL HEART PINK LARGE,0
2011-10-09,85130D,BEADED CRYSTAL HEART PINK LARGE,0
2011-10-10,85130D,BEADED CRYSTAL HEART PINK LARGE,0
2011-10-11,85130D,BEADED CRYSTAL HEART PINK LARGE,0
2011-10-12,85130D,BEADED CRYSTAL HEART PINK LARGE,0
2011-10-13,85130D,BEADED CRYSTAL HEART PINK LARGE,9
2011-10-14,85130D,BEADED CRYSTAL HEART PINK LARGE,0
2011-10-15,85130D,BEADED CRYSTAL HEART PINK LARGE,0
2011-10-16,85130D,BEADED CRYSTAL HEART PINK LARGE,0
2011-10-17,85130D,BEADED CRYSTAL HEART PINK LARGE,0
2011-10-18,85130D,BEADED CRYSTAL HEART PINK LARGE,0
2011-10-19,85130D,BEADED CRYSTAL HEART PINK LARGE,0
2011-10-20,85130D,BEADED CRYSTAL HEART PINK LARGE,6
2011-10-21,85130D,BEADED CRYSTAL HEART PINK LARGE,0
2011-10-22,85130D,BEADED CRYSTAL HEART PINK LARGE,0
2011-10-23,85130D,BEADED CRYSTAL HEART PINK LARGE,0
2011-10-24,85130D,BEADED CRYSTAL HEART PINK LARGE,0
2011-10-25,85130D,BEADED CRYSTAL HEART PINK LARGE,0
2011-10-26,85130D,BEADED CRYSTAL HEART PINK LARGE,0
2011-10-27,85130D,BEADED CRYSTAL HEART PINK LARGE,0
2011-10-28,85130D,BEADED CRYSTAL HEART PINK LARGE,0
2011-10-29,85130D,BEADED CRYSTAL HEART PINK LARGE,0
2011-10-30,85130D,BEADED CRYSTAL HEART PINK LARGE,0
2011-10-31,85130D,BEADED CRYSTAL HEART PINK LARGE,0
2011-11-01,85130D,BEADED CRYSTAL HEART PINK LARGE,0
2011-11-02,85130D,BEADED CRYSTAL HEART PINK LARGE,0
2011-11-03,85130D,BEADED CRYSTAL HEART PINK LARGE,0
2011-11-04,85130D,BEADED CRYSTAL HEART PINK LARGE,0
2011-11-05,85130D,BEADED CRYSTAL HEART PINK LARGE,0
2011-11-06,85130D,BEADED CRYSTAL HEART PINK LARGE,2
2011-11-07,85130D,BEADED CRYSTAL HEART PINK LARGE,0
2011-11-08,85130D,BEADED CRYSTAL HEART PINK LARGE,0
2011-11-09,85130D,BEADED CRYSTAL HEART PINK LARGE,0
2011-11-10,85130D,BEADED CRYSTAL HEART PINK LARGE,0
2010-12-01,90200D,PINK SWEETHEART BRACELET,3
2010-12-02,90200D,PINK SWEETHEART BRACELET,1
2010-12-03,90200D,PINK SWEETHEART BRACELET,0
2010-12-04,90200D,PINK SWEETHEART BRACELET,0
2010-12-05,90200D,PINK SWEETHEART BRACELET,0
2010-12-06,90200D,PINK SWEETHEART BRACELET,3
2010-12-07,90200D,PINK SWEETHEART BRACELET,0
2010-12-08,90200D,PINK SWEETHEART BRACELET,0
2010-12-09,90200D,PINK SWEETHEART BRACELET,1
2010-12-10,90200D,PINK SWEETHEART BRACELET,7
2010-12-11,90200D,PINK SWEETHEART BRACELET,0
2010-12-12,90200D,PINK SWEETHEART BRACELET,7
2010-12-13,90200D,PINK SWEETHEART BRACELET,0
2010-12-14,90200D,PINK SWEETHEART BRACELET,0
2010-12-15,90200D,PINK SWEETHEART BRACELET,6
2010-12-16,90200D,PINK SWEETHEART BRACELET,0
2010-12-17,90200D,PINK SWEETHEART BRACELET,0
2010-12-18,90200D,PINK SWEETHEART BRACELET,0
2010-12-19,90200D,PINK SWEETHEART BRACELET,0
2010-12-20,90200D,PINK SWEETHEART BRACELET,0
2010-12-21,90200D,PINK SWEETHEART BRACELET,0
2010-12-22,90200D,PINK SWEETHEART BRACELET,0
2010-12-23,90200D,PINK SWEETHEART BRACELET,1
2010-12-24,90200D,PINK SWEETHEART BRACELET,0
2010-12-25,90200D,PINK SWEETHEART BRACELET,0
2010-12-26,90200D,PINK SWEETHEART BRACELET,0
2010-12-27,90200D,PINK SWEETHEART BRACELET,0
2010-12-28,90200D,PINK SWEETHEART BRACELET,0
2010-12-29,90200D,PINK SWEETHEART BRACELET,0
2010-12-30,90200D,PINK SWEETHEART BRACELET,0
2010-12-31,90200D,PINK SWEETHEART BRACELET,0
2011-01-01,90200D,PINK SWEETHEART BRACELET,0
2011-01-02,90200D,PINK SWEETHEART BRACELET,0
2011-01-03,90200D,PINK SWEETHEART BRACELET,0
2011-01-04,90200D,PINK SWEETHEART BRACELET,1
2011-01-05,90200D,PINK SWEETHEART BRACELET,0
2011-01-06,90200D,PINK SWEETHEART BRACELET,0
2011-01-07,90200D,PINK SWEETHEART BRACELET,0
2011-01-08,90200D,PINK SWEETHEART BRACELET,0
2011-01-09,90200D,PINK SWEETHEART BRACELET,0
2011-01-10,90200D,PINK SWEETHEART BRACELET,3
2011-01-11,90200D,PINK SWEETHEART BRACELET,1
2011-01-12,90200D,PINK SWEETHEART BRACELET,1
2011-01-13,90200D,PINK SWEETHEART BRACELET,0
2011-01-14,90200D,PINK SWEETHEART BRACELET,0
2011-01-15,90200D,PINK SWEETHEART BRACELET,0
2011-01-16,90200D,PINK SWEETHEART BRACELET,0
2011-01-17,90200D,PINK SWEETHEART BRACELET,2
2011-01-18,90200D,PINK SWEETHEART BRACELET,0
2011-01-19,90200D,PINK SWEETHEART BRACELET,0
2011-01-20,90200D,PINK SWEETHEART BRACELET,2
2011-01-21,90200D,PINK SWEETHEART BRACELET,0
2011-01-22,90200D,PINK SWEETHEART BRACELET,0
2011-01-23,90200D,PINK SWEETHEART BRACELET,0
2011-01-24,90200D,PINK SWEETHEART BRACELET,0
2011-01-25,90200D,PINK SWEETHEART BRACELET,1
2011-01-26,90200D,PINK SWEETHEART BRACELET,0
2011-01-27,90200D,PINK SWEETHEART BRACELET,0
2011-01-28,90200D,PINK SWEETHEART BRACELET,0
2011-01-29,90200D,PINK SWEETHEART BRACELET,0
2011-01-30,90200D,PINK SWEETHEART BRACELET,0
2011-01-31,90200D,PINK SWEETHEART BRACELET,0
2011-02-01,90200D,PINK SWEETHEART BRACELET,0
2011-02-02,90200D,PINK SWEETHEART BRACELET,0
2011-02-03,90200D,PINK SWEETHEART BRACELET,0
2011-02-04,90200D,PINK SWEETHEART BRACELET,0
2011-02-05,90200D,PINK SWEETHEART BRACELET,0
2011-02-06,90200D,PINK SWEETHEART BRACELET,0
2011-02-07,90200D,PINK SWEETHEART BRACELET,5
2011-02-08,90200D,PINK SWEETHEART BRACELET,1
2011-02-09,90200D,PINK SWEETHEART BRACELET,2
2011-02-10,90200D,PINK SWEETHEART BRACELET,0
2011-02-11,90200D,PINK SWEETHEART BRACELET,0
2011-02-12,90200D,PINK SWEETHEART BRACELET,0
2011-02-13,90200D,PINK SWEETHEART BRACELET,0
2011-02-14,90200D,PINK SWEETHEART BRACELET,0
2011-02-15,90200D,PINK SWEETHEART BRACELET,3
2011-02-16,90200D,PINK SWEETHEART BRACELET,0
2011-02-17,90200D,PINK SWEETHEART BRACELET,0
2011-02-18,90200D,PINK SWEETHEART BRACELET,0
2011-02-19,90200D,PINK SWEETHEART BRACELET,0
2011-02-20,90200D,PINK SWEETHEART BRACELET,0
2011-02-21,90200D,PINK SWEETHEART BRACELET,0
2011-02-22,90200D,PINK SWEETHEART BRACELET,0
2011-02-23,90200D,PINK SWEETHEART BRACELET,0
2011-02-24,90200D,PINK SWEETHEART BRACELET,0
2011-02-25,90200D,PINK SWEETHEART BRACELET,0
2011-02-26,90200D,PINK SWEETHEART BRACELET,0
2011-02-27,90200D,PINK SWEETHEART BRACELET,0
2011-02-28,90200D,PINK SWEETHEART BRACELET,6
2011-03-01,90200D,PINK SWEETHEART BRACELET,0
2011-03-02,90200D,PINK SWEETHEART BRACELET,0
2011-03-03,90200D,PINK SWEETHEART BRACELET,3
2011-03-04,90200D,PINK SWEETHEART BRACELET,0
2011-03-05,90200D,PINK SWEETHEART BRACELET,0
2011-03-06,90200D,PINK SWEETHEART BRACELET,0
2011-03-07,90200D,PINK SWEETHEART BRACELET,0
2011-03-08,90200D,PINK SWEETHEART BRACELET,1
2011-03-09,90200D,PINK SWEETHEART BRACELET,0
2011-03-10,90200D,PINK SWEETHEART BRACELET,0
2011-03-11,90200D,PINK SWEETHEART BRACELET,0
2011-03-12,90200D,PINK SWEETHEART BRACELET,0
2011-03-13,90200D,PINK SWEETHEART BRACELET,0
2011-03-14,90200D,PINK SWEETHEART BRACELET,0
2011-03-15,90200D,PINK SWEETHEART BRACELET,0
2011-03-16,90200D,PINK SWEETHEART BRACELET,0
2011-03-17,90200D,PINK SWEETHEART BRACELET,1
2011-03-18,90200D,PINK SWEETHEART BRACELET,0
2011-03-19,90200D,PINK SWEETHEART BRACELET,0
2011-03-20,90200D,PINK SWEETHEART BRACELET,0
2011-03-21,90200D,PINK SWEETHEART BRACELET,0
2011-03-22,90200D,PINK SWEETHEART BRACELET,2
2011-03-23,90200D,PINK SWEETHEART BRACELET,0
2011-03-24,90200D,PINK SWEETHEART BRACELET,0
2011-03-25,90200D,PINK SWEETHEART BRACELET,0
2011-03-26,90200D,PINK SWEETHEART BRACELET,0
2011-03-27,90200D,PINK SWEETHEART BRACELET,0
2011-03-28,90200D,PINK SWEETHEART BRACELET,0
2011-03-29,90200D,PINK SWEETHEART BRACELET,0
2011-03-30,90200D,PINK SWEETHEART BRACELET,0
2011-03-31,90200D,PINK SWEETHEART BRACELET,0
2011-04-01,90200D,PINK SWEETHEART BRACELET,0
2011-04-02,90200D,PINK SWEETHEART BRACELET,0
2011-04-03,90200D,PINK SWEETHEART BRACELET,0
2011-04-04,90200D,PINK SWEETHEART BRACELET,0
2011-04-05,90200D,PINK SWEETHEART BRACELET,0
2011-04-06,90200D,PINK SWEETHEART BRACELET,0
2011-04-07,90200D,PINK SWEETHEART BRACELET,0
2011-04-08,90200D,PINK SWEETHEART BRACELET,0
2011-04-09,90200D,PINK SWEETHEART BRACELET,0
2011-04-10,90200D,PINK SWEETHEART BRACELET,2
2011-04-11,90200D,PINK SWEETHEART BRACELET,0
2011-04-12,90200D,PINK SWEETHEART BRACELET,0
2011-04-13,90200D,PINK SWEETHEART BRACELET,0
2011-04-14,90200D,PINK SWEETHEART BRACELET,0
2011-04-15,90200D,PINK SWEETHEART BRACELET,0
2011-04-16,90200D,PINK SWEETHEART BRACELET,0
2011-04-17,90200D,PINK SWEETHEART BRACELET,0
2011-04-18,90200D,PINK SWEETHEART BRACELET,0
2011-04-19,90200D,PINK SWEETHEART BRACELET,0
2011-04-20,90200D,PINK SWEETHEART BRACELET,0
2011-04-21,90200D,PINK SWEETHEART BRACELET,0
2011-04-22,90200D,PINK SWEETHEART BRACELET,0
2011-04-23,90200D,PINK SWEETHEART BRACELET,0
2011-04-24,90200D,PINK SWEETHEART BRACELET,0
2011-04-25,90200D,PINK SWEETHEART BRACELET,0
2011-04-26,90200D,PINK SWEETHEART BRACELET,0
2011-04-27,90200D,PINK SWEETHEART BRACELET,0
2011-04-28,90200D,PINK SWEETHEART BRACELET,2
2011-04-29,90200D,PINK SWEETHEART BRACELET,0
2011-04-30,90200D,PINK SWEETHEART BRACELET,0
2011-05-01,90200D,PINK SWEETHEART BRACELET,0
2011-05-02,90200D,PINK SWEETHEART BRACELET,0
2011-05-03,90200D,PINK SWEETHEART BRACELET,0
2011-05-04,90200D,PINK SWEETHEART BRACELET,0
2011-05-05,90200D,PINK SWEETHEART BRACELET,0
2011-05-06,90200D,PINK SWEETHEART BRACELET,0
2011-05-07,90200D,PINK SWEETHEART BRACELET,0
2011-05-08,90200D,PINK SWEETHEART BRACELET,0
2011-05-09,90200D,PINK SWEETHEART BRACELET,0
2011-05-10,90200D,PINK SWEETHEART BRACELET,1
2011-05-11,90200D,PINK SWEETHEART BRACELET,3
2011-05-12,90200D,PINK SWEETHEART BRACELET,0
2011-05-13,90200D,PINK SWEETHEART BRACELET,0
2011-05-14,90200D,PINK SWEETHEART BRACELET,0
2011-05-15,90200D,PINK SWEETHEART BRACELET,0
2011-05-16,90200D,PINK SWEETHEART BRACELET,0
2011-05-17,90200D,PINK SWEETHEART BRACELET,0
2011-05-18,90200D,PINK SWEETHEART BRACELET,0
2011-05-19,90200D,PINK SWEETHEART BRACELET,0
2011-05-20,90200D,PINK SWEETHEART BRACELET,0
2011-05-21,90200D,PINK SWEETHEART BRACELET,0
2011-05-22,90200D,PINK SWEETHEART BRACELET,2
2011-05-23,90200D,PINK SWEETHEART BRACELET,0
2011-05-24,90200D,PINK SWEETHEART BRACELET,3
2011-05-25,90200D,PINK SWEETHEART BRACELET,0
2011-05-26,90200D,PINK SWEETHEART BRACELET,0
2011-05-27,90200D,PINK SWEETHEART BRACELET,0
2011-05-28,90200D,PINK SWEETHEART BRACELET,0
2011-05-29,90200D,PINK SWEETHEART BRACELET,0
2011-05-30,90200D,PINK SWEETHEART BRACELET,0
2011-05-31,90200D,PINK SWEETHEART BRACELET,0
2011-06-01,90200D,PINK SWEETHEART BRACELET,0
2011-06-02,90200D,PINK SWEETHEART BRACELET,0
2011-06-03,90200D,PINK SWEETHEART BRACELET,0
2011-06-04,90200D,PINK SWEETHEART BRACELET,0
2011-06-05,90200D,PINK SWEETHEART BRACELET,0
2011-06-06,90200D,PINK SWEETHEART BRACELET,0
2011-06-07,90200D,PINK SWEETHEART BRACELET,0
2011-06-08,90200D,PINK SWEETHEART BRACELET,0
2011-06-09,90200D,PINK SWEETHEART BRACELET,0
2011-06-10,90200D,PINK SWEETHEART BRACELET,0
2011-06-11,90200D,PINK SWEETHEART BRACELET,0
2011-06-12,90200D,PINK SWEETHEART BRACELET,0
2011-06-13,90200D,PINK SWEETHEART BRACELET,6
2011-06-14,90200D,PINK SWEETHEART BRACELET,0
2011-06-15,90200D,PINK SWEETHEART BRACELET,0
2011-06-16,90200D,PINK SWEETHEART BRACELET,0
2011-06-17,90200D,PINK SWEETHEART BRACELET,0
2011-06-18,90200D,PINK SWEETHEART BRACELET,0
2011-06-19,90200D,PINK SWEETHEART BRACELET,0
2011-06-20,90200D,PINK SWEETHEART BRACELET,0
2011-06-21,90200D,PINK SWEETHEART BRACELET,0
2011-06-22,90200D,PINK SWEETHEART BRACELET,0
2011-06-23,90200D,PINK SWEETHEART BRACELET,0
2011-06-24,90200D,PINK SWEETHEART BRACELET,0
2011-06-25,90200D,PINK SWEETHEART BRACELET,0
2011-06-26,90200D,PINK SWEETHEART BRACELET,3
2011-06-27,90200D,PINK SWEETHEART BRACELET,0
2011-06-28,90200D,PINK SWEETHEART BRACELET,0
2011-06-29,90200D,PINK SWEETHEART BRACELET,0
2011-06-30,90200D,PINK SWEETHEART BRACELET,1
2011-07-01,90200D,PINK SWEETHEART BRACELET,0
2011-07-02,90200D,PINK SWEETHEART BRACELET,0
2011-07-03,90200D,PINK SWEETHEART BRACELET,0
2011-07-04,90200D,PINK SWEETHEART BRACELET,0
2011-07-05,90200D,PINK SWEETHEART BRACELET,2
2011-07-06,90200D,PINK SWEETHEART BRACELET,0
2011-07-07,90200D,PINK SWEETHEART BRACELET,0
2011-07-08,90200D,PINK SWEETHEART BRACELET,0
2011-07-09,90200D,PINK SWEETHEART BRACELET,0
2011-07-10,90200D,PINK SWEETHEART BRACELET,0
2011-07-11,90200D,PINK SWEETHEART BRACELET,0
2011-07-12,90200D,PINK SWEETHEART BRACELET,1
2011-07-13,90200D,PINK SWEETHEART BRACELET,0
2011-07-14,90200D,PINK SWEETHEART BRACELET,0
2011-07-15,90200D,PINK SWEETHEART BRACELET,0
2011-07-16,90200D,PINK SWEETHEART BRACELET,0
2011-07-17,90200D,PINK SWEETHEART BRACELET,0
2011-07-18,90200D,PINK SWEETHEART BRACELET,6
2011-07-19,90200D,PINK SWEETHEART BRACELET,0
2011-07-20,90200D,PINK SWEETHEART BRACELET,0
2011-07-21,90200D,PINK SWEETHEART BRACELET,0
2011-07-22,90200D,PINK SWEETHEART BRACELET,0
2011-07-23,90200D,PINK SWEETHEART BRACELET,0
2011-07-24,90200D,PINK SWEETHEART BRACELET,0
2011-07-25,90200D,PINK SWEETHEART BRACELET,0
2011-07-26,90200D,PINK SWEETHEART BRACELET,0
2011-07-27,90200D,PINK SWEETHEART BRACELET,0
2011-07-28,90200D,PINK SWEETHEART BRACELET,0
2011-07-29,90200D,PINK SWEETHEART BRACELET,0
2011-07-30,90200D,PINK SWEETHEART BRACELET,0
2011-07-31,90200D,PINK SWEETHEART BRACELET,0
2011-08-01,90200D,PINK SWEETHEART BRACELET,3
2011-08-02,90200D,PINK SWEETHEART BRACELET,0
2011-08-03,90200D,PINK SWEETHEART BRACELET,0
2011-08-04,90200D,PINK SWEETHEART BRACELET,0
2011-08-05,90200D,PINK SWEETHEART BRACELET,1
2011-08-06,90200D,PINK SWEETHEART BRACELET,0
2011-08-07,90200D,PINK SWEETHEART BRACELET,0
2011-08-08,90200D,PINK SWEETHEART BRACELET,0
2011-08-09,90200D,PINK SWEETHEART BRACELET,0
2011-08-10,90200D,PINK SWEETHEART BRACELET,0
2011-08-11,90200D,PINK SWEETHEART BRACELET,0
2011-08-12,90200D,PINK SWEETHEART BRACELET,0
2011-08-13,90200D,PINK SWEETHEART BRACELET,0
2011-08-14,90200D,PINK SWEETHEART BRACELET,0
2011-08-15,90200D,PINK SWEETHEART BRACELET,0
2011-08-16,90200D,PINK SWEETHEART BRACELET,0
2011-08-17,90200D,PINK SWEETHEART BRACELET,0
2011-08-18,90200D,PINK SWEETHEART BRACELET,0
2011-08-19,90200D,PINK SWEETHEART BRACELET,0
2011-08-20,90200D,PINK SWEETHEART BRACELET,0
2011-08-21,90200D,PINK SWEETHEART BRACELET,0
2011-08-22,90200D,PINK SWEETHEART BRACELET,0
2011-08-23,90200D,PINK SWEETHEART BRACELET,0
2011-08-24,90200D,PINK SWEETHEART BRACELET,2
2011-08-25,90200D,PINK SWEETHEART BRACELET,0
2011-08-26,90200D,PINK SWEETHEART BRACELET,0
2011-08-27,90200D,PINK SWEETHEART BRACELET,0
2011-08-28,90200D,PINK SWEETHEART BRACELET,0
2011-08-29,90200D,PINK SWEETHEART BRACELET,0
2011-08-30,90200D,PINK SWEETHEART BRACELET,0
2011-08-31,90200D,PINK SWEETHEART BRACELET,0
2011-09-01,90200D,PINK SWEETHEART BRACELET,0
2011-09-02,90200D,PINK SWEETHEART BRACELET,1
2011-09-03,90200D,PINK SWEETHEART BRACELET,0
2011-09-04,90200D,PINK SWEETHEART BRACELET,0
2011-09-05,90200D,PINK SWEETHEART BRACELET,0
2011-09-06,90200D,PINK SWEETHEART BRACELET,0
2011-09-07,90200D,PINK SWEETHEART BRACELET,2
2011-09-08,90200D,PINK SWEETHEART BRACELET,0
2011-09-09,90200D,PINK SWEETHEART BRACELET,1
2011-09-10,90200D,PINK SWEETHEART BRACELET,0
2011-09-11,90200D,PINK SWEETHEART BRACELET,0
2011-09-12,90200D,PINK SWEETHEART BRACELET,0
2011-09-13,90200D,PINK SWEETHEART BRACELET,0
2011-09-14,90200D,PINK SWEETHEART BRACELET,0
2011-09-15,90200D,PINK SWEETHEART BRACELET,0
2011-09-16,90200D,PINK SWEETHEART BRACELET,0
2011-09-17,90200D,PINK SWEETHEART BRACELET,0
2011-09-18,90200D,PINK SWEETHEART BRACELET,0
2011-09-19,90200D,PINK SWEETHEART BRACELET,0
2011-09-20,90200D,PINK SWEETHEART BRACELET,0
2011-09-21,90200D,PINK SWEETHEART BRACELET,0
2011-09-22,90200D,PINK SWEETHEART BRACELET,0
2011-09-23,90200D,PINK SWEETHEART BRACELET,1
2011-09-24,90200D,PINK SWEETHEART BRACELET,0
2011-09-25,90200D,PINK SWEETHEART BRACELET,0
2011-09-26,90200D,PINK SWEETHEART BRACELET,0
2011-09-27,90200D,PINK SWEETHEART BRACELET,0
2011-09-28,90200D,PINK SWEETHEART BRACELET,0
2011-09-29,90200D,PINK SWEETHEART BRACELET,0
2011-09-30,90200D,PINK SWEETHEART BRACELET,0
2011-10-01,90200D,PINK SWEETHEART BRACELET,0
2011-10-02,90200D,PINK SWEETHEART BRACELET,0
2011-10-03,90200D,PINK SWEETHEART BRACELET,0
2011-10-04,90200D,PINK SWEETHEART BRACELET,0
2011-10-05,90200D,PINK SWEETHEART BRACELET,1
2011-10-06,90200D,PINK SWEETHEART BRACELET,0
2011-10-07,90200D,PINK SWEETHEART BRACELET,0
2011-10-08,90200D,PINK SWEETHEART BRACELET,0
2011-10-09,90200D,PINK SWEETHEART BRACELET,0
2011-10-10,90200D,PINK SWEETHEART BRACELET,0
2011-10-11,90200D,PINK SWEETHEART BRACELET,24
2011-10-12,90200D,PINK SWEETHEART BRACELET,1
2011-10-13,90200D,PINK SWEETHEART BRACELET,0
2011-10-14,90200D,PINK SWEETHEART BRACELET,0
2011-10-15,90200D,PINK SWEETHEART BRACELET,0
2011-10-16,90200D,PINK SWEETHEART BRACELET,0
2011-10-17,90200D,PINK SWEETHEART BRACELET,0
2011-10-18,90200D,PINK SWEETHEART BRACELET,0
2011-10-19,90200D,PINK SWEETHEART BRACELET,2
2011-10-20,90200D,PINK SWEETHEART BRACELET,0
2011-10-21,90200D,PINK SWEETHEART BRACELET,0
2011-10-22,90200D,PINK SWEETHEART BRACELET,0
2011-10-23,90200D,PINK SWEETHEART BRACELET,0
2011-10-24,90200D,PINK SWEETHEART BRACELET,0
2011-10-25,90200D,PINK SWEETHEART BRACELET,2
2011-10-26,90200D,PINK SWEETHEART BRACELET,0
2011-10-27,90200D,PINK SWEETHEART BRACELET,3
2011-10-28,90200D,PINK SWEETHEART BRACELET,0
2011-10-29,90200D,PINK SWEETHEART BRACELET,0
2011-10-30,90200D,PINK SWEETHEART BRACELET,1
2011-10-31,90200D,PINK SWEETHEART BRACELET,0
2011-11-01,90200D,PINK SWEETHEART BRACELET,0
2011-11-02,90200D,PINK SWEETHEART BRACELET,1
2011-11-03,90200D,PINK SWEETHEART BRACELET,0
2011-11-04,90200D,PINK SWEETHEART BRACELET,0
2011-11-05,90200D,PINK SWEETHEART BRACELET,0
2011-11-06,90200D,PINK SWEETHEART BRACELET,0
2011-11-07,90200D,PINK SWEETHEART BRACELET,0
2011-11-08,90200D,PINK SWEETHEART BRACELET,0
2011-11-09,90200D,PINK SWEETHEART BRACELET,1
2011-11-10,90200D,PINK SWEETHEART BRACELET,0
